evse_id,station_name,street,city,postal_code,lat,lon,power_kw,power_type,amperage,voltage,plug_type,is_open_24h,renewable_energy,auth_mode
CH*CCI*E22078,SIG CERN Esplanade des Particules,SIG CERN Esplanade des Particules,Meyrin,1217,46.23432,6.055602,22.0,AC_3_PHASE,32,230,Type 2 Outlet,True,False,NFC RFID Classic
CH*CCI*E22076,SIG CERN Esplanade des Particules,SIG CERN Esplanade des Particules,Meyrin,1217,46.23432,6.055602,22.0,AC_3_PHASE,32,230,Type 2 Outlet,True,False,NFC RFID Classic
CH*CCI*E22079,SIG CERN Esplanade des Particules,SIG CERN Esplanade des Particules,Meyrin,1217,46.23432,6.055602,22.0,AC_3_PHASE,32,230,Type 2 Outlet,True,False,NFC RFID Classic
CH*CCC*E50084,MOVE - La Côte Jura,La Côte/A1 nord,Bursins,1183,46.446593,6.297621,224.0,DC,560,400,CCS Combo 2 Plug (Cable Attached),True,False,NFC RFID Classic
CH*CCI*E22077,SIG CERN Esplanade des Particules,SIG CERN Esplanade des Particules,Meyrin,1217,46.23432,6.055602,22.0,AC_3_PHASE,32,230,Type 2 Outlet,True,False,NFC RFID Classic
CH*CCI*E22075,SIG CERN Esplanade des Particules,SIG CERN Esplanade des Particules,Meyrin,1217,46.23432,6.055602,22.0,AC_3_PHASE,32,230,Type 2 Outlet,True,False,NFC RFID Classic
CH*CCC*E50085,MOVE - La Côte Jura,La Côte/A1 nord,Bursins,1183,46.446593,6.297621,100.0,DC,250,400,CHAdeMO,True,False,NFC RFID Classic
CH*CCC*E50086,MOVE - La Côte Jura,La Côte/A1 nord,Bursins,1183,46.446593,6.297621,150.0,DC,375,400,CCS Combo 2 Plug (Cable Attached),True,False,NFC RFID Classic
CH*CCI*E22057,MOVE -  Aire de repos La Biolaz,Aire de repos La Biolaz / Uvrier,Sion,1950,46.243337,7.40439,225.0,DC,563,400,CCS Combo 2 Plug (Cable Attached),True,False,NFC RFID Classic
CH*CCC*E50087,MOVE - La Côte Jura,La Côte/A1 nord,Bursins,1183,46.446593,6.297621,100.0,DC,250,400,CHAdeMO,True,False,NFC RFID Classic
CH*CCI*E22056,MOVE -  Aire de repos La Biolaz,Aire de repos La Biolaz / Uvrier,Sion,1950,46.243337,7.40439,225.0,DC,563,400,CCS Combo 2 Plug (Cable Attached),True,False,NFC RFID Classic
CH*CCC*E50080,MOVE - Therwil Reinacherstrasse 2,Reinacherstrasse 2,Therwil,4106,47.498072,7.558353,50.0,DC,125,400,CCS Combo 2 Plug (Cable Attached),True,False,NFC RFID Classic
CH*CCI*E22058,SIG PLO Parking du Vélodrome,Chemin de Champ-Joly 2,Plan-les-Ouates,1228,46.169531,6.113294,22.0,AC_3_PHASE,32,230,Type 2 Outlet,True,False,NFC RFID Classic
CH*CCI*E22054,MOVE -  Aire de repos La Biolaz,Aire de repos La Biolaz / Uvrier,Sion,1950,46.243337,7.40439,225.0,DC,563,400,CCS Combo 2 Plug (Cable Attached),True,False,NFC RFID Classic
CH*CCI*E22055,MOVE -  Aire de repos La Biolaz,Aire de repos La Biolaz / Uvrier,Sion,1950,46.243337,7.40439,225.0,DC,563,400,CCS Combo 2 Plug (Cable Attached),True,False,NFC RFID Classic
CH*CCI*E22059,SIG PLO Parking du Vélodrome,Chemin de Champ-Joly 2,Plan-les-Ouates,1228,46.169531,6.113294,22.0,AC_3_PHASE,32,230,Type 2 Outlet,True,False,NFC RFID Classic
CH*CCI*E22051,MOVE -  Aire de repos La Biolaz,Aire de repos La Biolaz / Uvrier,Sion,1950,46.243337,7.40439,225.0,DC,563,400,CCS Combo 2 Plug (Cable Attached),True,False,NFC RFID Classic
CH*CCI*E22052,MOVE -  Aire de repos La Biolaz,Aire de repos La Biolaz / Uvrier,Sion,1950,46.243337,7.40439,90.0,DC,225,400,CHAdeMO,True,False,NFC RFID Classic
CH*CCI*E22053,MOVE -  Aire de repos La Biolaz,Aire de repos La Biolaz / Uvrier,Sion,1950,46.243337,7.40439,225.0,DC,563,400,CCS Combo 2 Plug (Cable Attached),True,False,NFC RFID Classic
CH*CCC*E50099,MOVE -  Infrapark Baselland,Rothausstrasse 61,Muttenz,4132,47.533117,7.665238,22.0,AC_3_PHASE,32,230,Type 2 Outlet,True,False,NFC RFID Classic
CH*CCC*E50098,MOVE -  Infrapark Baselland,Rothausstrasse 61,Muttenz,4132,47.533117,7.665238,22.0,AC_3_PHASE,32,230,Type 2 Outlet,True,False,NFC RFID Classic
CH*CCI*E22048,1,Klosterplatz 2,Mariastein,41115,47.4745,7.4897,22.0,AC_3_PHASE,32,230,Type 2 Outlet,True,False,NFC RFID Classic
CH*CCI*E21190,SIG Franchises 34 Vieussieux,Route des Franchises 34,Genève,1203,46.213455,6.120516,22.0,AC_3_PHASE,32,230,Type 2 Outlet,True,False,NFC RFID Classic
CH*CCI*E21195,SIG Etang Parking D 8.2,Avenue de l'Etang,Le Lignon,1219,46.217406,6.104485,22.0,AC_3_PHASE,32,230,Type 2 Outlet,True,False,NFC RFID Classic
CH*CCI*E21196,SIG Etang Parking D 8.2,Avenue de l'Etang,Le Lignon,1219,46.217406,6.104485,22.0,AC_3_PHASE,32,230,Type 2 Outlet,True,False,NFC RFID Classic
CH*CCI*E21193,SIG Etang Parking D 8.2,Avenue de l'Etang,Le Lignon,1219,46.217406,6.104485,22.0,AC_3_PHASE,32,230,Type 2 Outlet,True,False,NFC RFID Classic
CH*CCI*E21199,MOVE-Gemeindparkplatz Wattwil,Grüenaustrasse 7,Wattwil,9630,47.30309,9.08445,22.0,AC_3_PHASE,32,230,Type 2 Outlet,True,False,NFC RFID Classic
CH*CCI*E22040,4,Klosterplatz 2,Mariastein,41115,47.4745,7.4897,22.0,AC_3_PHASE,32,230,Type 2 Outlet,True,False,NFC RFID Classic
CH*CCI*E22099,SIG Villette Employés,Avenue de Thônex 105,Thônex,1226,50.0,-15.0,22.0,AC_3_PHASE,32,230,Type 2 Outlet,True,False,NFC RFID Classic
CH*CCI*E22098,SIG Villette Employés,Avenue de Thônex 105,Thônex,1226,50.0,-15.0,22.0,AC_3_PHASE,32,230,Type 2 Outlet,True,False,NFC RFID Classic
CH*CCI*EBB*4861*0,MOVE - Peseux NE Rue Ernest-Roulet 4,Rue Ernest-Roulet 4,Peseux NE,2034,46.9856,6.8877,22.0,AC_3_PHASE,32,230,Type 2 Outlet,True,False,NFC RFID Classic
CH*MMN*E00160,Plug@work -> Hydroconcept SA,Chemin de Richardaz 1,Mex,1031,46.576586,6.570562,22.0,AC_3_PHASE,32,230,Type 2 Outlet,True,False,NFC RFID Classic
CH*CCI*E22093,MOVE - Tiefgarage Gemeindehaus,Bergstrasse 90,Uetikon am See,8707,47.262894,8.67795,22.0,AC_3_PHASE,32,230,Type 2 Outlet,True,False,NFC RFID Classic
CH*CCI*E22097,SIG PLO Parking du Vélodrome,Chemin de Champ-Joly 2,Plan-les-Ouates,1228,46.169531,6.113294,22.0,AC_3_PHASE,32,230,Type 2 Outlet,True,False,NFC RFID Classic
CH*CCI*E22096,SIG PLO Parking du Vélodrome,Chemin de Champ-Joly 2,Plan-les-Ouates,1228,46.169531,6.113294,22.0,AC_3_PHASE,32,230,Type 2 Outlet,True,False,NFC RFID Classic
CH*CCI*E22094,MOVE - Tiefgarage Gemeindehaus,Bergstrasse 90,Uetikon am See,8707,47.262894,8.67795,22.0,AC_3_PHASE,32,230,Type 2 Outlet,True,False,NFC RFID Classic
CH*CCI*E22095,SIG PLO Parking du Vélodrome,Chemin de Champ-Joly 2,Plan-les-Ouates,1228,46.169531,6.113294,22.0,AC_3_PHASE,32,230,Type 2 Outlet,True,False,NFC RFID Classic
CH*CCI*E22087,Eli10 - Borne de recharge Ecotap - Rte des Clos,Route des Clos 76,Milvignes,2012,46.978362,6.883731,22.0,AC_3_PHASE,32,230,Type 2 Outlet,True,False,NFC RFID Classic
CH*CCI*E21194,SIG Etang Parking D 8.2,Avenue de l'Etang,Le Lignon,1219,46.217406,6.104485,22.0,AC_3_PHASE,32,230,Type 2 Outlet,True,False,NFC RFID Classic
CH*CCI*E22081,SIG Presinge,Route de Presinge 116,Presinge,1243,46.218695,6.253948,11.0,AC_3_PHASE,16,230,Type 2 Outlet,True,False,NFC RFID Classic
CH*CCI*E22086,Eli10 - Borne de recharge Ecotap - Rte des Clos,Route des Clos 76,Milvignes,2012,46.978362,6.883731,22.0,AC_3_PHASE,32,230,Type 2 Outlet,True,False,NFC RFID Classic
CH*MMN*E00145,Charging Station MOVE Mobility SA myNet,Chemin du Flonzel 59,La Conversion,1093,46.514331,6.674741,11.0,AC_3_PHASE,16,230,Type 2 Outlet,True,False,NFC RFID Classic
CH*CCI*E22090,MOVE - Münchenbuchsee Oberdorfstasse 10,Oberdorfstasse 10,Münchenbuchsee,3053,47.021257,7.447762,11.0,AC_3_PHASE,16,230,Type 2 Outlet,True,False,NFC RFID Classic
CH*CCI*E22082,Eli10 - Borne Ecotap CPNE,Chemin des Longues Raies 11,Milvignes,2013,46.962996,6.867419,22.0,AC_3_PHASE,32,230,Type 2 Outlet,True,False,NFC RFID Classic
CH*CCC*EBU*8610*3,MOVE - Energie Uster,Seeweg 6,Uster,8610,47.345614,8.695548,20.0,DC,50,400,CCS Combo 2 Plug (Cable Attached),True,False,NFC RFID Classic
CH*CCC*E50023,MOVE - A12 Restoroute de la Gruyère,Le Restoroute 174a / Autoroute A12,Avry-devant-Pont,1644,46.682833,7.086911,50.0,DC,125,400,CHAdeMO,True,False,NFC RFID Classic
CH*CCI*E22089,MOVE - Münchenbuchsee Oberdorfstasse 10,Oberdorfstasse 10,Münchenbuchsee,3053,47.021257,7.447762,11.0,AC_3_PHASE,16,230,Type 2 Outlet,True,False,NFC RFID Classic
CH*CCI*E20736,Neudorf-Center,Rorschacher Strasse 286,St. Gallen,9016,47.44319,9.41551,11.0,AC_3_PHASE,16,230,Type 2 Outlet,True,False,NFC RFID Classic
CH*CCI*E22080,SIG Presinge,Route de Presinge 116,Presinge,1243,46.218695,6.253948,11.0,AC_3_PHASE,16,230,Type 2 Outlet,True,False,NFC RFID Classic
CH*CCI*E20732,Hotel Eastside,Langgasse 151,St. Gallen,9008,47.44874,9.39761,11.0,AC_3_PHASE,16,230,Type 2 Outlet,True,False,NFC RFID Classic
CH*CCC*E50024,MOVE - Therwil Reinacherstrasse 2,Reinacherstrasse 2,Therwil,4106,47.498072,7.558353,44.0,AC_3_PHASE,64,230,Type 2 Outlet,True,False,NFC RFID Classic
CH*CCC*EBU*8610*2,MOVE - Energie Uster,Seeweg 6,Uster,8610,47.345614,8.695548,20.0,DC,50,400,CHAdeMO,True,False,NFC RFID Classic
CH*CCI*E22083,Eli10 - Borne Ecotap CPNE,Chemin des Longues Raies 11,Milvignes,2013,46.962996,6.867419,22.0,AC_3_PHASE,32,230,Type 2 Outlet,True,False,NFC RFID Classic
CH*CCI*E20734,Neudorf-Center,Rorschacher Strasse 286,St. Gallen,9016,47.44319,9.41551,11.0,AC_3_PHASE,16,230,Type 2 Outlet,True,False,NFC RFID Classic
CH*CCC*E50025,MOVE - Coop Breitenbach,Grubenweg,Breitenbach,4226,47.407058,7.542336,43.0,AC_3_PHASE,62,230,Type 2 Outlet,True,False,NFC RFID Classic
CH*CCI*E20735,Neudorf-Center,Rorschacher Strasse 286,St. Gallen,9016,47.44319,9.41551,11.0,AC_3_PHASE,16,230,Type 2 Outlet,True,False,NFC RFID Classic
CH*CCC*EBU*8610*1,MOVE - Energie Uster,Seeweg 6,Uster,8610,47.345614,8.695548,22.0,AC_3_PHASE,32,230,Type 2 Outlet,True,False,NFC RFID Classic
CH*CCI*E20731,Hotel Eastside,Langgasse 151,St. Gallen,9008,47.44874,9.39761,11.0,AC_3_PHASE,16,230,Type 2 Outlet,True,False,NFC RFID Classic
CH*CCC*E50022,MOVE - A12 Restoroute de la Gruyère,Le Restoroute 174a / Autoroute A12,Avry-devant-Pont,1644,46.682833,7.086911,50.0,DC,125,400,CCS Combo 2 Plug (Cable Attached),True,False,NFC RFID Classic
CH*CCI*E20733,Neudorf-Center,Rorschacher Strasse 286,St. Gallen,9016,47.44319,9.41551,11.0,AC_3_PHASE,16,230,Type 2 Outlet,True,False,NFC RFID Classic
CH*CCI*E20738,Neudorf-Center,Rorschacher Strasse 286,St. Gallen,9016,47.44319,9.41551,11.0,AC_3_PHASE,16,230,Type 2 Outlet,True,False,NFC RFID Classic
CH*CCC*E50019,MOVE - Kambly Trubschachen,Mühlestrasse 8,Trubschachen,3555,46.920211,7.849946,50.0,DC,125,400,CHAdeMO,True,False,NFC RFID Classic
CH*CCC*E50021,MOVE - A12 Restoroute de la Gruyère,Le Restoroute 174a / Autoroute A12,Avry-devant-Pont,1644,46.682833,7.086911,50.0,DC,125,400,CHAdeMO,True,False,NFC RFID Classic
CH*CCI*E20737,Neudorf-Center,Rorschacher Strasse 286,St. Gallen,9016,47.44319,9.41551,11.0,AC_3_PHASE,16,230,Type 2 Outlet,True,False,NFC RFID Classic
CH*CCC*E50499,MOVE - Aigle parking Chevron 1,Av. du Cloître,Aigle,1860,46.317123,6.970914,24.0,DC,60,400,CCS Combo 2 Plug (Cable Attached),True,False,NFC RFID Classic
CH*CCC*E50015,MOVE - Raststätte Neuenkirch A2 Ost,Raststätte Neuenkirch A2 Ost / Autobahn A2 ,Rothenburg,6023,47.113187,8.231497,50.0,DC,125,400,CHAdeMO,True,False,NFC RFID Classic
CH*CCC*E50031,MOVE - Kambly Trubschachen,Mühlestrasse 8,Trubschachen,3555,46.920211,7.849946,50.0,DC,125,400,CCS Combo 2 Plug (Cable Attached),True,False,NFC RFID Classic
CH*CCC*E50016,MOVE - Raststätte Neuenkirch A2 Ost,Raststätte Neuenkirch A2 Ost / Autobahn A2 ,Rothenburg,6023,47.113187,8.231497,50.0,DC,125,400,CCS Combo 2 Plug (Cable Attached),True,False,NFC RFID Classic
CH*CCI*E20725,MOVE - Elektra Hergiswil,Chrüzmatte,Hergiswil bei Willisau,6133,47.085341,7.956758,22.0,AC_3_PHASE,32,230,Type 2 Outlet,True,False,NFC RFID Classic
CH*CCC*E50032,MOVE - Kambly Trubschachen,Mühlestrasse 8,Trubschachen,3555,46.920211,7.849946,22.0,AC_3_PHASE,32,230,Type 2 Outlet,True,False,NFC RFID Classic
CH*CCC*E50027,MOVE - Coop Breitenbach,Grubenweg,Breitenbach,4226,47.407058,7.542336,29.0,DC,125,230,CHAdeMO,True,False,NFC RFID Classic
CH*CCI*E20717,MOVE - Parkhaus Westpark,Westpark Pfingstweidstrasse 60/60B,Zürich,8005,47.38993,8.51403,22.0,AC_3_PHASE,32,230,Type 2 Outlet,True,False,NFC RFID Classic
CH*CCI*E20718,MOVE - Parkhaus Westpark,Westpark Pfingstweidstrasse 60/60b,Zürich,8005,47.38993,8.51403,22.0,AC_3_PHASE,32,230,Type 2 Outlet,True,False,NFC RFID Classic
CH*CCC*E50029,MOVE - Coop Breitenbach,Grubenweg,Breitenbach,4226,47.407058,7.542336,29.0,DC,125,230,CCS Combo 2 Plug (Cable Attached),True,False,NFC RFID Classic
CH*CCI*E20726,MOVE - Elektra Hergiswil,Chrüzmatte,Hergiswil bei Willisau,6133,47.085341,7.956758,22.0,AC_3_PHASE,32,230,Type 2 Outlet,True,False,NFC RFID Classic
CH*CCI*E20710,Port de Saint-Blaise 1,Rue du Port,St. Blaise,2072,47.010969,6.986885,22.0,AC_3_PHASE,32,230,Type 2 Outlet,True,False,NFC RFID Classic
CH*CCC*E50484,MOVE - Fribourg Grand-Places 16,Grand-Places 16,Fribourg,1700,46.802222,7.153333,22.0,AC_3_PHASE,32,230,Type 2 Outlet,True,False,NFC RFID Classic
CH*CCC*E50001,MOVE - Lully Restauroute Rose de la Broye,Restauroute Rose de la Broye,Lully,1470,46.831906,6.858031,150.0,DC,375,400,CCS Combo 2 Plug (Cable Attached),True,False,NFC RFID Classic
CH*CCC*E50480,MOVE - Rastplatz Ardon Nord,Rastplatz Ardon Nord Autobahn,Ardon,1957,46.197027,7.253799,175.0,DC,437,400,CCS Combo 2 Plug (Cable Attached),True,False,NFC RFID Classic
CH*CCC*E50002,MOVE - Lully Restauroute Rose de la Broye,Restauroute Rose de la Broye,Lully,1470,46.831906,6.858031,80.0,DC,200,400,CHAdeMO,True,False,NFC RFID Classic
CH*CCC*E50003,MOVE - A1 Restoroute Lully,Restauroute Rose de la Broye,Lully,1470,46.831906,6.858031,150.0,DC,375,400,CCS Combo 2 Plug (Cable Attached),True,False,NFC RFID Classic
CH*CCC*EBT*2542*1,MOVE - A5 SOCAR Pieterlen,SOCAR Autobahnraststätte Pieterlen A5,Pieterlen,2542,47.16885,7.3513,22.0,AC_3_PHASE,32,230,Type 2 Outlet,True,False,NFC RFID Classic
CH*CCC*E50481,MOVE - Fribourg Rue de l`Hôpital 2,Rue de l'Hôpital 2,Fribourg,1700,46.805903,7.153618,22.0,AC_3_PHASE,32,230,Type 2 Outlet,True,False,NFC RFID Classic
CH*CCC*E50483,MOVE - Fribourg Grand-Places 16,Grand-Places 16,Fribourg,1700,46.802222,7.153333,22.0,AC_3_PHASE,32,230,Type 2 Outlet,True,False,NFC RFID Classic
CH*CCI*E20707,SIG Stand Gazomètres,Rue des Gazomètres 397,Genève,1205,50.0,-15.0,22.0,AC_3_PHASE,32,230,Type 2 Outlet,True,False,NFC RFID Classic
CH*CCC*EBT*2542*2,MOVE - A5 SOCAR Pieterlen,SOCAR Autobahnraststätte Pieterlen A5,Pieterlen,2542,47.16885,7.3513,50.0,DC,125,400,CHAdeMO,True,False,NFC RFID Classic
CH*CCC*EBT*2542*3,MOVE - A5 SOCAR Pieterlen,SOCAR Autobahnraststätte Pieterlen A5,Pieterlen,2542,47.16885,7.3513,50.0,DC,125,400,CCS Combo 2 Plug (Cable Attached),True,False,NFC RFID Classic
CH*CCI*E20706,SIG Stand Gazomètres,Rue des Gazomètres 397,Genève,1205,50.0,-15.0,22.0,AC_3_PHASE,32,230,Type 2 Outlet,True,False,NFC RFID Classic
CH*CCI*E20709,Port de Saint-Blaise 1,Rue du Port,St. Blaise,2072,47.010969,6.986885,22.0,AC_3_PHASE,32,230,Type 2 Outlet,True,False,NFC RFID Classic
CH*CCC*E50477,MOVE - Rastplatz Ardon Süd,Rastplatz Ardon Süd,Ardon,1957,46.200218,7.259124,175.0,DC,437,400,CCS Combo 2 Plug (Cable Attached),True,False,NFC RFID Classic
CH*CCC*E50011,MOVE - Raststätte Neuenkirch A2 Ost,Raststätte Neuenkirch A2 Ost / Autobahn A2,Rothenburg,6023,47.113187,8.231497,22.0,AC_3_PHASE,32,230,Type 2 Outlet,True,False,NFC RFID Classic
CH*CCC*E50478,MOVE - Rastplatz Ardon Süd,Rastplatz Ardon Süd,Ardon,1957,46.200218,7.259124,175.0,DC,437,400,CCS Combo 2 Plug (Cable Attached),True,False,NFC RFID Classic
CH*CCI*E20708,SIG Stand Gazomètres,Rue des Gazomètres 397,Genève,1205,50.0,-15.0,22.0,AC_3_PHASE,32,230,Type 2 Outlet,True,False,NFC RFID Classic
CH*CCC*E50479,MOVE - Rastplatz Ardon Nord,Rastplatz Ardon Nord Autobahn,Ardon,1957,46.197027,7.253799,175.0,DC,437,400,CCS Combo 2 Plug (Cable Attached),True,False,NFC RFID Classic
CH*CCC*E50012,MOVE - Raststätte Neuenkirch A2 Ost,Raststätte Neuenkirch A2 Ost / Autobahn A2,Rothenburg,6023,47.113187,8.231497,50.0,DC,125,400,CCS Combo 2 Plug (Cable Attached),True,False,NFC RFID Classic
CH*CCC*E50013,MOVE - Raststätte Neuenkirch A2 Ost,Raststätte Neuenkirch A2 Ost / Autobahn A2,Rothenburg,6023,47.113187,8.231497,50.0,DC,125,400,CHAdeMO,True,False,NFC RFID Classic
CH*CCC*E50014,MOVE - Raststätte Neuenkirch A2 Ost,Raststätte Neuenkirch A2 Ost / Autobahn A2 ,Rothenburg,6023,47.113187,8.231497,22.0,AC_3_PHASE,32,230,Type 2 Outlet,True,False,NFC RFID Classic
CH*CCI*E20701,Parkgarage Raiffeisen,Schochengasse 5,St. Gallen,9001,47.42126,9.37254,11.0,AC_3_PHASE,16,230,Type 2 Outlet,True,False,NFC RFID Classic
CH*CCI*E20705,SIG Stand Gazomètres,Rue des Gazomètres 397,Genève,1205,50.0,-15.0,22.0,AC_3_PHASE,32,230,Type 2 Outlet,True,False,NFC RFID Classic
CH*CCI*E20703,Regio Energie Solothurn - HB Solothurn,Luzernstrasse  Parkplatz Bahnhof,Solothurn,4500,47.204808,7.545425,22.0,AC_3_PHASE,32,230,Type 2 Outlet,True,False,NFC RFID Classic
CH*CCI*E21623,MOVE - Inselspital - Neues Anna Seiler Haus,Freiburgstrasse 20,Bern,3010,46.94677,7.42442,11.0,AC_3_PHASE,16,230,Type 2 Outlet,True,False,NFC RFID Classic
CH*CCI*E20704,Regio Energie Solothurn - HB Solothurn,Luzernstrasse  Parkplatz Bahnhof,Solothurn,4500,47.204808,7.545425,22.0,AC_3_PHASE,32,230,Type 2 Outlet,True,False,NFC RFID Classic
CH*CCI*E20776,Jean Gallay,Chemin du Pont du Centenaire,Plan-les-Ouates,1228,50.0,-15.0,22.0,AC_3_PHASE,32,230,Type 2 Outlet,True,False,NFC RFID Classic
CH*CCC*E50004,MOVE - A1 Restoroute Lully,Restauroute Rose de la Broye,Lully,1470,46.831906,6.858031,80.0,DC,200,400,CHAdeMO,True,False,NFC RFID Classic
CH*CCC*E50066,MOVE - Raststätte Kempthal,A1 Raststätte Kempthal,Lindau (Kempthal),8310,47.449056,8.700147,50.0,DC,125,400,CHAdeMO,True,False,NFC RFID Classic
CH*CCI*E21622,Ostmobil - Parkplatz Sumvoi,Sumvoi,Lantsch/Lenz,7083,46.68315,9.56232,22.0,AC_3_PHASE,32,230,Type 2 Outlet,True,False,NFC RFID Classic
CH*CCC*E50067,MOVE - Rastätte Kempthal,A1 Rastätte Kempthal 1,Lindau (Kempthal),8310,47.449056,8.700147,22.0,AC_3_PHASE,32,230,Type 2 Outlet,True,False,NFC RFID Classic
CH*CCI*E21625,MOVE - Inselspital - Neues Anna Seiler Haus,Freiburgstrasse 20,Bern,3010,46.94677,7.42442,11.0,AC_3_PHASE,16,230,Type 2 Outlet,True,False,NFC RFID Classic
CH*CCI*E21624,MOVE - Inselspital - Neues Anna Seiler Haus,Freiburgstrasse 20,Bern,3010,46.94677,7.42442,11.0,AC_3_PHASE,16,230,Type 2 Outlet,True,False,NFC RFID Classic
CH*CCC*E50068,MOVE - Rastätte Kempthal,A1 Rastätte Kempthal 1,Lindau (Kempthal),8310,47.449056,8.700147,50.0,DC,125,400,CCS Combo 2 Plug (Cable Attached),True,False,NFC RFID Classic
CH*CCI*E21627,MOVE - Inselspital - Neues Anna Seiler Haus,Freiburgstrasse 20,Bern,3010,46.94677,7.42442,11.0,AC_3_PHASE,16,230,Type 2 Outlet,True,False,NFC RFID Classic
CH*CCC*E50069,MOVE - Rastätte Kempthal,A1 Rastätte Kempthal 1,Lindau (Kempthal),8310,47.449056,8.700147,50.0,DC,125,400,CHAdeMO,True,False,NFC RFID Classic
CH*CCI*E21626,MOVE - Inselspital - Neues Anna Seiler Haus,Freiburgstrasse 20,Bern,3010,46.94677,7.42442,11.0,AC_3_PHASE,16,230,Type 2 Outlet,True,False,NFC RFID Classic
CH*CCC*E50064,MOVE - Raststätte Kempthal,A1 Raststätte Kempthal,Lindau (Kempthal),8310,47.449056,8.700147,22.0,AC_3_PHASE,32,230,Type 2 Outlet,True,False,NFC RFID Classic
CH*CCI*E20770,MOVE - Parkplatz Brüggmatte,Rawilstrasse 20b,Lenk,3775,46.457339,7.441547,11.0,AC_3_PHASE,16,230,Type 2 Outlet,True,False,NFC RFID Classic
CH*CCC*E50065,MOVE - Raststätte Kempthal,A1 Raststätte Kempthal,Lindau (Kempthal),8310,47.449056,8.700147,50.0,DC,125,400,CCS Combo 2 Plug (Cable Attached),True,False,NFC RFID Classic
CH*CCI*E21629,Primeo Energie - Gemeinde Spreitenbach,Bahnhofstrasse 2,Spreitenbach,8957,47.419445,8.367208,22.0,AC_3_PHASE,32,230,Type 2 Outlet,True,False,NFC RFID Classic
CH*CCI*E21628,MOVE - Inselspital - Neues Anna Seiler Haus,Freiburgstrasse 20,Bern,3010,46.94677,7.42442,11.0,AC_3_PHASE,16,230,Type 2 Outlet,True,False,NFC RFID Classic
CH*CCI*E20772,SIG Balexert Parking P2,Avenue Louis-Casaï 27,Vernier,1214,46.218466,6.112292,22.0,AC_3_PHASE,32,230,Type 2 Outlet,True,False,NFC RFID Classic
CH*CCI*E21621,MOVE - Sonceboz-Sombeval Rue du Collèg 4,Rue du Collège 4,Sonceboz-Sombeval,2605,47.196591,7.178103,22.0,AC_3_PHASE,32,230,Type 2 Outlet,True,False,NFC RFID Classic
CH*CCI*E21620,MOVE - Sonceboz-Sombeval Rue du Collèg 4,Rue du Collège 4,Sonceboz-Sombeval,2605,47.196591,7.178103,22.0,AC_3_PHASE,32,230,Type 2 Outlet,True,False,NFC RFID Classic
CH*CCI*E20771,SIG Balexert Parking P2,Avenue Louis-Casaï 27,Vernier,1214,46.218466,6.112292,22.0,AC_3_PHASE,32,230,Type 2 Outlet,True,False,NFC RFID Classic
CH*CCC*E50059,MOVE - A12 Restoroute de la Gruyère,Le Restoroute 174a / Autoroute A12,Avry-devant-Pont,1644,46.682833,7.086911,22.0,AC_3_PHASE,32,230,Type 2 Outlet,True,False,NFC RFID Classic
CH*CCI*E20773,SIG Balexert Parking P2,Avenue Louis-Casaï 27,Vernier,1214,46.218466,6.112292,22.0,AC_3_PHASE,32,230,Type 2 Outlet,True,False,NFC RFID Classic
CH*CCC*E50079,MOVE - Therwil Reinacherstrasse 2,Reinacherstrasse 2,Therwil,4106,47.498072,7.558353,50.0,DC,125,400,CHAdeMO,True,False,NFC RFID Classic
CH*CCC*E50078,MOVE - ELI10 Boudry,Route du Perreux 8,Boudry,2017,46.944404,6.823914,50.0,DC,125,400,CCS Combo 2 Plug (Cable Attached),True,False,NFC RFID Classic
CH*CCC*E50077,MOVE - ELI10 Boudry,Route du Perreux 8,Boudry,2017,46.944404,6.823914,50.0,DC,125,400,CHAdeMO,True,False,NFC RFID Classic
CH*CCI*E20769,MOVE - Parkplatz Brüggmatte,Rawilstrasse 20b,Lenk,3775,46.457339,7.441547,11.0,AC_3_PHASE,16,230,Type 2 Outlet,True,False,NFC RFID Classic
CH*CCI*E21614,MOVE - Télécabine Charmey,Charrières 3,Charmey,1637,46.618413,7.168821,22.0,AC_3_PHASE,32,230,Type 2 Outlet,True,False,NFC RFID Classic
CH*CCC*E50073,MOVE - Raststätte Heidiland,Raststätte A13 Heidiland,Maienfeld,7304,47.011542,9.512752,22.0,AC_3_PHASE,32,230,Type 2 Outlet,True,False,NFC RFID Classic
CH*CCI*E21615,MOVE - Télécabine Charmey,Charrières 3,Charmey,1637,46.618413,7.168821,22.0,AC_3_PHASE,32,230,Type 2 Outlet,True,False,NFC RFID Classic
CH*CCC*E50074,MOVE - Raststätte Heidiland,Raststätte A13 Heidiland,Maienfeld,7304,47.011542,9.512752,50.0,DC,125,400,CCS Combo 2 Plug (Cable Attached),True,False,NFC RFID Classic
CH*CCI*E21618,MOVE - Port de Chevroux,Avenue du Port,Chevroux,1545,46.89444,6.90143,22.0,AC_3_PHASE,32,230,Type 2 Outlet,True,False,NFC RFID Classic
CH*CCC*E50075,MOVE - Raststätte Heidiland,Raststätte A13 Heidiland,Maienfeld,7304,47.011542,9.512752,50.0,DC,125,400,CHAdeMO,True,False,NFC RFID Classic
CH*CCI*E21617,MOVE - Port de Chevroux,Avenue du Port,Chevroux,1545,46.89444,6.90143,22.0,AC_3_PHASE,32,230,Type 2 Outlet,True,False,NFC RFID Classic
CH*CCC*E50076,MOVE - ELI10 Boudry,Route du Perreux 8,Boudry,2017,46.944404,6.823914,22.0,AC_3_PHASE,32,230,Type 2 Outlet,True,False,NFC RFID Classic
CH*CCC*E50070,MOVE - Maienfeld Raststätte A13 Heidiland,Raststätte A13 Heidiland,Maienfeld,7304,47.011542,9.512752,22.0,AC_3_PHASE,32,230,Type 2 Outlet,True,False,NFC RFID Classic
CH*CCC*E50071,MOVE - Maienfeld Raststätte A13 Heidiland,Raststätte A13 Heidiland,Maienfeld,7304,47.011542,9.512752,50.0,DC,125,400,CCS Combo 2 Plug (Cable Attached),True,False,NFC RFID Classic
CH*CCI*E20760,MOVE - Garage Robert SA,Route de Boudry 11,Cortaillod,2016,46.946563,6.835189,22.0,AC_3_PHASE,32,230,Type 2 Outlet,True,False,NFC RFID Classic
CH*CCC*E50072,MOVE - Maienfeld Raststätte A13 Heidiland,Raststätte A13 Heidiland,Maienfeld,7304,47.011542,9.512752,50.0,DC,125,400,CHAdeMO,True,False,NFC RFID Classic
CH*CCI*E20754,MOVE - Parkplatz Dulezi,Via Alpsu 68,Sedrun,7188,46.679034,8.77255,22.0,AC_3_PHASE,32,230,Type 2 Outlet,True,False,NFC RFID Classic
CH*CCC*E50044,MOVE - A2 Gotthardraststätte West,A2 Gotthardraststätte West,Schattdorf,6467,46.846514,8.632299,22.0,AC_3_PHASE,32,230,Type 2 Outlet,True,False,NFC RFID Classic
CH*CCI*E20753,MOVE - Parkplatz Dulezi,Via Alpsu 68,Sedrun,7188,46.679034,8.77255,22.0,AC_3_PHASE,32,230,Type 2 Outlet,True,False,NFC RFID Classic
CH*CCI*E20756,MOVE - Parkplatz Bahnhof Sedrun,Via Alpsu 68,Sedrun,7188,46.680946,8.769149,22.0,AC_3_PHASE,32,230,Type 2 Outlet,True,False,NFC RFID Classic
CH*CCC*E50045,MOVE - A2 Gotthardraststätte West,A2 Gotthardraststätte West,Schattdorf,6467,46.846514,8.632299,50.0,DC,125,400,CHAdeMO,True,False,NFC RFID Classic
CH*CCC*EBS*1763*1,MOVE - Groupe E Granges Paccot,Route de Morat 135,Granges-Paccot,1763,46.823068,7.149427,22.0,AC_3_PHASE,32,230,Type 2 Outlet,True,False,NFC RFID Classic
CH*CCI*E21600,Sportanlagen Balgach,Sportplatzstrasse 2,Balgach,9436,47.402069,9.612475,22.0,AC_3_PHASE,32,230,Type 2 Outlet,True,False,NFC RFID Classic
CH*CCC*EBS*1763*2,MOVE - Groupe E Granges Paccot,Route de Morat 135,Granges-Paccot,1763,46.823068,7.149427,50.0,DC,125,400,CHAdeMO,True,False,NFC RFID Classic
CH*CCC*E50046,MOVE - A2 Gotthardraststätte West,A2 Gotthardraststätte West,Schattdorf,6467,46.846514,8.632299,50.0,DC,125,400,CCS Combo 2 Plug (Cable Attached),True,False,NFC RFID Classic
CH*CCI*E22041,MOVE - Frenkendorf Coop Tankstelle  ABB Terra 184,Rheinstrasse 113D,Frenkendorf,4402,47.512511,7.719072,104.0,DC,450,230,CCS Combo 2 Plug (Cable Attached),True,False,NFC RFID Classic
CH*CCI*E22042,MOVE - Frenkendorf Coop Tankstelle  ABB Terra 184,Rheinstrasse 113D,Frenkendorf,4402,47.512511,7.719072,104.0,DC,450,230,CCS Combo 2 Plug (Cable Attached),True,False,NFC RFID Classic
CH*CCI*E22045,Primeo Energie - Felix Transport AG,Talstrasse 47,Arlesheim,4144,47.498344,7.608649,22.0,AC_3_PHASE,32,230,Type 2 Outlet,True,False,NFC RFID Classic
CH*CCI*E22046,Primeo Energie - Felix Transport AG,Talstrasse 47,Arlesheim,4144,47.498344,7.608649,22.0,AC_3_PHASE,32,230,Type 2 Outlet,True,False,NFC RFID Classic
CH*CCI*E22043,Primeo Energie - Felix Transport AG,Talstrasse 47,Arlesheim,4144,47.498344,7.608649,22.0,AC_3_PHASE,32,230,Type 2 Outlet,True,False,NFC RFID Classic
CH*CCI*E22044,Primeo Energie - Felix Transport AG,Talstrasse 47,Arlesheim,4144,47.498344,7.608649,22.0,AC_3_PHASE,32,230,Type 2 Outlet,True,False,NFC RFID Classic
CH*CCI*E22047,Primeo Energie - Felix Transport AG,Talstrasse 47,Arlesheim,4144,47.498344,7.608649,22.0,AC_3_PHASE,32,230,Type 2 Outlet,True,False,NFC RFID Classic
CH*SOC*E5106*1A,SOCAR Küsnacht,"Küsnacht, Seestrasse 139",Küsnacht,8700,47.316842,8.579888,150.0,DC,375,400,CCS Combo 2 Plug (Cable Attached),True,False,NFC RFID Classic
CH*SOC*E5106*1B,SOCAR Küsnacht,"Küsnacht, Seestrasse 139",Küsnacht,8700,47.316842,8.579888,150.0,DC,375,400,CCS Combo 2 Plug (Cable Attached),True,False,NFC RFID Classic
CH*CCI*E22900,Breitacher 3 LS R,Breitacher 3,Saland,8493,47.39103,8.85102,22.0,AC_3_PHASE,32,230,Type 2 Outlet,True,False,NFC RFID Classic
CH*SOC*E5131*1A,SOCAR Wohlen,"Wohlen, Frohburgstrasse 1",Wohlen,5610,47.33875,8.27382,150.0,DC,375,400,CCS Combo 2 Plug (Cable Attached),True,False,NFC RFID Classic
CH*SOC*E5131*1B,SOCAR Wohlen,"Wohlen, Frohburgstrasse 1",Wohlen,5610,47.33875,8.27382,150.0,DC,375,400,CCS Combo 2 Plug (Cable Attached),True,False,NFC RFID Classic
CH*SOC*E5593*2A,SOCAR Chölfeld,SOCAR Rastplatz Chölfeld,Utzenstorf,3427,47.114982,7.578051,225.0,DC,563,400,CCS Combo 2 Plug (Cable Attached),True,False,NFC RFID Classic
CH*SOC*E5593*2B,SOCAR Chölfeld,SOCAR Rastplatz Chölfeld,Utzenstorf,3427,47.114982,7.578051,225.0,DC,563,400,CCS Combo 2 Plug (Cable Attached),True,False,NFC RFID Classic
CH*SOC*E5593*2C,SOCAR Chölfeld,SOCAR Rastplatz Chölfeld,Utzenstorf,3427,47.114982,7.578051,50.0,DC,125,400,CHAdeMO,True,False,NFC RFID Classic
CH*SOC*E5593*1A,SOCAR Chölfeld,SOCAR Rastplatz Chölfeld,Utzenstorf,3427,47.114982,7.578051,225.0,DC,563,400,CCS Combo 2 Plug (Cable Attached),True,False,NFC RFID Classic
CH*SOC*E5593*1B,SOCAR Chölfeld,SOCAR Rastplatz Chölfeld,Utzenstorf,3427,47.114982,7.578051,225.0,DC,563,400,CCS Combo 2 Plug (Cable Attached),True,False,NFC RFID Classic
CH*SOC*E5126*5A,SOCAR Kölliken Nord,SOCAR Raststätte Kölliken,Kölliken,5742,47.330132,8.029941,200.0,DC,500,400,CCS Combo 2 Plug (Cable Attached),True,False,NFC RFID Classic
CH*SOC*E5126*5B,SOCAR Kölliken Nord,SOCAR Raststätte Kölliken,Kölliken,5742,47.330132,8.029941,200.0,DC,500,400,CCS Combo 2 Plug (Cable Attached),True,False,NFC RFID Classic
CH*CCI*E22901,Carrosserie d'Ursy SA,Chemin des Terraux 5,Ursy,1670,46.628129,6.827465,11.0,AC_3_PHASE,16,230,Type 2 Outlet,True,False,NFC RFID Classic
CH*CCI*E22933,Rapide,Avenue du Chamossaire 7,Aigle,1860,46.31675,6.968479,100.0,DC,250,400,CCS Combo 2 Plug (Cable Attached),True,False,NFC RFID Classic
CH*CCI*E22939,MOVE - Bahnhof Escholzmatt,Bahnhofstrasse 16,Escholzmatt,6182,46.914875,7.936285,22.0,AC_3_PHASE,32,230,Type 2 Outlet,True,False,NFC RFID Classic
CH*CCI*E22955,MOVE - Rastplatz Glooten Nord (1/2),Rastplatz Glooten Nord,Iseltwald,3807,46.720369,7.989007,400.0,DC,1000,400,CCS Combo 2 Plug (Cable Attached),True,False,NFC RFID Classic
CH*CCI*E22956,MOVE - Rastplatz Glooten Nord (1/2),Rastplatz Glooten Nord,Iseltwald,3807,46.720369,7.989007,400.0,DC,1000,400,CCS Combo 2 Plug (Cable Attached),True,False,NFC RFID Classic
CH*CCI*E22953,Station EST,Grand-Rue 76,Malleray,2735,47.238947,7.266283,22.0,AC_3_PHASE,32,230,Type 2 Outlet,True,False,NFC RFID Classic
CH*CCI*E22954,Station CENTRE,Grand-Rue 76,Malleray,2735,47.238947,7.266283,22.0,AC_3_PHASE,32,230,Type 2 Outlet,True,False,NFC RFID Classic
CH*CCI*E22959,MOVE - Rastplatz Glooten Nord (2/2),Rastplatz Glooten Nord,Iseltwald,3807,46.720369,7.989007,400.0,DC,1000,400,CCS Combo 2 Plug (Cable Attached),True,False,NFC RFID Classic
CH*CCI*E22957,MOVE - Rastplatz Glooten Nord (1/2),Rastplatz Glooten Nord,Iseltwald,3807,46.720369,7.989007,75.0,DC,188,400,CHAdeMO,True,False,NFC RFID Classic
CH*CCI*E22958,MOVE - Rastplatz Glooten Nord (2/2),Rastplatz Glooten Nord,Iseltwald,3807,46.720369,7.989007,400.0,DC,1000,400,CCS Combo 2 Plug (Cable Attached),True,False,NFC RFID Classic
CH*CCI*E22952,Station OUEST,Grand-Rue 76,Malleray,2735,47.238947,7.266283,22.0,AC_3_PHASE,32,230,Type 2 Outlet,True,False,NFC RFID Classic
CH*CCI*E22063,2_206,Gessnerallee 14,Zürich,8001,47.375245,8.535116,22.0,AC_3_PHASE,32,230,Type 2 Outlet,True,False,NFC RFID Classic
CH*CCI*E22064,2_205,Gessnerallee 14,Zürich,8001,47.375245,8.535116,22.0,AC_3_PHASE,32,230,Type 2 Outlet,True,False,NFC RFID Classic
CH*CCI*E22061,2_211,Gessnerallee 14,Zürich,8001,47.375245,8.535116,22.0,AC_3_PHASE,32,230,Type 2 Outlet,True,False,NFC RFID Classic
CH*CCI*E22062,2_209,Gessnerallee 14,Zürich,8001,47.375245,8.535116,22.0,AC_3_PHASE,32,230,Type 2 Outlet,True,False,NFC RFID Classic
CH*SOC*E5593*4A,SOCAR Chölfeld,SOCAR Rastplatz Chölfeld,Utzenstorf,3427,47.114982,7.578051,400.0,DC,1000,400,CCS Combo 2 Plug (Cable Attached),True,False,NFC RFID Classic
CH*SOC*E5593*4B,SOCAR Chölfeld,SOCAR Rastplatz Chölfeld,Utzenstorf,3427,47.114982,7.578051,400.0,DC,1000,400,CCS Combo 2 Plug (Cable Attached),True,False,NFC RFID Classic
CH*SOC*E5593*3B,SOCAR Chölfeld,SOCAR Rastplatz Chölfeld,Utzenstorf,3427,47.114982,7.578051,400.0,DC,1000,400,CCS Combo 2 Plug (Cable Attached),True,False,NFC RFID Classic
CH*SOC*E5593*3A,SOCAR Chölfeld,SOCAR Rastplatz Chölfeld,Utzenstorf,3427,47.114982,7.578051,400.0,DC,1000,400,CCS Combo 2 Plug (Cable Attached),True,False,NFC RFID Classic
CH*CCI*E22932,Rapide,Avenue du Chamossaire 7,Aigle,1860,46.31675,6.968479,100.0,DC,250,400,CCS Combo 2 Plug (Cable Attached),True,False,NFC RFID Classic
CH*CCI*E20755,MOVE - Parkplatz Bahnhof Sedrun,Via Alpsu 68,Sedrun,7188,46.680946,8.769149,22.0,AC_3_PHASE,32,230,Type 2 Outlet,True,False,NFC RFID Classic
CH*CCC*E50047,MOVE - A2 Gotthardraststätte Ost,A2 Gotthardraststätte Ost,Schattdorf,6467,46.847858,8.633193,22.0,AC_3_PHASE,32,230,Type 2 Outlet,True,False,NFC RFID Classic
CH*CCI*E20758,MOVE Apoll'otz Yverdon 2,Le Bey 21,Yverdon-les-Bains,1400,46.792379,6.627483,22.0,AC_3_PHASE,32,230,Type 2 Outlet,True,False,NFC RFID Classic
CH*CCI*E22934,Borne ABB,Chemin des Lieugex 4,Aigle,1860,46.319832,6.960674,24.0,DC,60,400,CCS Combo 2 Plug (Cable Attached),True,False,NFC RFID Classic
CH*CCI*E22944,ewb - Wankdorf Parkplatz - zugänglich 17.00 - 8.00,Papiermühlestrasse,Bern,3014,46.963821,7.466938,11.0,AC_3_PHASE,16,230,Type 2 Outlet,True,False,NFC RFID Classic
CH*CCI*E22943,ewb - Wankdorf Parkplatz - zugänglich 17.00 - 8.00,Papiermühlestrasse,Bern,3014,46.963821,7.466938,11.0,AC_3_PHASE,16,230,Type 2 Outlet,True,False,NFC RFID Classic
CH*CCI*E22945,BEKB Liebefeld,Kohlenweg,Liebefeld,3097,46.93144,7.42002,11.0,AC_3_PHASE,16,230,Type 2 Outlet,True,False,NFC RFID Classic
CH*CCC*E50040,MOVE - Kambly Trubschachen,Mühlestrasse 8,Trubschachen,3555,46.920211,7.849946,24.0,DC,60,400,CCS Combo 2 Plug (Cable Attached),True,False,NFC RFID Classic
CH*CCI*E20757,MOVE Apoll'otz Yverdon 1,Le Bey 21,Yverdon-les-Bains,1400,46.792379,6.627483,22.0,AC_3_PHASE,32,230,Type 2 Outlet,True,False,NFC RFID Classic
CH*CCI*E22935,Borne ABB,Chemin des Lieugex 4,Aigle,1860,46.319832,6.960674,24.0,DC,60,400,CHAdeMO,True,False,NFC RFID Classic
CH*CCC*EBS*1763*3,MOVE - Groupe E Granges Paccot,Route de Morat 135,Granges-Paccot,1763,46.823068,7.149427,50.0,DC,125,400,CCS Combo 2 Plug (Cable Attached),True,False,NFC RFID Classic
CH*CCI*E20759,MOVE - Garage Robert SA,Route de Boudry 11,Cortaillod,2016,46.946563,6.835189,22.0,AC_3_PHASE,32,230,Type 2 Outlet,True,False,NFC RFID Classic
CH*CCI*E22936,Carlton Hotel Move,Via Johannes Badrutt 11,Sankt Moritz,7500,46.499769,9.846699,11.0,AC_3_PHASE,16,230,Type 2 Connector (Cable Attached),True,False,NFC RFID Classic
CH*CCI*E20750,MOVE - City Parking Zürich,Gessnerallee 14,Zürich,8001,47.375245,8.535116,11.0,AC_3_PHASE,16,230,Type 2 Outlet,True,False,NFC RFID Classic
CH*CCI*E20752,MOVE  - Parkplatz Dulezi,Via Alpsu  68,Sedrun,7188,46.679034,8.77255,22.0,AC_3_PHASE,32,230,Type 2 Outlet,True,False,NFC RFID Classic
CH*CCI*E20751,MOVE  - Parkplatz Dulezi,Via Alpsu  68,Sedrun,7188,46.679034,8.77255,22.0,AC_3_PHASE,32,230,Type 2 Outlet,True,False,NFC RFID Classic
CH*CCC*E50037,MOVE - Schwarzenbach Wiler Strasse 25,Wiler Strasse 25,Schwarzenbach,9536,47.443885,9.069679,11.0,AC_3_PHASE,16,230,Type 2 Outlet,True,False,NFC RFID Classic
CH*CCC*E50039,MOVE - Kambly Trubschachen,Mühlestrasse 8,Trubschachen,3555,46.920211,7.849946,24.0,DC,60,400,CCS Combo 2 Plug (Cable Attached),True,False,NFC RFID Classic
CH*CCC*E50055,MOVE - ewb Mobilcity,Wölflistrasse 5,Bern,3006,46.965814,7.475599,50.0,DC,125,400,CCS Combo 2 Plug (Cable Attached),True,False,NFC RFID Classic
CH*CCC*E50056,MOVE - Swiss Heidi Hotel,Werkhofstrasse 1,Maienfeld,7304,47.003321,9.526667,22.0,AC_3_PHASE,32,230,Type 2 Outlet,True,False,NFC RFID Classic
CH*CCC*E50057,MOVE - Swiss Heidi Hotel,Werkhofstrasse 1,Maienfeld,7304,47.003321,9.526667,50.0,DC,125,400,CHAdeMO,True,False,NFC RFID Classic
CH*CCC*E50058,MOVE - Swiss Heidi Hotel,Werkhofstrasse 1,Maienfeld,7304,47.003321,9.526667,50.0,DC,125,400,CCS Combo 2 Plug (Cable Attached),True,False,NFC RFID Classic
CH*CCI*E20747,MOVE - City Parking Zürich,Gessnerallee 14,Zürich,8001,47.375245,8.535116,11.0,AC_3_PHASE,16,230,Type 2 Outlet,True,False,NFC RFID Classic
CH*CCC*E50051,MOVE - A2 Gotthardraststätte Ost,A2 Gotthardraststätte Ost,Schattdorf,6467,46.847858,8.633193,50.0,DC,125,400,CHAdeMO,True,False,NFC RFID Classic
CH*CCC*E50052,MOVE - A2 Gotthardraststätte Ost,A2 Gotthardraststätte Ost,Schattdorf,6467,46.847858,8.633193,50.0,DC,125,400,CCS Combo 2 Plug (Cable Attached),True,False,NFC RFID Classic
CH*CCI*E20749,MOVE - City Parking Zürich,Gessnerallee 14,Zürich,8001,47.375245,8.535116,11.0,AC_3_PHASE,16,230,Type 2 Outlet,True,False,NFC RFID Classic
CH*CCC*E50053,MOVE - ewb Mobilcity,Wölflistrasse 5,Bern,3006,46.965814,7.475599,22.0,AC_3_PHASE,32,230,Type 2 Outlet,True,False,NFC RFID Classic
CH*CCI*E20748,MOVE - City Parking Zürich,Gessnerallee 14,Zürich,8001,47.375245,8.535116,11.0,AC_3_PHASE,16,230,Type 2 Outlet,True,False,NFC RFID Classic
CH*CCC*E50054,MOVE - ewb Mobilcity,Wölflistrasse 5,Bern,3006,46.965814,7.475599,50.0,DC,125,400,CHAdeMO,True,False,NFC RFID Classic
CH*CCC*EBT*8611*1,MOVE - Schulweg Uster,Schulweg,Uster,8610,47.347072,8.715591,22.0,AC_3_PHASE,32,230,Type 2 Outlet,True,False,NFC RFID Classic
CH*CCC*EBT*8611*2,MOVE - Schulweg Uster,Schulweg,Uster,8610,47.347072,8.715591,20.0,DC,50,400,CHAdeMO,True,False,NFC RFID Classic
CH*CCC*EBT*8611*3,MOVE - Schulweg Uster,Schulweg,Uster,8610,47.347072,8.715591,20.0,DC,50,400,CCS Combo 2 Plug (Cable Attached),True,False,NFC RFID Classic
CH*CCC*E50050,MOVE - A2 Gotthardraststätte Ost,A2 Gotthardraststätte Ost,Schattdorf,6467,46.847858,8.633193,22.0,AC_3_PHASE,32,230,Type 2 Outlet,True,False,NFC RFID Classic
CH*CCI*E20740,Neudorf-Center,Rorschacher Strasse 286,St. Gallen,9016,47.44319,9.41551,11.0,AC_3_PHASE,16,230,Type 2 Outlet,True,False,NFC RFID Classic
CH*CCI*E20739,Neudorf-Center,Rorschacher Strasse 286,St. Gallen,9016,47.44319,9.41551,11.0,AC_3_PHASE,16,230,Type 2 Outlet,True,False,NFC RFID Classic
CH*CCC*E50048,MOVE - A2 Gotthardraststätte Ost,A2 Gotthardraststätte Ost,Schattdorf,6467,46.847858,8.633193,50.0,DC,125,400,CHAdeMO,True,False,NFC RFID Classic
CH*CCC*E50049,MOVE - A2 Gotthardraststätte Ost,A2 Gotthardraststätte Ost,Schattdorf,6467,46.847858,8.633193,50.0,DC,125,400,CCS Combo 2 Plug (Cable Attached),True,False,NFC RFID Classic
CH*CCI*E20699,SIG Versoix Bordier,Place Bordier,Versoix,1290,46.2849,6.16616,22.0,AC_3_PHASE,32,230,Type 2 Outlet,True,False,NFC RFID Classic
CH*CCI*E20698,SIG Versoix Bordier,Place Bordier,Versoix,1290,46.2849,6.16616,22.0,AC_3_PHASE,32,230,Type 2 Outlet,True,False,NFC RFID Classic
CH*CCI*E22876,ABB-MIBAG OE-87T,Elias-Canetti-Strasse 7,Zürich,8050,47.41148,8.540526,50.0,DC,125,400,CHAdeMO,True,False,NFC RFID Classic
CH*CCI*E20217,MOVE - Casino barrière - Montreux,Rue du Théâtre 9,Montreux,1820,46.429444,6.912222,24.0,DC,60,400,CCS Combo 2 Plug (Cable Attached),True,False,NFC RFID Classic
CH*SOC*E5585*2B,SOCAR St-Prex Lac 2,SOCAR Rastplatz Saint-Prex Lac,Saint-Prex,1162,46.480738,6.434645,400.0,DC,1000,400,CCS Combo 2 Plug (Cable Attached),True,False,NFC RFID Classic
CH*CCI*E21549,MOVE - Attalens,Rue du Château 1,Attalens,1616,46.509347,6.848659,22.0,AC_3_PHASE,32,230,Type 2 Outlet,True,False,NFC RFID Classic
CH*CCI*E22870,Prise 1,Route d'Oberried 6,Montévraz,1724,46.747093,7.178864,22.0,AC_3_PHASE,32,230,Type 2 Outlet,True,False,NFC RFID Classic
CH*CCI*E20691,SIG Versoix Colombières,Parking Colombières,Versoix,1290,46.280143,6.160972,22.0,AC_3_PHASE,32,230,Type 2 Outlet,True,False,NFC RFID Classic
CH*CCI*E22871,Prise 2,Route d'Oberried 6,Montévraz,1724,46.747093,7.178864,22.0,AC_3_PHASE,32,230,Type 2 Outlet,True,False,NFC RFID Classic
CH*CCI*E21540,MOVE - Fribourg Passage du Cardinal 1,Passage du Cardinal 1,Fribourg,1700,46.798101,7.147405,11.0,AC_3_PHASE,16,230,Type 2 Outlet,True,False,NFC RFID Classic
CH*SOC*E5597*1A,SOCAR Motto 1,SOCAR Rastplatz Motto,Cadenazzo,6599,46.144361,8.945967,400.0,DC,1000,400,CCS Combo 2 Plug (Cable Attached),True,False,NFC RFID Classic
CH*CCI*E20692,SIG Versoix Colombières,Parking Colombières,Versoix,1290,46.280143,6.160972,22.0,AC_3_PHASE,32,230,Type 2 Outlet,True,False,NFC RFID Classic
CH*CCI*E21512,SIG Lignon Jura Employés,Chemin du Château-Bloch 2,Le Lignon,1219,46.206992,6.102381,22.0,AC_3_PHASE,32,230,Type 2 Outlet,True,False,NFC RFID Classic
CH*CCI*E22846,MOVE - LANDI Altstätten,Oberrieterstrasse 87,Altstätten,9450,47.36375,9.555458,22.0,AC_3_PHASE,32,230,Type 2 Outlet,True,False,NFC RFID Classic
CH*CCI*E21515,SIG Lignon Jura Employés,Chemin du Château-Bloch 2,Le Lignon,1219,46.206992,6.102381,22.0,AC_3_PHASE,32,230,Type 2 Outlet,True,False,NFC RFID Classic
CH*CCI*E21999,Fussballplatz Tägerwilen,ARA-Strasse 31,Tägerwilen,8274,47.655916,9.144504,22.0,AC_3_PHASE,32,230,Type 2 Outlet,True,False,NFC RFID Classic
CH*CCI*E21998,"LS Blau Zelglistrasse, Olten",Zelglistrasse,Olten,4600,47.3448,7.9155,22.0,AC_3_PHASE,32,230,Type 2 Outlet,True,False,NFC RFID Classic
CH*CCI*E21514,SIG Lignon Jura Employés,Chemin du Château-Bloch 2,Le Lignon,1219,46.206992,6.102381,22.0,AC_3_PHASE,32,230,Type 2 Outlet,True,False,NFC RFID Classic
CH*CCI*E22844,MOVE - LANDI Altstätten,Oberrieterstrasse 87,Altstätten,9450,47.36375,9.555458,150.0,DC,375,400,CCS Combo 2 Plug (Cable Attached),True,False,NFC RFID Classic
CH*CCC*E50410,Raiffeisenbank St. Margrethen,Grenzstrasse 3,St. Margrethen,9430,47.452281,9.634339,50.0,DC,125,400,CHAdeMO,True,False,NFC RFID Classic
CH*CCI*E22849,"MOVE Bahnhofstrasse 15, 6037 Root",Bahnhofstrasse 15,Root,6037,47.11744,8.391621,11.0,AC_3_PHASE,16,230,Type 2 Outlet,True,False,NFC RFID Classic
CH*CCI*E21517,SIG Lignon Jura Employés,Chemin du Château-Bloch 2,Le Lignon,1219,46.206992,6.102381,22.0,AC_3_PHASE,32,230,Type 2 Outlet,True,False,NFC RFID Classic
CH*CCI*E21516,SIG Lignon Jura Employés,Chemin du Château-Bloch 2,Le Lignon,1219,46.206992,6.102381,22.0,AC_3_PHASE,32,230,Type 2 Outlet,True,False,NFC RFID Classic
CH*CCI*E21519,SIG Lignon Jura Employés,Chemin du Château-Bloch 2,Le Lignon,1219,46.206992,6.102381,22.0,AC_3_PHASE,32,230,Type 2 Outlet,True,False,NFC RFID Classic
CH*CCI*E22848,"MOVE Bahnhofstrasse 15, 6037 Root",Bahnhofstrasse 15,Root,6037,47.11744,8.391621,11.0,AC_3_PHASE,16,230,Type 2 Outlet,True,False,NFC RFID Classic
CH*CCI*E21518,SIG Lignon Jura Employés,Chemin du Château-Bloch 2,Le Lignon,1219,46.206992,6.102381,22.0,AC_3_PHASE,32,230,Type 2 Outlet,True,False,NFC RFID Classic
CH*CCI*E21990,Ladestation 2 (ECK5QXJS),Breitenaustrasse 117,Schaffhausen,8200,47.70423,8.62308,11.0,AC_3_PHASE,16,230,Type 2 Outlet,True,False,NFC RFID Classic
CH*CCI*E22841,Borne 50kW - Salle du Forestay,Chemin du Signal 2,Puidoux,1070,46.48948,6.76836,50.0,DC,125,400,CCS Combo 2 Plug (Cable Attached),True,False,NFC RFID Classic
CH*CCI*E20662,Raiffeisen Neukirch,Amriswilerstrasse 2a,Neukirch,9315,47.529191,9.369385,22.0,AC_3_PHASE,32,230,Type 2 Outlet,True,False,NFC RFID Classic
CH*CCI*E20661,Raiffeisen Neukirch,Amriswilerstrasse 2a,Neukirch,9315,47.529191,9.369385,22.0,AC_3_PHASE,32,230,Type 2 Outlet,True,False,NFC RFID Classic
CH*CCI*E22840,Borne 50kW - Salle du Forestay,Chemin du Signal 2,Puidoux,1070,46.48948,6.76836,50.0,DC,125,400,CCS Combo 2 Plug (Cable Attached),True,False,NFC RFID Classic
CH*CCC*E50408,Gemeindehaus Tägerwilen,Bahnhofstrasse 3,Tägerwilen,8274,47.656626,9.131779,20.0,AC_3_PHASE,29,230,Type 2 Outlet,True,False,NFC RFID Classic
CH*CCC*E50409,Raiffeisenbank St. Margrethen,Grenzstrasse 3,St. Margrethen,9430,47.452281,9.634339,22.0,AC_3_PHASE,32,230,Type 2 Outlet,True,False,NFC RFID Classic
CH*CCI*E21509,MOVE - Parking des Nations GE,Rue de Varembé 2,Genève,1202,46.221181,6.13901,11.0,AC_3_PHASE,16,230,Type 2 Outlet,True,False,NFC RFID Classic
CH*CCC*E50406,Gemeindehaus Tägerwilen,Bahnhofstrasse 3,Tägerwilen,8274,47.656626,9.131779,20.0,DC,50,400,CCS Combo 2 Plug (Cable Attached),True,False,NFC RFID Classic
CH*CCC*E50407,Gemeindehaus Tägerwilen,Bahnhofstrasse 3,Tägerwilen,8274,47.656626,9.131779,20.0,DC,50,400,CHAdeMO,True,False,NFC RFID Classic
CH*CCC*E50400,Technische Betriebe Wil TBW DC-Station,Speerstrasse 10,Wil,9500,47.461443,9.046131,20.0,DC,50,400,CCS Combo 2 Plug (Cable Attached),True,False,NFC RFID Classic
CH*CCC*E50401,Technische Betriebe Wil TBW DC-Station,Speerstrasse 10,Wil,9500,47.461443,9.046131,20.0,DC,50,400,CHAdeMO,True,False,NFC RFID Classic
CH*CCC*E50402,Technische Betriebe Wil TBW DC-Station,Speerstrasse 10,Wil,9500,47.461443,9.046131,20.0,AC_3_PHASE,29,230,Type 2 Outlet,True,False,NFC RFID Classic
CH*CCI*E22438,SIG Step d'Aïre Public,Chemin de la Verseuse 17,Vernier,1219,46.196858,6.090746,22.0,AC_3_PHASE,32,230,Type 2 Outlet,True,False,NFC RFID Classic
CH*CCI*E20259,MOVE -  Ettingen Bahnweg,Bahnweg,Ettingen,4107,47.484055,7.546415,22.0,AC_3_PHASE,32,230,Type 2 Outlet,True,False,NFC RFID Classic
CH*CCI*E21106,MOVE ewb - Wankdorf Center,Papiermühlestrasse 85,Bern,3014,46.963458,7.466318,11.0,AC_3_PHASE,16,230,Type 2 Outlet,True,False,NFC RFID Classic
CH*CCI*E22439,SIG Versoix Bordier DC200,Place Bordier,Versoix,1290,46.285506,6.166152,100.0,DC,250,400,CCS Combo 2 Plug (Cable Attached),True,False,NFC RFID Classic
CH*CCI*E20258,MOVE -  Ettingen Bahnweg,Bahnweg,Ettingen,4107,47.484055,7.546415,22.0,AC_3_PHASE,32,230,Type 2 Outlet,True,False,NFC RFID Classic
CH*CCI*E21105,MOVE ewb - Wankdorf Center,Papiermühlestrasse 85,Bern,3014,46.963458,7.466318,11.0,AC_3_PHASE,16,230,Type 2 Outlet,True,False,NFC RFID Classic
CH*CCI*E22436,SIG Satigny Maison-Carrée,Route de la Maison-Carrée,Satigny,1242,46.20027,6.058841,22.0,AC_3_PHASE,32,230,Type 2 Outlet,True,False,NFC RFID Classic
CH*CCI*E21108,SIG Etang Parking Fabrique,Avenue de l'Etang 55,Le Lignon,1219,46.216,6.104699,22.0,AC_3_PHASE,32,230,Type 2 Outlet,True,False,NFC RFID Classic
CH*CCI*E22437,SIG Step d'Aïre Public,Chemin de la Verseuse 17,Vernier,1219,46.196858,6.090746,22.0,AC_3_PHASE,32,230,Type 2 Outlet,True,False,NFC RFID Classic
CH*CCI*E21107,MOVE ewb - Wankdorf Center,Papiermühlestrasse 85,Bern,3014,46.963458,7.466318,11.0,AC_3_PHASE,16,230,Type 2 Outlet,True,False,NFC RFID Classic
CH*CCI*E22874,ABB-MIBAG OE-87T,Elias-Canetti-Strasse 7,Zürich,8050,47.41148,8.540526,50.0,DC,125,400,CCS Combo 2 Plug (Cable Attached),True,False,NFC RFID Classic
CH*CCI*E21542,MOVE - Bossonnens Route des Biolley 1,Route des Biolley 1,Bossonnens,1615,46.527227,6.851713,11.0,AC_3_PHASE,16,230,Type 2 Outlet,True,False,NFC RFID Classic
CH*CCI*E20695,SIG Versoix Centre Sportif,Route de l'Etraz 201,Versoix,1290,46.295433,6.156189,22.0,AC_3_PHASE,32,230,Type 2 Outlet,True,False,NFC RFID Classic
CH*CCI*E22875,ABB-MIBAG OE-87T,Elias-Canetti-Strasse 7,Zürich,8050,47.41148,8.540526,22.0,AC_3_PHASE,32,230,Type 2 Connector (Cable Attached),True,False,NFC RFID Classic
CH*CCI*E20694,SIG Versoix Centre Sportif,Route de l'Etraz 201,Versoix,1290,46.295433,6.156189,22.0,AC_3_PHASE,32,230,Type 2 Outlet,True,False,NFC RFID Classic
CH*CCI*E22872,Prise 3,Route d'Oberried 6,Montévraz,1724,46.747093,7.178864,22.0,AC_3_PHASE,32,230,Type 2 Outlet,True,False,NFC RFID Classic
CH*CCI*E20697,SIG Versoix Bordier,Place Bordier,Versoix,1290,46.2849,6.16616,22.0,AC_3_PHASE,32,230,Type 2 Outlet,True,False,NFC RFID Classic
CH*CCI*E22873,Prise 4,Route d'Oberried 6,Montévraz,1724,46.747093,7.178864,22.0,AC_3_PHASE,32,230,Type 2 Outlet,True,False,NFC RFID Classic
CH*CCI*E21543,MOVE - Bossonnens Route des Biolley 1,Route des Biolley 1,Bossonnens,1615,46.527227,6.851713,11.0,AC_3_PHASE,16,230,Type 2 Outlet,True,False,NFC RFID Classic
CH*CCI*E20696,SIG Versoix Bordier,Place Bordier,Versoix,1290,46.2849,6.16616,22.0,AC_3_PHASE,32,230,Type 2 Outlet,True,False,NFC RFID Classic
CH*SOC*E5115*1B,SOCAR Tankstelle Schaffhausen,"Schaffhausen, Grubenstrasse 80",Schaffhausen,8200,47.703041,8.645472,150.0,DC,375,400,CCS Combo 2 Plug (Cable Attached),True,False,NFC RFID Classic
CH*SOC*E5115*1A,SOCAR Tankstelle Schaffhausen,"Schaffhausen, Grubenstrasse 80",Schaffhausen,8200,47.703041,8.645472,150.0,DC,375,400,CCS Combo 2 Plug (Cable Attached),True,False,NFC RFID Classic
CH*CCC*E50415,"Empa, St.Gallen",Lerchenfeldstrasse 5,St. Gallen,9014,47.412367,9.341061,22.0,AC_3_PHASE,32,230,Type 2 Outlet,True,False,NFC RFID Classic
CH*CCC*E50416,"Empa, St.Gallen",Lerchenfeldstrasse 5,St. Gallen,9014,47.412367,9.341061,50.0,DC,125,400,CHAdeMO,True,False,NFC RFID Classic
CH*CCC*E50417,"Empa, St.Gallen",Lerchenfeldstrasse 5,St. Gallen,9014,47.412367,9.341061,50.0,DC,125,400,CCS Combo 2 Plug (Cable Attached),True,False,NFC RFID Classic
CH*CCC*E50411,Raiffeisenbank St. Margrethen,Grenzstrasse 3,St. Margrethen,9430,47.452281,9.634339,50.0,DC,125,400,CCS Combo 2 Plug (Cable Attached),True,False,NFC RFID Classic
CH*CCI*E22867,MOVE - Hotel Egerkingen,Oltnerstrasse 22,Egerkingen,4622,47.321851,7.796933,50.0,DC,125,400,CCS Combo 2 Plug (Cable Attached),True,False,NFC RFID Classic
CH*CCC*E50430,Plazza Rosatsch,Via Rosatsch 12,St. Moritz,7500,46.486079,9.836374,50.0,DC,125,400,CHAdeMO,True,False,NFC RFID Classic
CH*CCI*E20687,Schmid Garage AG,Kirchbergstrasse 36,Gähwil,9534,47.397221,9.006424,20.0,DC,50,400,CCS Combo 2 Plug (Cable Attached),True,False,NFC RFID Classic
CH*CCI*E22865,MOVE - Hotel Egerkingen,Oltnerstrasse 22,Egerkingen,4622,47.321851,7.796933,50.0,DC,125,400,CCS Combo 2 Plug (Cable Attached),True,False,NFC RFID Classic
CH*CCI*E21537,MOVE - Collombey-Muraz Chemin des Vergers 3,Chemin des Vergers 3,Collombey-Muraz,1868,46.26639,6.946904,11.0,AC_3_PHASE,16,230,Type 2 Outlet,True,False,NFC RFID Classic
CH*CCC*E50431,Plazza Rosatsch,Via Rosatsch 12,St. Moritz,7500,46.486079,9.836374,50.0,DC,125,400,CCS Combo 2 Plug (Cable Attached),True,False,NFC RFID Classic
CH*CCI*E22866,MOVE - Hotel Egerkingen,Oltnerstrasse 22,Egerkingen,4622,47.321851,7.796933,50.0,DC,125,400,CCS Combo 2 Plug (Cable Attached),True,False,NFC RFID Classic
CH*CCI*E21536,MOVE - Collombey-Muraz Chemin des Vergers 3,Chemin des Vergers 3,Collombey-Muraz,1868,46.26639,6.946904,11.0,AC_3_PHASE,16,230,Type 2 Outlet,True,False,NFC RFID Classic
CH*CCC*E50432,Parkplatz Bahnhof Buchs Süd,Bahnhofstrasse,Buchs,9470,47.167062,9.478932,22.0,AC_3_PHASE,32,230,Type 2 Outlet,True,False,NFC RFID Classic
CH*SOC*E5585*1B,SOCAR St-Prex Lac 1,SOCAR Rastplatz Saint-Prex Lac,Saint-Prex,1162,46.480738,6.434645,400.0,DC,1000,400,CCS Combo 2 Plug (Cable Attached),True,False,NFC RFID Classic
CH*CCI*E21539,MOVE - Courtelary Grand-Rue 21,Grand-Rue 21,Courtelary,2608,47.175944,7.063278,11.0,AC_3_PHASE,16,230,Type 2 Outlet,True,False,NFC RFID Classic
CH*SOC*E5585*1A,SOCAR St-Prex Lac 1,SOCAR Rastplatz Saint-Prex Lac,Saint-Prex,1162,46.480738,6.434645,400.0,DC,1000,400,CCS Combo 2 Plug (Cable Attached),True,False,NFC RFID Classic
CH*CCI*E21538,MOVE - Courtelary Grand-Rue 21,Grand-Rue 21,Courtelary,2608,47.175944,7.063278,11.0,AC_3_PHASE,16,230,Type 2 Outlet,True,False,NFC RFID Classic
CH*CCI*E22869,Aquavirat Droite,chemin de Grandval 141,Crémines,2746,47.285263,7.435598,11.0,AC_3_PHASE,16,230,Type 2 Outlet,True,False,NFC RFID Classic
CH*CCI*E22860,"Brunnadernstrasse 7 (Ladepunkt 1, links)",Brunnadernstrasse 7,Bern,3006,46.943091,7.461557,11.0,AC_3_PHASE,16,230,Type 2 Outlet,True,False,NFC RFID Classic
CH*CCI*E22863,MOVE - Hotel Egerkingen,Oltnerstrasse 22,Egerkingen,4622,47.321851,7.796933,50.0,DC,125,400,CCS Combo 2 Plug (Cable Attached),True,False,NFC RFID Classic
CH*CCI*E22864,MOVE - Hotel Egerkingen,Oltnerstrasse 22,Egerkingen,4622,47.321851,7.796933,50.0,DC,125,400,CCS Combo 2 Plug (Cable Attached),True,False,NFC RFID Classic
CH*CCI*E22861,"Brunnadernstrasse 7 (Ladepunkt 2, rechts)",Brunnadernstrasse 7,Bern,3006,46.943091,7.461557,11.0,AC_3_PHASE,16,230,Type 2 Outlet,True,False,NFC RFID Classic
CH*CCI*E21533,MOVE - Bussigny VD Rue de la Gare 23,Rue de la Gare 23,Bussigny VD,1030,46.549823,6.552096,11.0,AC_3_PHASE,16,230,Type 2 Outlet,True,False,NFC RFID Classic
CH*CCI*E20686,Schmid Garage AG,Kirchbergstrasse 36,Gähwil,9534,47.397221,9.006424,20.0,DC,50,400,CHAdeMO,True,False,NFC RFID Classic
CH*CCI*E22862,MOVE - Hotel Egerkingen,Oltnerstrasse 22,Egerkingen,4622,47.321851,7.796933,50.0,DC,125,400,CCS Combo 2 Plug (Cable Attached),True,False,NFC RFID Classic
CH*CCI*E21573,MOVE - Gland Avenue du Mont-Blanc 2,Avenue du Mont-Blanc 2,Gland,1196,46.423047,6.260077,11.0,AC_3_PHASE,16,230,Type 2 Outlet,True,False,NFC RFID Classic
CH*CCI*E22423,SIG Concorde,Rue Jean-Simonet 9,Le Lignon,1219,46.208705,6.110036,22.0,AC_3_PHASE,32,230,Type 2 Outlet,True,False,NFC RFID Classic
CH*CCI*E20244,MOVE -  Grindel,Hauptstrasse 19,Grindel,4247,47.381589,7.501756,22.0,AC_3_PHASE,32,230,Type 2 Outlet,True,False,NFC RFID Classic
CH*CCI*E21574,MOVE - Châtel-St-Denis Place d'Armes,Place d'Armes 22,Châtel-Saint-Denis,1618,46.52728,6.900305,11.0,AC_3_PHASE,16,230,Type 2 Outlet,True,False,NFC RFID Classic
CH*CCI*E20243,MOVE -  Grindel,Hauptstrasse 19,Grindel,4247,47.381589,7.501756,22.0,AC_3_PHASE,32,230,Type 2 Outlet,True,False,NFC RFID Classic
CH*CCI*E22421,SIG Concorde,Rue Jean-Simonet 9,Le Lignon,1219,46.208705,6.110036,22.0,AC_3_PHASE,32,230,Type 2 Outlet,True,False,NFC RFID Classic
CH*CCI*E21577,MOVE - Payerne Place des Tireurs,Place des Tireurs,Payerne,1530,46.823967,6.942912,11.0,AC_3_PHASE,16,230,Type 2 Outlet,True,False,NFC RFID Classic
CH*CCI*E22422,SIG Concorde,Rue Jean-Simonet 9,Le Lignon,1219,46.208705,6.110036,22.0,AC_3_PHASE,32,230,Type 2 Outlet,True,False,NFC RFID Classic
CH*CCI*E21532,MOVE - Bussigny VD Rue de la Gare 23,Rue de la Gare 23,Bussigny VD,1030,46.549823,6.552096,11.0,AC_3_PHASE,16,230,Type 2 Outlet,True,False,NFC RFID Classic
CH*CCI*E20685,Schmid Garage AG,Kirchbergstrasse 36,Gähwil,9534,47.397221,9.006424,22.0,AC_3_PHASE,32,230,Type 2 Outlet,True,False,NFC RFID Classic
CH*CCC*E50427,Helvetia Versicherungen St. Gallen,Dufourstrasse 40,St. Gallen,9000,47.432199,9.375876,50.0,DC,125,400,CHAdeMO,True,False,NFC RFID Classic
CH*SOC*E5585*2A,SOCAR St-Prex Lac 2,SOCAR Rastplatz Saint-Prex Lac,Saint-Prex,1162,46.480738,6.434645,400.0,DC,1000,400,CCS Combo 2 Plug (Cable Attached),True,False,NFC RFID Classic
CH*CCC*E50428,Helvetia Versicherungen St. Gallen,Dufourstrasse 40,St. Gallen,9000,47.432199,9.375876,50.0,DC,217,230,CCS Combo 2 Plug (Cable Attached),True,False,NFC RFID Classic
CH*CCC*E50429,Plazza Rosatsch,Via Rosatsch 12,St. Moritz,7500,46.486079,9.836374,22.0,AC_3_PHASE,32,230,Type 2 Outlet,True,False,NFC RFID Classic
CH*CCI*E22856,Zaptec Pro 1,Route de Bonnefille 70,Anzère,1972,46.290885,7.393744,22.0,AC_3_PHASE,32,230,Type 2 Outlet,True,False,NFC RFID Classic
CH*CCI*E22857,Zaptec Pro 2,Route de Bonnefille 70,Anzère,1972,46.290885,7.393744,22.0,AC_3_PHASE,32,230,Type 2 Outlet,True,False,NFC RFID Classic
CH*CCI*E22854,CBA,Route de Bonnefille 70,Anzère,1972,46.290683,7.393338,150.0,DC,375,400,CCS Combo 2 Plug (Cable Attached),True,False,NFC RFID Classic
CH*SOC*E5127*1A,SOCAR Fribourg Jura,"Fribourg, Route du Jura 73",Fribourg,1706,46.811477,7.139072,150.0,DC,375,400,CCS Combo 2 Plug (Cable Attached),True,False,NFC RFID Classic
CH*CCI*E22855,CBA,Route de Bonnefille 70,Anzère,1972,46.290683,7.393338,150.0,DC,375,400,CCS Combo 2 Plug (Cable Attached),True,False,NFC RFID Classic
CH*SOC*E5127*1B,SOCAR Fribourg Jura,"Fribourg, Route du Jura 73",Fribourg,1706,46.811477,7.139072,150.0,DC,375,400,CCS Combo 2 Plug (Cable Attached),True,False,NFC RFID Classic
CH*CCI*E21528,MOVE - La Roche Le Brandt,Le Brandt,La Roche,1634,46.686523,7.154353,11.0,AC_3_PHASE,16,230,Type 2 Outlet,True,False,NFC RFID Classic
CH*CCI*E22858,Zaptec Pro 3,Route de Bonnefille 70,Anzère,1972,46.290885,7.393744,22.0,AC_3_PHASE,32,230,Type 2 Outlet,True,False,NFC RFID Classic
CH*CCI*E22859,Zaptec Pro 4,Route de Bonnefille 70,Anzère,1972,46.290885,7.393744,22.0,AC_3_PHASE,32,230,Type 2 Outlet,True,False,NFC RFID Classic
CH*CCI*E21529,MOVE - La Roche Le Brandt,Le Brandt,La Roche,1634,46.686523,7.154353,11.0,AC_3_PHASE,16,230,Type 2 Outlet,True,False,NFC RFID Classic
CH*CCI*E20671,Promenadenstrasse 8,Promenadenstrasse 8,Frauenfeld,8500,47.556408,8.899292,22.0,AC_3_PHASE,32,230,Type 2 Outlet,True,False,NFC RFID Classic
CH*CCI*E20670,Promenadenstrasse 8,Promenadenstrasse 8,Frauenfeld,8500,47.556408,8.899292,22.0,AC_3_PHASE,32,230,Type 2 Outlet,True,False,NFC RFID Classic
CH*CCI*E22852,Ladestation Schulhaus Hohberg,Trüllenbuck 1,Schaffhausen,8207,47.724071,8.657279,11.0,AC_3_PHASE,16,230,Type 2 Outlet,True,False,NFC RFID Classic
CH*CCI*E20673,Parkplatz Schlossmühle,Schlossmühlestrasse 7,Frauenfeld,8500,47.554641,8.897268,22.0,AC_3_PHASE,32,230,Type 2 Outlet,True,False,NFC RFID Classic
CH*CCI*E20672,Parkplatz Schlossmühle,Schlossmühlestrasse 7,Frauenfeld,8500,47.554641,8.897268,22.0,AC_3_PHASE,32,230,Type 2 Outlet,True,False,NFC RFID Classic
CH*CCI*E22850,Parkplatz 1,Hauptstrasse 100,Sulz,5085,47.530491,8.095365,22.0,AC_3_PHASE,32,230,Type 2 Outlet,True,False,NFC RFID Classic
CH*CCI*E22851,Parkplatz 2,Hauptstrasse 100,Sulz,5085,47.530491,8.095365,22.0,AC_3_PHASE,32,230,Type 2 Outlet,True,False,NFC RFID Classic
CH*CCI*E21997,"LS Blau Zelglistrasse, Olten",Zelglistrasse,Olten,4600,47.3448,7.9155,22.0,AC_3_PHASE,32,230,Type 2 Outlet,True,False,NFC RFID Classic
CH*CCI*E21513,SIG Lignon Jura Employés,Chemin du Château-Bloch 2,Le Lignon,1219,46.206992,6.102381,22.0,AC_3_PHASE,32,230,Type 2 Outlet,True,False,NFC RFID Classic
CH*CCI*E22845,MOVE - LANDI Altstätten,Oberrieterstrasse 87,Altstätten,9450,47.36375,9.555458,150.0,DC,375,400,CCS Combo 2 Plug (Cable Attached),True,False,NFC RFID Classic
CH*CCI*E21109,SIG Etang Parking Fabrique,Avenue de l'Etang 55,Le Lignon,1219,46.216,6.104699,22.0,AC_3_PHASE,32,230,Type 2 Outlet,True,False,NFC RFID Classic
CH*CCC*E50460,SIG Balexert Parking P2,Avenue Louis-Casaï 27,Vernier,1214,46.218466,6.112292,22.0,AC_3_PHASE,32,230,Type 2 Outlet,True,False,NFC RFID Classic
CH*CCI*E21582,MOVE - Rennaz Route des Deux Chênes 11,Route des Deux Chênes 11,Rennaz,1847,46.382984,6.928007,11.0,AC_3_PHASE,16,230,Type 2 Outlet,True,False,NFC RFID Classic
CH*CCI*E22431,SIG TPG Bachet,Route de La-Chapelle 1,Lancy,1212,50.0,-15.0,22.0,AC_3_PHASE,32,230,Type 2 Outlet,True,False,NFC RFID Classic
CH*CCI*E21581,MOVE - Rennaz Route des Deux Chênes 11,Route des Deux Chênes 11,Rennaz,1847,46.382984,6.928007,11.0,AC_3_PHASE,16,230,Type 2 Outlet,True,False,NFC RFID Classic
CH*CCI*E21584,MOVE - Bülach Feldstrasse 72,Feldstrasse 72,Bülach,8180,47.509736,8.538551,11.0,AC_3_PHASE,16,230,Type 2 Outlet,True,False,NFC RFID Classic
CH*CCI*E21100,Move - S.R. automobiles Romont,Route des Echervettes 4,Romont,1680,46.690155,6.908587,22.0,AC_3_PHASE,32,230,Type 2 Outlet,True,False,NFC RFID Classic
CH*CCI*E20253,MOVE ewb - Wankdorf Center,Papiermühlestrasse 85,Bern,3014,46.963458,7.466318,11.0,AC_3_PHASE,16,230,Type 2 Outlet,True,False,NFC RFID Classic
CH*CCI*E21583,MOVE - Bülach Feldstrasse 72,Feldstrasse 72,Bülach,8180,47.509736,8.538551,11.0,AC_3_PHASE,16,230,Type 2 Outlet,True,False,NFC RFID Classic
CH*CCI*E20252,MOVE ewb - Wankdorf Center,Papiermühlestrasse 85,Bern,3014,46.963458,7.466318,11.0,AC_3_PHASE,16,230,Type 2 Outlet,True,False,NFC RFID Classic
CH*CCI*E22434,SIG Lancy Mairie,Avenue Eugène-Lance,Lancy,1212,46.167383,6.118704,22.0,AC_3_PHASE,32,230,Type 2 Outlet,True,False,NFC RFID Classic
CH*CCI*E20255,MOVE ewb - Wankdorf Center,Papiermühlestrasse 85,Bern,3014,46.963458,7.466318,11.0,AC_3_PHASE,16,230,Type 2 Outlet,True,False,NFC RFID Classic
CH*CCI*E22435,SIG Satigny Maison-Carrée,Route de la Maison-Carrée,Satigny,1242,46.20027,6.058841,22.0,AC_3_PHASE,32,230,Type 2 Outlet,True,False,NFC RFID Classic
CH*CCI*E21585,Carrosserie d'Ursy SA,Chemin des Terraux 5,Ursy,1670,46.628129,6.827465,11.0,AC_3_PHASE,16,230,Type 2 Outlet,True,False,NFC RFID Classic
CH*CCI*E20254,MOVE ewb - Wankdorf Center,Papiermühlestrasse 85,Bern,3014,46.963458,7.466318,11.0,AC_3_PHASE,16,230,Type 2 Outlet,True,False,NFC RFID Classic
CH*CCI*E22432,SIG TPG Bachet,Route de La-Chapelle 1,Lancy,1212,50.0,-15.0,22.0,AC_3_PHASE,32,230,Type 2 Outlet,True,False,NFC RFID Classic
CH*CCI*E20257,MOVE - Niedergösgen Falkenstein,Hauptstrasse 50,Niedergösgen,5013,47.372156,7.991579,22.0,AC_3_PHASE,32,230,Type 2 Outlet,True,False,NFC RFID Classic
CH*CCI*E22433,SIG Lancy Mairie,Avenue Eugène-Lance,Lancy,1212,46.167383,6.118704,22.0,AC_3_PHASE,32,230,Type 2 Outlet,True,False,NFC RFID Classic
CH*CCI*E20256,MOVE - Niedergösgen Falkenstein,Hauptstrasse 50,Niedergösgen,5013,47.372156,7.991579,22.0,AC_3_PHASE,32,230,Type 2 Outlet,True,False,NFC RFID Classic
CH*CCI*E21580,MOVE - Peseux NE Rue Ernest-Roulet 4,Rue Ernest-Roulet 4,Peseux NE,2034,46.9856,6.8877,11.0,AC_3_PHASE,16,230,Type 2 Outlet,True,False,NFC RFID Classic
CH*CCC*E50459,SIG Balexert Parking P2,Avenue Louis-Casaï 27,Vernier,1214,46.218466,6.112292,22.0,AC_3_PHASE,32,230,Type 2 Outlet,True,False,NFC RFID Classic
CH*CCC*E50455,SIG Balexert Parking P2,Avenue Louis-Casaï 27,Vernier,1214,46.218466,6.112292,22.0,AC_3_PHASE,32,230,Type 2 Outlet,True,False,NFC RFID Classic
CH*CCC*E50456,SIG Balexert Parking P2,Avenue Louis-Casaï 27,Vernier,1214,46.218466,6.112292,22.0,AC_3_PHASE,32,230,Type 2 Outlet,True,False,NFC RFID Classic
CH*CCC*E50457,SIG Balexert Parking P2,Avenue Louis-Casaï 27,Vernier,1214,46.218466,6.112292,22.0,AC_3_PHASE,32,230,Type 2 Outlet,True,False,NFC RFID Classic
CH*CCC*E50458,SIG Balexert Parking P2,Avenue Louis-Casaï 27,Vernier,1214,46.218466,6.112292,22.0,AC_3_PHASE,32,230,Type 2 Outlet,True,False,NFC RFID Classic
CH*CCI*E22427,P40 employés,Chemin du Château-Bloch 2,Vernier,1219,46.206594,6.103989,22.0,AC_3_PHASE,32,230,Type 2 Outlet,True,False,NFC RFID Classic
CH*CCI*EBA*7711*7,MOVE - Fleurier Rue de la Place dArme 17,Fleurier Rue de la Place d'Arme 17,Fleurier,2114,46.90372,6.576673,22.0,AC_3_PHASE,32,230,Type 2 Outlet,True,False,NFC RFID Classic
CH*CCI*E22428,OMPI,Rue du Pré-de-la-Bichette,Genève,1202,50.0,-15.0,22.0,AC_3_PHASE,32,230,Type 2 Outlet,True,False,NFC RFID Classic
CH*CCI*E21578,MOVE - Payerne Place des Tireurs,Place des Tireurs,Payerne,1530,46.823967,6.942912,11.0,AC_3_PHASE,16,230,Type 2 Outlet,True,False,NFC RFID Classic
CH*CCC*E50474,MOVE Gemeinde Menznau,Wolhuserstrasse 3,Menznau,6122,47.082742,8.039721,22.0,AC_3_PHASE,32,230,Type 2 Outlet,True,False,NFC RFID Classic
CH*CCC*E50475,"Einstellhalle Davo Stron, Sent",Surataglia 265,Sent,7554,46.81618,10.33179,22.0,AC_3_PHASE,32,230,Type 2 Outlet,True,False,NFC RFID Classic
CH*CCI*E22426,P40 employés,Av. Louis-Casaï 27,Vernier,1214,46.218695,6.112343,22.0,AC_3_PHASE,32,230,Type 2 Outlet,True,False,NFC RFID Classic
CH*CCC*E50476,"Einstellhalle Davo Stron, Sent",Surataglia 265,Sent,7554,46.81618,10.33179,22.0,AC_3_PHASE,32,230,Type 2 Outlet,True,False,NFC RFID Classic
CH*CCI*E22429,OMPI,Rue du Pré-de-la-Bichette,Genève,1202,50.0,-15.0,22.0,AC_3_PHASE,32,230,Type 2 Outlet,True,False,NFC RFID Classic
CH*CCI*E21571,MOVE - Bas-Vully Route Principale 145,Route Principale 145,Bas-Vully,1788,46.95247,7.097412,11.0,AC_3_PHASE,16,230,Type 2 Outlet,True,False,NFC RFID Classic
CH*CCI*E22420,SIG Concorde,Rue Jean-Simonet 9,Le Lignon,1219,46.208705,6.110036,22.0,AC_3_PHASE,32,230,Type 2 Outlet,True,False,NFC RFID Classic
CH*CCI*E21570,MOVE - Neuchâtel,Rue du Seyon 38,Neuchâtel,2000,46.993594,6.927738,11.0,AC_3_PHASE,16,230,Type 2 Outlet,True,False,NFC RFID Classic
CH*CCI*E22416,SIG Concorde,Rue Jean-Simonet 9,Le Lignon,1219,46.208705,6.110036,22.0,AC_3_PHASE,32,230,Type 2 Outlet,True,False,NFC RFID Classic
CH*CCI*E21568,MOVE - Neuchâtel Quai Philippe-Godet 1,Quai Philippe-Godet 1,Neuchâtel,2000,46.9893,6.9285,11.0,AC_3_PHASE,16,230,Type 2 Outlet,True,False,NFC RFID Classic
CH*CCC*E50440,Parkplatz Rösslikreisel Wil,Mattstrasse,Wil,9500,47.461983,9.04715,50.0,DC,125,400,CHAdeMO,True,False,NFC RFID Classic
CH*CCI*E22417,SIG Concorde,Rue Jean-Simonet 9,Le Lignon,1219,46.208705,6.110036,22.0,AC_3_PHASE,32,230,Type 2 Outlet,True,False,NFC RFID Classic
CH*CCI*E21567,MOVE - Neuchâtel Quai Philippe-Godet 1,Quai Philippe-Godet 1,Neuchâtel,2000,46.9893,6.9285,11.0,AC_3_PHASE,16,230,Type 2 Outlet,True,False,NFC RFID Classic
CH*CCI*E22414,SIG Concorde,Rue Jean-Simonet 9,Le Lignon,1219,46.208705,6.110036,22.0,AC_3_PHASE,32,230,Type 2 Outlet,True,False,NFC RFID Classic
CH*CCI*E22898,Blaue PP LS R,Würzacherstrasse 2,Saland,8493,47.3909,8.85231,22.0,AC_3_PHASE,32,230,Type 2 Outlet,True,False,NFC RFID Classic
CH*CCI*E22415,SIG Concorde,Rue Jean-Simonet 9,Le Lignon,1219,46.208705,6.110036,22.0,AC_3_PHASE,32,230,Type 2 Outlet,True,False,NFC RFID Classic
CH*CCI*E22899,Breitacher 3 LS L,Breitacher 3,Saland,8493,47.39103,8.85102,22.0,AC_3_PHASE,32,230,Type 2 Outlet,True,False,NFC RFID Classic
CH*CCI*E21569,MOVE - Neuchâtel Parking du Seyon S.A.,Rue du Seyon 38,Neuchâtel,2000,46.993594,6.927738,11.0,AC_3_PHASE,16,230,Type 2 Outlet,True,False,NFC RFID Classic
CH*CCI*E22418,SIG Concorde,Rue Jean-Simonet 9,Le Lignon,1219,46.208705,6.110036,22.0,AC_3_PHASE,32,230,Type 2 Outlet,True,False,NFC RFID Classic
CH*CCI*E22419,SIG Concorde,Rue Jean-Simonet 9,Le Lignon,1219,46.208705,6.110036,22.0,AC_3_PHASE,32,230,Type 2 Outlet,True,False,NFC RFID Classic
CH*CCI*E21560,SIG Etang Parking Atmospère,Avenue de l'Etang 65,Le Lignon,1219,46.218528,6.102513,22.0,AC_3_PHASE,32,230,Type 2 Outlet,True,False,NFC RFID Classic
CH*CCI*E22893,PP 419,Postgasshalde 50,Bern,3011,46.94899,7.451877,22.0,AC_3_PHASE,32,230,Type 2 Outlet,True,False,NFC RFID Classic
CH*CCI*E21562,SIG Etang Parking Atmospère,Avenue de l'Etang 65,Le Lignon,1219,46.218528,6.102513,22.0,AC_3_PHASE,32,230,Type 2 Outlet,True,False,NFC RFID Classic
CH*CCI*E21561,SIG Etang Parking Atmospère,Avenue de l'Etang 65,Le Lignon,1219,46.218528,6.102513,22.0,AC_3_PHASE,32,230,Type 2 Outlet,True,False,NFC RFID Classic
CH*CCI*E20230,MOVE - Münchenstein,Weidenstrasse 31,Münchenstein,4142,47.513564,7.616168,11.0,AC_3_PHASE,16,230,Type 2 Outlet,True,False,NFC RFID Classic
CH*CCI*E22412,SIG Concorde,Rue Jean-Simonet 9,Le Lignon,1219,46.208705,6.110036,22.0,AC_3_PHASE,32,230,Type 2 Outlet,True,False,NFC RFID Classic
CH*CCI*E22896,Ladestation Thunstrasse 108C,Thunstrasse 108C,Muri bei Bern,3074,46.929163,7.489256,22.0,AC_3_PHASE,32,230,Type 2 Outlet,True,False,NFC RFID Classic
CH*CCI*E21564,Zehntfeld Alters- und Pflegezentrum,Zehntfeldstrasse 4,Widnau,9443,47.407474,9.632395,22.0,AC_3_PHASE,32,230,Type 2 Outlet,True,False,NFC RFID Classic
CH*CCI*E22413,SIG Concorde,Rue Jean-Simonet 9,Le Lignon,1219,46.208705,6.110036,22.0,AC_3_PHASE,32,230,Type 2 Outlet,True,False,NFC RFID Classic
CH*CCI*E22897,Blaue PP LS L,Würzacherstrasse 2,Saland,8493,47.3909,8.85231,22.0,AC_3_PHASE,32,230,Type 2 Outlet,True,False,NFC RFID Classic
CH*CCI*E21563,Zehntfeld Alters- und Pflegezentrum,Zehntfeldstrasse 4,Widnau,9443,47.407474,9.632395,22.0,AC_3_PHASE,32,230,Type 2 Outlet,True,False,NFC RFID Classic
CH*CCI*E22410,SIG Concorde,Rue Jean-Simonet 9,Le Lignon,1219,46.208705,6.110036,22.0,AC_3_PHASE,32,230,Type 2 Outlet,True,False,NFC RFID Classic
CH*CCI*E22894,Parking privé Campus unlimitrust,Route des Flumeaux 39,Prilly,1008,46.531018,6.601641,22.0,AC_3_PHASE,32,230,Type 2 Outlet,True,False,NFC RFID Classic
CH*CCI*E21566,Zehntfeld Alters- und Pflegezentrum,Zehntfeldstrasse 4,Widnau,9443,47.407474,9.632395,22.0,AC_3_PHASE,32,230,Type 2 Outlet,True,False,NFC RFID Classic
CH*CCI*E22411,SIG Concorde,Rue Jean-Simonet 9,Le Lignon,1219,46.208705,6.110036,22.0,AC_3_PHASE,32,230,Type 2 Outlet,True,False,NFC RFID Classic
CH*CCI*E22895,Parking privé Campus unlimitrust,Route des Flumeaux 39,Prilly,1008,46.531018,6.601641,22.0,AC_3_PHASE,32,230,Type 2 Outlet,True,False,NFC RFID Classic
CH*CCI*E21565,Zehntfeld Alters- und Pflegezentrum,Zehntfeldstrasse 4,Widnau,9443,47.407474,9.632395,22.0,AC_3_PHASE,32,230,Type 2 Outlet,True,False,NFC RFID Classic
CH*SOC*E5135*4B,SOCAR Fuchberg Nord 4,SOCAR Fuchsberg Nord,Wilen b. Wollerau,8832,47.19624,8.751667,400.0,DC,1000,400,CCS Combo 2 Plug (Cable Attached),True,False,NFC RFID Classic
CH*SOC*E5135*4A,SOCAR Fuchberg Nord 4,SOCAR Fuchsberg Nord,Wilen b. Wollerau,8832,47.19624,8.751667,400.0,DC,1000,400,CCS Combo 2 Plug (Cable Attached),True,False,NFC RFID Classic
CH*CCC*E50437,TCS Service Center  St.Gallen,Zürcher Strasse 475,St. Gallen,9015,47.40741,9.302264,50.0,DC,125,400,CCS Combo 2 Plug (Cable Attached),True,False,NFC RFID Classic
CH*CCC*E50438,Parkplatz Rösslikreisel Wil,Mattstrasse,Wil,9500,47.461983,9.04715,22.0,AC_3_PHASE,32,230,Type 2 Outlet,True,False,NFC RFID Classic
CH*CCC*E50439,Parkplatz Rösslikreisel Wil,Mattstrasse,Wil,9500,47.461983,9.04715,50.0,DC,125,400,CCS Combo 2 Plug (Cable Attached),True,False,NFC RFID Classic
CH*CCC*E50433,Parkplatz Bahnhof Buchs Süd,Bahnhofstrasse,Buchs,9470,47.167062,9.478932,50.0,DC,125,400,CHAdeMO,True,False,NFC RFID Classic
CH*CCC*E50434,Parkplatz Bahnhof Buchs Süd,Bahnhofstrasse,Buchs,9470,47.167062,9.478932,50.0,DC,125,400,CCS Combo 2 Plug (Cable Attached),True,False,NFC RFID Classic
CH*SOC*E5103*1A,SOCAR Triemli,"Triemli, Birmensdorferstrasse 484",Zürich,8055,47.368438,8.496751,150.0,DC,375,400,CCS Combo 2 Plug (Cable Attached),True,False,NFC RFID Classic
CH*CCC*E50435,TCS Service Center  St.Gallen,Zürcher Strasse 475,St. Gallen,9015,47.40741,9.302264,22.0,AC_3_PHASE,32,230,Type 2 Outlet,True,False,NFC RFID Classic
CH*SOC*E5103*1B,SOCAR Triemli,"Triemli, Birmensdorferstrasse 484",Zürich,8055,47.368438,8.496751,150.0,DC,375,400,CCS Combo 2 Plug (Cable Attached),True,False,NFC RFID Classic
CH*CCC*E50436,TCS Service Center  St.Gallen,Zürcher Strasse 475,St. Gallen,9015,47.40741,9.302264,50.0,DC,125,400,CHAdeMO,True,False,NFC RFID Classic
CH*CCI*E22405,SIG Jussy Cimetière,Route de Juvigny,Jussy,1254,46.23433,6.266032,22.0,AC_3_PHASE,32,230,Type 2 Outlet,True,False,NFC RFID Classic
CH*CCI*E21557,SIG Etang Parking Atmospère,Avenue de l'Etang 65,Le Lignon,1219,46.218528,6.102513,22.0,AC_3_PHASE,32,230,Type 2 Outlet,True,False,NFC RFID Classic
CH*CCC*E50451,SIG Balexert Parking P2,Avenue Louis-Casaï 27,Vernier,1214,46.218466,6.112292,22.0,AC_3_PHASE,32,230,Type 2 Outlet,True,False,NFC RFID Classic
CH*CCI*E22406,SIG Cologny Mairie,Chemin de la Mairie 25,Cologny,1223,46.218591,6.185099,22.0,AC_3_PHASE,32,230,Type 2 Outlet,True,False,NFC RFID Classic
CH*CCI*E21556,SIG Etang Parking Atmospère,Avenue de l'Etang 65,Le Lignon,1219,46.218528,6.102513,22.0,AC_3_PHASE,32,230,Type 2 Outlet,True,False,NFC RFID Classic
CH*CCC*E50452,SIG Balexert Parking P2,Avenue Louis-Casaï 27,Vernier,1214,46.218466,6.112292,22.0,AC_3_PHASE,32,230,Type 2 Outlet,True,False,NFC RFID Classic
CH*CCI*E22403,SIG Versoix Bordier DC200,Place Bordier,Versoix,1290,46.285506,6.166152,100.0,DC,250,400,CCS Combo 2 Plug (Cable Attached),True,False,NFC RFID Classic
CH*CCI*E21559,SIG Etang Parking Atmospère,Avenue de l'Etang 65,Le Lignon,1219,46.218528,6.102513,22.0,AC_3_PHASE,32,230,Type 2 Outlet,True,False,NFC RFID Classic
CH*CCC*E50453,SIG Balexert Parking P2,Avenue Louis-Casaï 27,Vernier,1214,46.218466,6.112292,22.0,AC_3_PHASE,32,230,Type 2 Outlet,True,False,NFC RFID Classic
CH*CCI*E20228,MOVE - Münchenstein,Weidenstrasse 31,Münchenstein,4142,47.513564,7.616168,11.0,AC_3_PHASE,16,230,Type 2 Outlet,True,False,NFC RFID Classic
CH*CCI*E22404,SIG Jussy Cimetière,Route de Juvigny,Jussy,1254,46.23433,6.266032,22.0,AC_3_PHASE,32,230,Type 2 Outlet,True,False,NFC RFID Classic
CH*CCI*E21558,SIG Etang Parking Atmospère,Avenue de l'Etang 65,Le Lignon,1219,46.218528,6.102513,22.0,AC_3_PHASE,32,230,Type 2 Outlet,True,False,NFC RFID Classic
CH*CCC*E50454,SIG Balexert Parking P2,Avenue Louis-Casaï 27,Vernier,1214,46.218466,6.112292,22.0,AC_3_PHASE,32,230,Type 2 Outlet,True,False,NFC RFID Classic
CH*CCI*E20227,MOVE - Münchenstein,Weidenstrasse 31,Münchenstein,4142,47.513564,7.616168,11.0,AC_3_PHASE,16,230,Type 2 Outlet,True,False,NFC RFID Classic
CH*CCI*E22409,SIG Cologny Mairie,Chemin de la Mairie 25,Cologny,1223,46.218591,6.185099,22.0,AC_3_PHASE,32,230,Type 2 Outlet,True,False,NFC RFID Classic
CH*SOC*E5135*3A,SOCAR Fuchberg Nord 3,SOCAR Fuchsberg Nord,Wilen b. Wollerau,8832,47.19624,8.751667,225.0,DC,563,400,CCS Combo 2 Plug (Cable Attached),True,False,NFC RFID Classic
CH*CCI*E20282,MOVE - ewb - Spital Tiefenau 04.- 07.06 no access,Tiefenaustrasse 106 / Parkplatz Nr. 232 & 233,Bern,3004,46.974714,7.452413,11.0,AC_3_PHASE,16,230,Type 2 Outlet,True,False,NFC RFID Classic
CH*CCI*E20281,MOVE - ewb - Spital Tiefenau 04.- 07.06 no access,Tiefenaustrasse 106 / Parkplatz Nr. 232 & 233,Bern,3004,46.974714,7.452413,11.0,AC_3_PHASE,16,230,Type 2 Outlet,True,False,NFC RFID Classic
CH*CCI*E21127,MOVE - Aesch Löhrenacker,Löhrenacker,Aesch,4147,47.47303,7.5853,11.0,AC_3_PHASE,16,230,Type 2 Outlet,True,False,NFC RFID Classic
CH*CCI*E22458,MOVE - Fribourg Boulevard de Pérolles 25,Rue Frédéric-Chaillet / Bd de Pérolles 25,Fribourg,1700,46.798956,7.152663,22.0,AC_3_PHASE,32,230,Type 2 Outlet,True,False,NFC RFID Classic
CH*CCI*E22459,MOVE - Fribourg Boulevard de Pérolles 25,Rue Frédéric-Chaillet / Bd de Pérolles 25,Fribourg,1700,46.798956,7.152663,22.0,AC_3_PHASE,32,230,Type 2 Outlet,True,False,NFC RFID Classic
CH*CCI*E21129,MOVE - Aesch Löhrenacker,Löhrenacker,Aesch,4147,47.47303,7.5853,11.0,AC_3_PHASE,16,230,Type 2 Outlet,True,False,NFC RFID Classic
CH*CCI*E22452,Zentrumparkplatz Zürichstrasse,Zürichstrasse 145,Küsnacht,8700,47.318896,8.581562,22.0,AC_3_PHASE,32,230,Type 2 Outlet,True,False,NFC RFID Classic
CH*CCI*E22453,SH POWER Moserstrasse,Moserstrasse 10,Schaffhausen,8202,47.695172,8.639716,50.0,DC,125,400,CCS Combo 2 Plug (Cable Attached),True,False,NFC RFID Classic
CH*CCI*E22450,SIG GIM Asters,Rue Schaub 39,Genève,1202,50.0,-15.0,22.0,AC_3_PHASE,32,230,Type 2 Outlet,True,False,NFC RFID Classic
CH*CCI*E21122,MOVE - Aesch Löhrenacker,Löhrenacker,Aesch,4147,47.47303,7.5853,11.0,AC_3_PHASE,16,230,Type 2 Outlet,True,False,NFC RFID Classic
CH*CCI*E20275,Regio Energie Solothurn - Raiffeisenbank,Hauptstrasse 109,Recherswil,4565,47.162056,7.593917,11.0,AC_3_PHASE,16,230,Type 2 Outlet,True,False,NFC RFID Classic
CH*CCI*E22451,Zentrumparkplatz Zürichstrasse,Zürichstrasse 145,Küsnacht,8700,47.318896,8.581562,22.0,AC_3_PHASE,32,230,Type 2 Outlet,True,False,NFC RFID Classic
CH*CCI*E21121,MOVE - Aesch Löhrenacker,Löhrenacker,Aesch,4147,47.47303,7.5853,11.0,AC_3_PHASE,16,230,Type 2 Outlet,True,False,NFC RFID Classic
CH*CCI*E20274,Regio Energie Solothurn - Raiffeisenbank,Hauptstrasse 109,Recherswil,4565,47.162056,7.593917,11.0,AC_3_PHASE,16,230,Type 2 Outlet,True,False,NFC RFID Classic
CH*CCI*E22456,MOVE - Villars-sur-Glâne Route de Moncor 14,Route de Moncor 14,Villars-sur-Glâne,1752,46.798065,7.120524,22.0,AC_3_PHASE,32,230,Type 2 Outlet,True,False,NFC RFID Classic
CH*CCI*E21124,MOVE - Aesch Löhrenacker,Löhrenacker,Aesch,4147,47.47303,7.5853,11.0,AC_3_PHASE,16,230,Type 2 Outlet,True,False,NFC RFID Classic
CH*CCI*E20277,Regio Energie Solothurn - Restaurant Kreuz,Hauptstrasse 62,Kriegstetten,4566,47.174568,7.597467,22.0,AC_3_PHASE,32,230,Type 2 Outlet,True,False,NFC RFID Classic
CH*CCI*E22457,MOVE - Villars-sur-Glâne Route de Moncor 14,Route de Moncor 14,Villars-sur-Glâne,1752,46.798065,7.120524,22.0,AC_3_PHASE,32,230,Type 2 Outlet,True,False,NFC RFID Classic
CH*CCI*E21123,MOVE - Aesch Löhrenacker,Löhrenacker,Aesch,4147,47.47303,7.5853,11.0,AC_3_PHASE,16,230,Type 2 Outlet,True,False,NFC RFID Classic
CH*CCI*E20276,Regio Energie Solothurn - Restaurant Kreuz,Hauptstrasse 62,Kriegstetten,4566,47.174568,7.597467,22.0,AC_3_PHASE,32,230,Type 2 Outlet,True,False,NFC RFID Classic
CH*CCI*E22454,SH POWER Moserstrasse,Moserstrasse 10,Schaffhausen,8202,47.695172,8.639716,50.0,DC,125,400,CCS Combo 2 Plug (Cable Attached),True,False,NFC RFID Classic
CH*CCI*E21126,MOVE - Aesch Löhrenacker,Löhrenacker,Aesch,4147,47.47303,7.5853,11.0,AC_3_PHASE,16,230,Type 2 Outlet,True,False,NFC RFID Classic
CH*CCI*E20279,Regio Energie Solothurn - Bellach Parkplatz,Marktstrasse Parkplatz SBB,Bellach,4512,47.20928,7.508309,22.0,AC_3_PHASE,32,230,Type 2 Outlet,True,False,NFC RFID Classic
CH*CCI*E22455,MOVE - Parking Kursaal Bern,Kornhausstrasse 3,Bern,3013,46.953133,7.448084,11.0,AC_3_PHASE,16,230,Type 2 Outlet,True,False,NFC RFID Classic
CH*CCI*E21125,MOVE - Aesch Löhrenacker,Löhrenacker,Aesch,4147,47.47303,7.5853,11.0,AC_3_PHASE,16,230,Type 2 Outlet,True,False,NFC RFID Classic
CH*CCI*E20278,Regio Energie Solothurn - Bellach Parkplatz,Marktstrasse Parkplatz SBB,Bellach,4512,47.20928,7.508309,22.0,AC_3_PHASE,32,230,Type 2 Outlet,True,False,NFC RFID Classic
CH*CCI*E22449,SIG GIM Asters,Rue Schaub 39,Genève,1202,50.0,-15.0,22.0,AC_3_PHASE,32,230,Type 2 Outlet,True,False,NFC RFID Classic
CH*CCI*E22447,SIG GIM Asters,Rue Schaub 39,Genève,1202,50.0,-15.0,22.0,AC_3_PHASE,32,230,Type 2 Outlet,True,False,NFC RFID Classic
CH*CCI*E22448,SIG GIM Asters,Rue Schaub 39,Genève,1202,50.0,-15.0,22.0,AC_3_PHASE,32,230,Type 2 Outlet,True,False,NFC RFID Classic
CH*CCI*E22441,Chancy,Route de Bellegarde 91,Chancy,1284,50.0,-15.0,22.0,AC_3_PHASE,32,230,Type 2 Outlet,True,False,NFC RFID Classic
CH*CCI*E21593,MOVE Aare Energie AG - Sonnegg,Sonneggstrasse 32,Olten,4600,47.3436,7.9087,11.0,AC_3_PHASE,16,230,Type 2 Outlet,True,False,NFC RFID Classic
CH*CCI*E20262,Regio Energie Solothurn - Restaurant zur Post,Baselstrasse 23,Riedholz,4533,47.231414,7.572329,11.0,AC_3_PHASE,16,230,Type 2 Outlet,True,False,NFC RFID Classic
CH*CCI*E22442,SIG Givaudan Employés,Chemin de la Parfumerie 5,Vernier,1214,46.206383,6.079044,22.0,AC_3_PHASE,32,230,Type 2 Outlet,True,False,NFC RFID Classic
CH*CCI*E20261,Regio Energie Solothurn - Dorfplatz,Frank Buchserstrasse,Feldbrunnen,4532,47.219416,7.554793,22.0,AC_3_PHASE,32,230,Type 2 Outlet,True,False,NFC RFID Classic
CH*CCI*E21595,MOVE Aare Energie AG - Blau Bornfeld Olten,Bornfeldstrasse 15,Olten,4600,47.3401,7.8945,11.0,AC_3_PHASE,16,230,Type 2 Outlet,True,False,NFC RFID Classic
CH*CCI*E21111,"Parkplatz La Val, Guarda",La Val,Guarda,7545,46.77599,10.14564,22.0,AC_3_PHASE,32,230,Type 2 Outlet,True,False,NFC RFID Classic
CH*CCI*E20229,MOVE - Münchenstein,Weidenstrasse 31,Münchenstein,4142,47.513564,7.616168,11.0,AC_3_PHASE,16,230,Type 2 Outlet,True,False,NFC RFID Classic
CH*CCI*E22407,SIG Cologny Mairie,Chemin de la Mairie 25,Cologny,1223,46.218591,6.185099,22.0,AC_3_PHASE,32,230,Type 2 Outlet,True,False,NFC RFID Classic
CH*CCI*E22408,SIG Cologny Mairie,Chemin de la Mairie 25,Cologny,1223,46.218591,6.185099,22.0,AC_3_PHASE,32,230,Type 2 Outlet,True,False,NFC RFID Classic
CH*CCI*E21551,MOVE - EV Büren,Kreuzgasse 32A,Büren an der Aare,3294,47.13978,7.37024,22.0,AC_3_PHASE,32,230,Type 2 Outlet,True,False,NFC RFID Classic
CH*CCI*E21550,MOVE - Attalens,Rue du Château 1,Attalens,1616,46.509347,6.848659,22.0,AC_3_PHASE,32,230,Type 2 Outlet,True,False,NFC RFID Classic
CH*CCI*E21553,SIG Etang Parking Atmospère,Avenue de l'Etang 65,Le Lignon,1219,46.218528,6.102513,22.0,AC_3_PHASE,32,230,Type 2 Outlet,True,False,NFC RFID Classic
CH*CCI*E21552,MOVE - EV Büren,Kreuzgasse 32A,Büren an der Aare,3294,47.13978,7.37024,22.0,AC_3_PHASE,32,230,Type 2 Outlet,True,False,NFC RFID Classic
CH*CCI*E21555,SIG Etang Parking Atmospère,Avenue de l'Etang 65,Le Lignon,1219,46.218528,6.102513,22.0,AC_3_PHASE,32,230,Type 2 Outlet,True,False,NFC RFID Classic
CH*CCI*E21554,SIG Etang Parking Atmospère,Avenue de l'Etang 65,Le Lignon,1219,46.218528,6.102513,22.0,AC_3_PHASE,32,230,Type 2 Outlet,True,False,NFC RFID Classic
CH*SOC*E5135*5A,SOCAR Fuchsberg Nord eTruck,SOCAR Fuchsberg Nord,Wilen b. Wollerau,8832,47.19624,8.751667,400.0,DC,1000,400,CCS Combo 2 Plug (Cable Attached),True,False,NFC RFID Classic
CH*SOC*E5135*5B,SOCAR Fuchsberg Nord eTruck,SOCAR Fuchsberg Nord,Wilen b. Wollerau,8832,47.19624,8.751667,400.0,DC,1000,400,CCS Combo 2 Plug (Cable Attached),True,False,NFC RFID Classic
CH*CCC*E50444,Parkplatz Gaiserbahnhof,Bahnhofplatz 7,St. Gallen,9001,47.421946,9.36923,22.0,AC_3_PHASE,32,230,Type 2 Outlet,True,False,NFC RFID Classic
CH*CCC*E50445,Parkplatz Gaiserbahnhof,Bahnhofplatz 7,St. Gallen,9001,47.421946,9.36923,50.0,DC,125,400,CCS Combo 2 Plug (Cable Attached),True,False,NFC RFID Classic
CH*CCC*E50446,Parkplatz Gaiserbahnhof,Bahnhofplatz 7,St. Gallen,9001,47.421946,9.36923,50.0,DC,125,400,CHAdeMO,True,False,NFC RFID Classic
CH*CCI*E21149,TPG En Chardon,Chemin de Champs-Prévost 30,Vernier,1214,50.0,-15.0,22.0,AC_3_PHASE,32,230,Type 2 Outlet,True,False,NFC RFID Classic
CH*CCC*EBS*1470*1,MOVE - A1 Restoroute Rose de la Broye,Restauroute Rose de la Broye,Lully,1470,46.831906,6.858031,22.0,AC_3_PHASE,32,230,Type 2 Outlet,True,False,NFC RFID Classic
CH*CCC*EBS*1470*2,MOVE - A1 Restoroute Rose de la Broye,Restauroute Rose de la Broye,Lully,1470,46.831906,6.858031,50.0,DC,125,400,CHAdeMO,True,False,NFC RFID Classic
CH*CCC*EBS*1470*3,MOVE - A1 Restoroute Rose de la Broye,Restauroute Rose de la Broye,Lully,1470,46.831906,6.858031,50.0,DC,125,400,CCS Combo 2 Plug (Cable Attached),True,False,NFC RFID Classic
CH*CCI*E22474,Borne 2,Rue des Planchettes 35,Porrentruy,2900,47.413702,7.079431,11.0,AC_3_PHASE,16,230,Type 2 Outlet,True,False,NFC RFID Classic
CH*CCI*E21142,MOVE - Parkhaus Stahlgiesserei Nord,Zur Stahlgiesserei,Schaffhausen,8200,47.70506,8.63161,11.0,AC_3_PHASE,16,230,Type 2 Outlet,True,False,NFC RFID Classic
CH*CCI*E22475,Borne 3,Rue des Planchettes 35,Porrentruy,2900,47.413702,7.079431,11.0,AC_3_PHASE,16,230,Type 2 Outlet,True,False,NFC RFID Classic
CH*CCI*E21141,MOVE - Parkhaus Stahlgiesserei Nord,Zur Stahlgiesserei,Schaffhausen,8200,47.70506,8.63161,11.0,AC_3_PHASE,16,230,Type 2 Outlet,True,False,NFC RFID Classic
CH*CCI*E21144,MOVE - Parkhaus Stahlgiesserei Nord,Zur Stahlgiesserei,Schaffhausen,8200,47.70506,8.63161,11.0,AC_3_PHASE,16,230,Type 2 Outlet,True,False,NFC RFID Classic
CH*CCI*E22472,"Route Suisse 35, 1196 Gland 1",Route Suisse 35,Gland,1196,46.415939,6.279201,22.0,AC_3_PHASE,32,230,Type 2 Outlet,True,False,NFC RFID Classic
CH*SOC*E5135*1B,SOCAR Fuchberg Nord 1,SOCAR Fuchsberg Nord,Wilen b. Wollerau,8832,47.19624,8.751667,225.0,DC,563,400,CCS Combo 2 Plug (Cable Attached),True,False,NFC RFID Classic
CH*CCI*E22473,Borne 1,Rue des Planchettes 35,Porrentruy,2900,47.413702,7.079431,11.0,AC_3_PHASE,16,230,Type 2 Outlet,True,False,NFC RFID Classic
CH*CCI*E21143,MOVE - Parkhaus Stahlgiesserei Nord,Zur Stahlgiesserei,Schaffhausen,8200,47.70506,8.63161,11.0,AC_3_PHASE,16,230,Type 2 Outlet,True,False,NFC RFID Classic
CH*CCI*E22478,MOVE - Lausanne Route de Gratta-Paille 2,Route de Gratta-Paille 2,Lausanne,1018,46.53681,6.617336,22.0,AC_3_PHASE,32,230,Type 2 Outlet,True,False,NFC RFID Classic
CH*CCI*E22479,MOVE - Oberentfelden,Köllikerstrasse 80,Oberentfelden,5036,47.349172,8.036542,22.0,AC_3_PHASE,32,230,Type 2 Outlet,True,False,NFC RFID Classic
CH*CCI*E21145,MOVE - Auto-Center Klopfstein,Neueneggstrasse 10,Laupen,3177,46.901089,7.245126,22.0,AC_3_PHASE,32,230,Type 2 Outlet,True,False,NFC RFID Classic
CH*CCI*E22476,Borne 4,Rue des Planchettes 35,Porrentruy,2900,47.413702,7.079431,11.0,AC_3_PHASE,16,230,Type 2 Outlet,True,False,NFC RFID Classic
CH*CCI*E21148,TPG En Chardon,Chemin de Champs-Prévost 30,Vernier,1214,50.0,-15.0,22.0,AC_3_PHASE,32,230,Type 2 Outlet,True,False,NFC RFID Classic
CH*CCI*E22477,MOVE - Lausanne Route de Gratta-Paille 2,Route de Gratta-Paille 2,Lausanne,1018,46.53681,6.617336,22.0,AC_3_PHASE,32,230,Type 2 Outlet,True,False,NFC RFID Classic
CH*CCI*E21147,TPG En Chardon,Chemin de Champs-Prévost 30,Vernier,1214,50.0,-15.0,22.0,AC_3_PHASE,32,230,Type 2 Outlet,True,False,NFC RFID Classic
CH*SOC*E5135*2B,SOCAR Fuchberg Nord 2,SOCAR Fuchsberg Nord,Wilen b. Wollerau,8832,47.19624,8.751667,225.0,DC,563,400,CCS Combo 2 Plug (Cable Attached),True,False,NFC RFID Classic
CH*SOC*E5135*2A,SOCAR Fuchberg Nord 2,SOCAR Fuchsberg Nord,Wilen b. Wollerau,8832,47.19624,8.751667,225.0,DC,563,400,CCS Combo 2 Plug (Cable Attached),True,False,NFC RFID Classic
CH*CCI*E22471,"01 Route Suisse 35, 1196 Gland",Route Suisse 35,Gland,1196,46.415939,6.279201,22.0,AC_3_PHASE,32,230,Type 2 Outlet,True,False,NFC RFID Classic
CH*CCI*E21175,SIG Meinier Parking du Chat,Chemin du Stade 5,Meinier,1252,46.247398,6.232372,22.0,AC_3_PHASE,32,230,Type 2 Outlet,True,False,NFC RFID Classic
CH*CCI*E22024,SIG Grand-Saconnex Sonnex,Rue Sonnex 3,Le Grand-Saconnex,1218,46.228328,6.121515,22.0,AC_3_PHASE,32,230,Type 2 Outlet,True,False,NFC RFID Classic
CH*CCI*E21174,SIG Meinier Parking du Chat,Chemin du Stade 5,Meinier,1252,46.247398,6.232372,22.0,AC_3_PHASE,32,230,Type 2 Outlet,True,False,NFC RFID Classic
CH*CCI*E22021,SIG Dardagny Village,Route du Mandement,Dardagny,1283,46.192516,5.995825,22.0,AC_3_PHASE,32,230,Type 2 Outlet,True,False,NFC RFID Classic
CH*CCI*E21177,SIG Meinier Parking du Chat,Chemin du Stade 5,Meinier,1252,46.247398,6.232372,22.0,AC_3_PHASE,32,230,Type 2 Outlet,True,False,NFC RFID Classic
CH*CCI*E22022,SIG Dardagny Village,Route du Mandement,Dardagny,1283,46.192516,5.995825,22.0,AC_3_PHASE,32,230,Type 2 Outlet,True,False,NFC RFID Classic
CH*CCI*E21176,SIG Meinier Parking du Chat,Chemin du Stade 5,Meinier,1252,46.247398,6.232372,22.0,AC_3_PHASE,32,230,Type 2 Outlet,True,False,NFC RFID Classic
CH*CCI*E22027,SIG Thônex Pompiers,Avenue de Thônex 40,Thônex,1226,46.186529,6.196111,22.0,AC_3_PHASE,32,230,Type 2 Outlet,True,False,NFC RFID Classic
CH*CCI*E20290,SIG Genève Parking Hôtel Mandarin,Quai Turrettini 1,Genève,1201,46.205696,6.140263,22.0,AC_3_PHASE,32,230,Type 2 Outlet,True,False,NFC RFID Classic
CH*CCI*E21140,Spital Altstätten,Marolanistrasse 7.1,Altstätten,9450,47.382565,9.541037,22.0,AC_3_PHASE,32,230,Type 2 Outlet,True,False,NFC RFID Classic
CH*CCI*E21139,Spital Altstätten,Marolanistrasse 7.1,Altstätten,9450,47.382565,9.541037,22.0,AC_3_PHASE,32,230,Type 2 Outlet,True,False,NFC RFID Classic
CH*CCI*E22469,Aquavirat Gauche,chemin de Grandval 141,Crémines,2746,47.285263,7.435598,11.0,AC_3_PHASE,16,230,Type 2 Outlet,True,False,NFC RFID Classic
CH*CCI*E22463,MOVE - Marly Route Ancienne Papeterie 540,Route Ancienne Papeterie 540,Marly,1723,46.777903,7.150603,22.0,AC_3_PHASE,32,230,Type 2 Outlet,True,False,NFC RFID Classic
CH*CCI*E21131,MOVE - Aesch Löhrenacker,Löhrenacker,Aesch,4147,47.47303,7.5853,11.0,AC_3_PHASE,16,230,Type 2 Outlet,True,False,NFC RFID Classic
CH*CCI*E20284,MOVE ewb - Bern Europaplatz,Europaplatz,Bern,3008,46.943088,7.406575,11.0,AC_3_PHASE,16,230,Type 2 Outlet,True,False,NFC RFID Classic
CH*CCI*E22464,MOVE - Cugy (place de la grande salle),Route de Fétigny 22A,Cugy,1482,46.813451,6.887704,22.0,AC_3_PHASE,32,230,Type 2 Outlet,True,False,NFC RFID Classic
CH*CCI*E21130,MOVE - Aesch Löhrenacker,Löhrenacker,Aesch,4147,47.47303,7.5853,11.0,AC_3_PHASE,16,230,Type 2 Outlet,True,False,NFC RFID Classic
CH*CCI*E20283,MOVE ewb - Bern Europaplatz,Europaplatz,Bern,3008,46.943088,7.406575,11.0,AC_3_PHASE,16,230,Type 2 Outlet,True,False,NFC RFID Classic
CH*CCI*E22461,MOVE - Ecuvillens L'Aérodrôme,Route de l'Aérodrome,Ecuvillens,1730,46.754496,7.07587,22.0,AC_3_PHASE,32,230,Type 2 Outlet,True,False,NFC RFID Classic
CH*CCI*E21133,SIG Thônex Piscine,Chemin de Marcelly,Thônex,1226,46.195472,6.204242,22.0,AC_3_PHASE,32,230,Type 2 Outlet,True,False,NFC RFID Classic
CH*CCI*E20286,Regio Energie Solothurn - City Parkplatz,Wengistrasse 34,Solothurn,4502,47.208277,7.53271,22.0,AC_3_PHASE,32,230,Type 2 Outlet,True,False,NFC RFID Classic
CH*CCI*E22462,MOVE - Marly Route Ancienne Papeterie 540,Route Ancienne Papeterie 540,Marly,1723,46.777903,7.150603,22.0,AC_3_PHASE,32,230,Type 2 Outlet,True,False,NFC RFID Classic
CH*CCI*E21132,MOVE - Aesch Löhrenacker,Löhrenacker,Aesch,4147,47.47303,7.5853,11.0,AC_3_PHASE,16,230,Type 2 Outlet,True,False,NFC RFID Classic
CH*CCI*E20285,Regio Energie Solothurn - City Parkplatz,Wengistrasse 34,Solothurn,4502,47.208277,7.53271,22.0,AC_3_PHASE,32,230,Type 2 Outlet,True,False,NFC RFID Classic
CH*CCI*E22467,MOVE - La Roche Route de Fribourg 20,Route de Fribourg 20,La Roche,1634,46.698183,7.140241,22.0,AC_3_PHASE,32,230,Type 2 Outlet,True,False,NFC RFID Classic
CH*CCI*E21135,SIG Thônex Piscine,Chemin de Marcelly,Thônex,1226,46.195472,6.204242,22.0,AC_3_PHASE,32,230,Type 2 Outlet,True,False,NFC RFID Classic
CH*CCI*E20288,Primeo Energie - Lausen,Weidmatttstrasse 49,Lausen,4415,47.47658,7.754198,22.0,AC_3_PHASE,32,230,Type 2 Outlet,True,False,NFC RFID Classic
CH*CCI*E21134,SIG Thônex Piscine,Chemin de Marcelly,Thônex,1226,46.195472,6.204242,22.0,AC_3_PHASE,32,230,Type 2 Outlet,True,False,NFC RFID Classic
CH*CCI*E20287,Primeo Energie - Lausen,Weidmatttstrasse 49,Lausen,4415,47.47658,7.754198,22.0,AC_3_PHASE,32,230,Type 2 Outlet,True,False,NFC RFID Classic
CH*CCI*E22465,MOVE - Cugy (place de la grande salle),Route de Fétigny 22A,Cugy,1482,46.813451,6.887704,22.0,AC_3_PHASE,32,230,Type 2 Outlet,True,False,NFC RFID Classic
CH*CCI*E22466,MOVE - La Roche Route de Fribourg 20,Route de Fribourg 20,La Roche,1634,46.698183,7.140241,22.0,AC_3_PHASE,32,230,Type 2 Outlet,True,False,NFC RFID Classic
CH*CCI*E21136,SIG Thônex Piscine,Chemin de Marcelly,Thônex,1226,46.195472,6.204242,22.0,AC_3_PHASE,32,230,Type 2 Outlet,True,False,NFC RFID Classic
CH*SOC*E5135*3B,SOCAR Fuchberg Nord 3,SOCAR Fuchsberg Nord,Wilen b. Wollerau,8832,47.19624,8.751667,225.0,DC,563,400,CCS Combo 2 Plug (Cable Attached),True,False,NFC RFID Classic
CH*CCI*E22460,MOVE - Ecuvillens L'Aérodrôme,Route de l'Aérodrome,Ecuvillens,1730,46.754496,7.07587,22.0,AC_3_PHASE,32,230,Type 2 Outlet,True,False,NFC RFID Classic
CH*CCI*E20264,MOVE - Arni Harley Davidson Hessigkofen,Hauptstrasse 18,Hessigkofen,4577,47.142699,7.469025,22.0,AC_3_PHASE,32,230,Type 2 Outlet,True,False,NFC RFID Classic
CH*CCI*E22440,Chancy,Route de Bellegarde 91,Chancy,1284,50.0,-15.0,22.0,AC_3_PHASE,32,230,Type 2 Outlet,True,False,NFC RFID Classic
CH*CCI*E21594,MOVE Aare Energie AG - Sonnegg,Sonneggstrasse 32,Olten,4600,47.3436,7.9087,11.0,AC_3_PHASE,16,230,Type 2 Outlet,True,False,NFC RFID Classic
CH*CCI*E21110,MOVE - Überbauung Erlen Heerbrugg,Erlenstrasse,Heerbrugg,9435,47.41135,9.62817,22.0,AC_3_PHASE,32,230,Type 2 Outlet,True,False,NFC RFID Classic
CH*CCI*E20263,Regio Energie Solothurn - Restaurant zur Post,Baselstrasse 23,Riedholz,4533,47.231414,7.572329,11.0,AC_3_PHASE,16,230,Type 2 Outlet,True,False,NFC RFID Classic
CH*CCI*E22445,Chancy,Route de Bellegarde 91,Chancy,1284,50.0,-15.0,22.0,AC_3_PHASE,32,230,Type 2 Outlet,True,False,NFC RFID Classic
CH*CCI*E21597,MOVE Aare Energie AG - Römermatte,Untergrundstrasse,Olten,4600,47.351945,7.892325,11.0,AC_3_PHASE,16,230,Type 2 Outlet,True,False,NFC RFID Classic
CH*CCI*E22446,Chancy,Route de Bellegarde 91,Chancy,1284,50.0,-15.0,22.0,AC_3_PHASE,32,230,Type 2 Outlet,True,False,NFC RFID Classic
CH*CCI*E21596,MOVE Aare Energie AG - Blau Bornfeld Olten,Bornfeldstrasse 15,Olten,4600,47.3401,7.8945,11.0,AC_3_PHASE,16,230,Type 2 Outlet,True,False,NFC RFID Classic
CH*CCI*E21112,"Parkplatz La Val, Guarda",La Val,Guarda,7545,46.77599,10.14564,22.0,AC_3_PHASE,32,230,Type 2 Outlet,True,False,NFC RFID Classic
CH*CCI*E22443,SIG Givaudan Employés,Chemin de la Parfumerie 5,Vernier,1214,46.206383,6.079044,22.0,AC_3_PHASE,32,230,Type 2 Outlet,True,False,NFC RFID Classic
CH*CCI*E21599,Sportanlagen Balgach,Sportplatzstrasse 2,Balgach,9436,47.402069,9.612475,22.0,AC_3_PHASE,32,230,Type 2 Outlet,True,False,NFC RFID Classic
CH*CCI*E22444,SIG Givaudan Employés,Chemin de la Parfumerie 5,Vernier,1214,46.206383,6.079044,22.0,AC_3_PHASE,32,230,Type 2 Outlet,True,False,NFC RFID Classic
CH*CCI*E21598,MOVE Aare Energie AG - Römermatte,Untergrundstrasse,Olten,4600,47.351945,7.892325,11.0,AC_3_PHASE,16,230,Type 2 Outlet,True,False,NFC RFID Classic
CH*SOC*E5135*1A,SOCAR Fuchberg Nord 1,SOCAR Fuchsberg Nord,Wilen b. Wollerau,8832,47.19624,8.751667,225.0,DC,563,400,CCS Combo 2 Plug (Cable Attached),True,False,NFC RFID Classic
CH*CCI*E20260,Regio Energie Solothurn - Dorfplatz,Frank Buchserstrasse,Feldbrunnen,4532,47.219416,7.554793,22.0,AC_3_PHASE,32,230,Type 2 Outlet,True,False,NFC RFID Classic
CH*CCI*E22034,MOVE - Busdepot BOGG Wangen bei Olten,Industriestrasse 30,Wangen bei Olten,4612,47.341526,7.862588,22.0,AC_3_PHASE,32,230,Type 2 Outlet,True,False,NFC RFID Classic
CH*CCI*E22035,MOVE - Busdepot BOGG Wangen bei Olten,Industriestrasse 30,Wangen bei Olten,4612,47.341526,7.862588,22.0,AC_3_PHASE,32,230,Type 2 Outlet,True,False,NFC RFID Classic
CH*CCI*E21185,MOVE Zehentenplatz 1 Willisau,Zehntenpl. 2,Willisau,6130,47.119726,7.988063,22.0,AC_3_PHASE,32,230,Type 2 Outlet,True,False,NFC RFID Classic
CH*CCI*E22032,MOVE - Busdepot BOGG Wangen bei Olten,Industriestrasse 30,Wangen bei Olten,4612,47.341526,7.862588,22.0,AC_3_PHASE,32,230,Type 2 Outlet,True,False,NFC RFID Classic
CH*CCI*E21188,MOVE Zehentenplatz 1 Willisau,Zehntenpl. 2,Willisau,6130,47.119726,7.988063,22.0,AC_3_PHASE,32,230,Type 2 Outlet,True,False,NFC RFID Classic
CH*CCI*E22033,MOVE - Busdepot BOGG Wangen bei Olten,Industriestrasse 30,Wangen bei Olten,4612,47.341526,7.862588,22.0,AC_3_PHASE,32,230,Type 2 Outlet,True,False,NFC RFID Classic
CH*CCI*E21187,MOVE Zehentenplatz 1 Willisau,Zehntenpl. 2,Willisau,6130,47.119726,7.988063,22.0,AC_3_PHASE,32,230,Type 2 Outlet,True,False,NFC RFID Classic
CH*CCI*E22038,2,Klosterplatz 2,Mariastein,41115,47.4745,7.4897,22.0,AC_3_PHASE,32,230,Type 2 Outlet,True,False,NFC RFID Classic
CH*CCI*E22039,3,Klosterplatz 2,Mariastein,41115,47.4745,7.4897,22.0,AC_3_PHASE,32,230,Type 2 Outlet,True,False,NFC RFID Classic
CH*CCI*E21189,Move S'cuvillens 7,Route de Posieux 7,Ecuvillens,1730,46.758516,7.08764,22.0,AC_3_PHASE,32,230,Type 2 Outlet,True,False,NFC RFID Classic
CH*CCI*E22036,Besucher Links,Gempenstrasse 1,Birsfelden,4127,47.55261,7.627,22.0,AC_3_PHASE,32,230,Type 2 Outlet,True,False,NFC RFID Classic
CH*CCI*E22037,Besucher Rechts,Gempenstrasse 3,Birsfelden,4127,47.55261,7.627,22.0,AC_3_PHASE,32,230,Type 2 Outlet,True,False,NFC RFID Classic
CH*CCI*E21180,SIG Meinier Parking du Chat,Chemin du Stade 5,Meinier,1252,46.247398,6.232372,22.0,AC_3_PHASE,32,230,Type 2 Outlet,True,False,NFC RFID Classic
CH*CCI*E22030,Keramik Laufen,Wahlenstrasse 46,Laufen,4242,47.414972,7.503713,22.0,AC_3_PHASE,32,230,Type 2 Outlet,True,False,NFC RFID Classic
CH*CCI*E21182,Administration communale de Marly,Route de Fribourg 9,Marly,1723,46.778831,7.154504,11.0,AC_3_PHASE,16,230,Type 2 Connector (Cable Attached),True,False,NFC RFID Classic
CH*CCI*E22031,Keramik Laufen,Wahlenstrasse 46,Laufen,4242,47.414972,7.503713,22.0,AC_3_PHASE,32,230,Type 2 Outlet,True,False,NFC RFID Classic
CH*CCI*E21181,Administration communale de Marly,Route de Fribourg 9,Marly,1723,46.778831,7.154504,11.0,AC_3_PHASE,16,230,Type 2 Connector (Cable Attached),True,False,NFC RFID Classic
CH*CCI*E21184,Move Gemeindehaus Balgach,Turnhallestrasse 1,Balgach,9436,47.406524,9.607019,22.0,AC_3_PHASE,32,230,Type 2 Outlet,True,False,NFC RFID Classic
CH*CCI*E21183,Move Gemeindehaus Balgach,Turnhallestrasse 1,Balgach,9436,47.406524,9.607019,22.0,AC_3_PHASE,32,230,Type 2 Outlet,True,False,NFC RFID Classic
CH*CCI*E22029,"Haldenweg 1A, Arisdorf",Haldenweg 1A,Arisdorf,4422,47.508321,7.763812,11.0,AC_3_PHASE,16,230,Type 2 Outlet,True,False,NFC RFID Classic
CH*CCI*E22023,SIG Grand-Saconnex Sonnex,Rue Sonnex 3,Le Grand-Saconnex,1218,46.228328,6.121515,22.0,AC_3_PHASE,32,230,Type 2 Outlet,True,False,NFC RFID Classic
CH*CCI*E21179,SIG Meinier Parking du Chat,Chemin du Stade 5,Meinier,1252,46.247398,6.232372,22.0,AC_3_PHASE,32,230,Type 2 Outlet,True,False,NFC RFID Classic
CH*CCI*E22028,SIG Thônex Pompiers,Avenue de Thônex 40,Thônex,1226,46.186529,6.196111,22.0,AC_3_PHASE,32,230,Type 2 Outlet,True,False,NFC RFID Classic
CH*CCI*E21178,SIG Meinier Parking du Chat,Chemin du Stade 5,Meinier,1252,46.247398,6.232372,22.0,AC_3_PHASE,32,230,Type 2 Outlet,True,False,NFC RFID Classic
CH*CCI*E22025,SIG CERN Employés,Route de Meyrin,Meyrin,1217,50.0,-15.0,22.0,AC_3_PHASE,32,230,Type 2 Outlet,True,False,NFC RFID Classic
CH*CCI*E22026,SIG CERN Employés,Route de Meyrin,Meyrin,1217,50.0,-15.0,22.0,AC_3_PHASE,32,230,Type 2 Outlet,True,False,NFC RFID Classic
CH*CCI*E22020,SIG CERN Employés,Route de Meyrin,Meyrin,1217,50.0,-15.0,22.0,AC_3_PHASE,32,230,Type 2 Outlet,True,False,NFC RFID Classic
CH*CCI*E21173,SIG Meinier Parking du Chat,Chemin du Stade 5,Meinier,1252,46.247398,6.232372,22.0,AC_3_PHASE,32,230,Type 2 Outlet,True,False,NFC RFID Classic
CH*CCI*E22018,SIG CERN Employés,Route de Meyrin,Meyrin,1217,50.0,-15.0,22.0,AC_3_PHASE,32,230,Type 2 Outlet,True,False,NFC RFID Classic
CH*MMN*E04456,Charging Station MOVE Mobility SA myNet,Attisholzstrasse 11,Luterbach,5442,47.219399,7.582337,22.0,AC_3_PHASE,32,230,Type 2 Outlet,True,False,NFC RFID Classic
CH*CCI*E22019,SIG CERN Employés,Route de Meyrin,Meyrin,1217,50.0,-15.0,22.0,AC_3_PHASE,32,230,Type 2 Outlet,True,False,NFC RFID Classic
CH*MMN*E04455,Charging Station MOVE Mobility SA myNet,Attisholzstrasse 11,Luterbach,5442,47.219399,7.582337,22.0,AC_3_PHASE,32,230,Type 2 Outlet,True,False,NFC RFID Classic
CH*CCI*E22012,SIG Confignon Sous le Clos,Chemin de Sous le Clos,Confignon,1232,46.174795,6.082456,22.0,AC_3_PHASE,32,230,Type 2 Outlet,True,False,NFC RFID Classic
CH*CCI*E21164,MOVE - Camping du Lac Gumefens,L'Etrey 41,Gumefens,1643,46.675694,7.084789,11.0,AC_3_PHASE,16,230,Type 2 Outlet,True,False,NFC RFID Classic
CH*CCI*E22013,SIG Confignon Sous le Clos,Chemin de Sous le Clos,Confignon,1232,46.174795,6.082456,22.0,AC_3_PHASE,32,230,Type 2 Outlet,True,False,NFC RFID Classic
CH*CCI*E21163,MOVE - Camping du Lac Gumefens,L'Etrey 41,Gumefens,1643,46.675694,7.084789,11.0,AC_3_PHASE,16,230,Type 2 Connector (Cable Attached),True,False,NFC RFID Classic
CH*CCI*E22010,SIG CERN Public,Route de  Meyrin,Meyrin,1217,46.234819,6.052141,22.0,AC_3_PHASE,32,230,Type 2 Outlet,True,False,NFC RFID Classic
CH*CCI*E21166,Bäraupark,Bäraustrasse 60,Bärau,3552,46.930868,7.810377,11.0,AC_3_PHASE,16,230,Type 2 Outlet,True,False,NFC RFID Classic
CH*CCI*E22011,SIG Confignon Sous le Clos,Chemin de Sous le Clos,Confignon,1232,46.174795,6.082456,22.0,AC_3_PHASE,32,230,Type 2 Outlet,True,False,NFC RFID Classic
CH*CCI*E21165,Bäraupark,Bäraustrasse 60,Bärau,3552,46.930868,7.810377,11.0,AC_3_PHASE,16,230,Type 2 Outlet,True,False,NFC RFID Classic
CH*CCI*E22016,SIG Dardagny Village,Route du Mandement,Dardagny,1283,46.192516,5.995825,22.0,AC_3_PHASE,32,230,Type 2 Outlet,True,False,NFC RFID Classic
CH*CCI*E22017,SIG CERN Employés,Route de Meyrin,Meyrin,1217,50.0,-15.0,22.0,AC_3_PHASE,32,230,Type 2 Outlet,True,False,NFC RFID Classic
CH*CCI*E21167,Bäraupark,Bäraustrasse 60,Bärau,3552,46.930868,7.810377,11.0,AC_3_PHASE,16,230,Type 2 Outlet,True,False,NFC RFID Classic
CH*CCI*E22498,Parking Etagnières 1,En Rambuz 5,Etagnières,1037,46.597022,6.610164,11.0,AC_3_PHASE,16,230,Type 2 Outlet,True,False,NFC RFID Classic
CH*CCI*E22014,SIG Confignon Sous le Clos,Chemin de Sous le Clos,Confignon,1232,46.174795,6.082456,22.0,AC_3_PHASE,32,230,Type 2 Outlet,True,False,NFC RFID Classic
CH*CCI*E22499,Parking Etagnières 2,En Rambuz 5,Etagnières,1037,46.597022,6.610164,11.0,AC_3_PHASE,16,230,Type 2 Outlet,True,False,NFC RFID Classic
CH*CCI*E22015,SIG Dardagny Village,Route du Mandement,Dardagny,1283,46.192516,5.995825,22.0,AC_3_PHASE,32,230,Type 2 Outlet,True,False,NFC RFID Classic
CH*CCI*E21162,espaceVAL,Clos Pury 15,Val-de-Travers,2108,46.928003,6.639971,22.0,AC_3_PHASE,32,230,Type 2 Outlet,True,False,NFC RFID Classic
CH*CCI*E21161,espaceVAL,Clos Pury 15,Val-de-Travers,2108,46.928003,6.639971,22.0,AC_3_PHASE,32,230,Type 2 Outlet,True,False,NFC RFID Classic
CH*CCI*E22009,SIG CERN Public,Route de  Meyrin,Meyrin,1217,46.234819,6.052141,22.0,AC_3_PHASE,32,230,Type 2 Outlet,True,False,NFC RFID Classic
CH*CCI*E22007,MOVE - Les Verrières,Grand Bourgeau 61,Les Verrières,2126,46.903894,6.479983,11.0,AC_3_PHASE,16,230,Type 2 Outlet,True,False,NFC RFID Classic
CH*CCI*E22008,Le Trèfle à quatre,Route de Villars 14,Saint-Aubin (FR),1566,46.887488,6.983473,22.0,AC_3_PHASE,32,230,Type 2 Outlet,True,False,NFC RFID Classic
CH*CCI*E22001,Solpic AG,Via Mulin 2,Ilanz,7130,46.774822,9.20948,56.0,DC,375,150,CCS Combo 2 Plug (Cable Attached),True,False,NFC RFID Classic
CH*CCI*E22002,Solpic AG,Via Mulin 2,Ilanz,7130,46.774822,9.20948,150.0,DC,375,400,CCS Combo 2 Plug (Cable Attached),True,False,NFC RFID Classic
CH*CCI*E21152,Evangelische Kirche Tägerwilen,Pflanzbergstrasse 2,Tägerwilen,8274,47.654851,9.135753,22.0,AC_3_PHASE,32,230,Type 2 Outlet,True,False,NFC RFID Classic
CH*SOC*E5597*2A,SOCAR Motto 2,SOCAR Rastplatz Motto,Cadenazzo,6599,46.144361,8.945967,400.0,DC,1000,400,CCS Combo 2 Plug (Cable Attached),True,False,NFC RFID Classic
CH*SOC*E5597*2B,SOCAR Motto 2,SOCAR Rastplatz Motto,Cadenazzo,6599,46.144361,8.945967,400.0,DC,1000,400,CCS Combo 2 Plug (Cable Attached),True,False,NFC RFID Classic
CH*CCI*E22000,MOVE - Invisia 1,Auenring 37,Bassersdorf,8303,47.440857,8.623625,11.0,AC_3_PHASE,16,230,Type 2 Outlet,True,False,NFC RFID Classic
CH*CCI*E21154,Fussballplatz Tägerwilen,ARA-Strasse 31,Tägerwilen,8274,47.655916,9.144504,22.0,AC_3_PHASE,32,230,Type 2 Outlet,True,False,NFC RFID Classic
CH*SOC*E5111*1A,SOCAR Bellinzona,"Bellinzona, Via S. Gottardo 17",Bellinzona,6500,46.199268,9.029089,150.0,DC,375,400,CCS Combo 2 Plug (Cable Attached),True,False,NFC RFID Classic
CH*CCI*E22005,"Bodenstrasse 19, Andermatt",Bodenstrasse 19,Andermatt,6490,46.633819,8.589869,11.0,AC_3_PHASE,16,230,Type 2 Outlet,True,False,NFC RFID Classic
CH*CCI*E22003,Huttlerpark Winznau,Burmattstrasse 2-10,Winznau,4652,47.364088,7.928903,22.0,AC_3_PHASE,32,230,Type 2 Outlet,True,False,NFC RFID Classic
CH*SOC*E5111*1B,SOCAR Bellinzona,"Bellinzona, Via S. Gottardo 17",Bellinzona,6500,46.199268,9.029089,150.0,DC,375,400,CCS Combo 2 Plug (Cable Attached),True,False,NFC RFID Classic
CH*CCI*E22004,Huttlerpark Winznau,Burmattstrasse 2-10,Winznau,4652,47.364088,7.928903,22.0,AC_3_PHASE,32,230,Type 2 Outlet,True,False,NFC RFID Classic
CH*SOC*E5597*1B,SOCAR Motto 1,SOCAR Rastplatz Motto,Cadenazzo,6599,46.144361,8.945967,400.0,DC,1000,400,CCS Combo 2 Plug (Cable Attached),True,False,NFC RFID Classic
CH*CCI*E22481,MOVE - Restaurant Allmendhuisli Stans,Ennetbürgerstrasse 5,Stans,6370,46.968109,8.381755,22.0,AC_3_PHASE,32,230,Type 2 Outlet,True,False,NFC RFID Classic
CH*CCI*E22482,MOVE - Restaurant Allmendhuisli Stans,Ennetbürgerstrasse 5,Stans,6370,46.968109,8.381755,22.0,AC_3_PHASE,32,230,Type 2 Outlet,True,False,NFC RFID Classic
CH*CCI*E21151,Evangelische Kirche Tägerwilen,Pflanzbergstrasse 2,Tägerwilen,8274,47.654851,9.135753,22.0,AC_3_PHASE,32,230,Type 2 Outlet,True,False,NFC RFID Classic
CH*CCI*E22480,MOVE - Oberentfelden,Köllikerstrasse 80,Oberentfelden,5036,47.349172,8.036542,22.0,AC_3_PHASE,32,230,Type 2 Outlet,True,False,NFC RFID Classic
CH*CCI*E21150,TPG En Chardon,Chemin de Champs-Prévost 30,Vernier,1214,50.0,-15.0,22.0,AC_3_PHASE,32,230,Type 2 Outlet,True,False,NFC RFID Classic
CH*CCI*E21098,"MOVE - Signal AG, Büren a. A.",Kanalstrasse 34-38,Büren an der Aare,3294,47.143061,7.362301,22.0,AC_3_PHASE,32,230,Type 2 Outlet,True,False,NFC RFID Classic
CH*CCI*E21097,SIG Chêne-Bougeries Pré-du-Couvent,Chemin Pré-du-Couvent,Chêne-Bougeries,1224,46.205069,6.182613,22.0,AC_3_PHASE,32,230,Type 2 Outlet,True,False,NFC RFID Classic
CH*CCI*E21099,"MOVE - Signal AG, Büren a. A.",Kanalstrasse 34-38,Büren an der Aare,3294,47.143061,7.362301,22.0,AC_3_PHASE,32,230,Type 2 Outlet,True,False,NFC RFID Classic
CH*CCI*E21090,Eli10 - Rue du port 1,Rue du Port 1,Le Landeron,2525,47.05096,7.0748,22.0,AC_3_PHASE,32,230,Type 2 Outlet,True,False,NFC RFID Classic
CH*CCI*E21092,MOVE - Starling Hotel Lausanne,Route Cantonale 31,Saint-Sulpice,1025,46.516624,6.566745,22.0,AC_3_PHASE,32,230,Type 2 Outlet,True,False,NFC RFID Classic
CH*CCI*E21091,MOVE - Starling Hotel Lausanne,Route Cantonale 31,Saint-Sulpice,1025,46.516624,6.566745,22.0,AC_3_PHASE,32,230,Type 2 Outlet,True,False,NFC RFID Classic
CH*CCI*E20601,Rothornbahn Lenzerheide,Via Principala 80,Lenzerheide,7078,46.739607,9.556979,22.0,AC_3_PHASE,32,230,Type 2 Outlet,True,False,NFC RFID Classic
CH*CCI*E21935,Erweiterung LS Schützi,Schützenmattweg 18,Olten,4600,47.34891,7.90275,22.0,AC_3_PHASE,32,230,Type 2 Outlet,True,False,NFC RFID Classic
CH*CCI*E20604,City Parking Brühltor,Torstrasse 12,St. Gallen,9000,47.427311,9.378891,22.0,AC_3_PHASE,32,230,Type 2 Outlet,True,False,NFC RFID Classic
CH*CCI*E21934,LS (Blau) Im Kleinholz,Im Kleinholz 70,Olten,4600,47.345394,7.901477,11.0,AC_3_PHASE,16,230,Type 2 Outlet,True,False,NFC RFID Classic
CH*CCI*E20603,City Parking Brühltor,Torstrasse 12,St. Gallen,9000,47.427311,9.378891,22.0,AC_3_PHASE,32,230,Type 2 Outlet,True,False,NFC RFID Classic
CH*CCI*E20606,City Parking Stadtpark,Steinachstrasse 41,St. Gallen,9000,47.429561,9.384191,22.0,AC_3_PHASE,32,230,Type 2 Outlet,True,False,NFC RFID Classic
CH*CCI*E21936,Erweiterung LS Schützi,Schützenmattweg 18,Olten,4600,47.34891,7.90275,22.0,AC_3_PHASE,32,230,Type 2 Outlet,True,False,NFC RFID Classic
CH*SOC*E5582*2C,SOCAR Knutwil Nord,SOCAR Rastplatz Knutwil Nord,Knutwil,6213,47.197801,8.064481,22.0,AC_3_PHASE,32,230,Type 2 Outlet,True,False,NFC RFID Classic
CH*CCI*E20605,City Parking Stadtpark,Steinachstrasse 41,St. Gallen,9000,47.429561,9.384191,22.0,AC_3_PHASE,32,230,Type 2 Outlet,True,False,NFC RFID Classic
CH*CCC*EBT*8610*2,MOVE - Energie Uster,Hallenbadweg,Uster,8610,47.360301,8.726686,20.0,DC,50,400,CHAdeMO,True,False,NFC RFID Classic
CH*CCC*EBT*8610*3,MOVE - Energie Uster,Hallenbadweg,Uster,8610,47.360301,8.726686,20.0,DC,50,400,CCS Combo 2 Plug (Cable Attached),True,False,NFC RFID Classic
CH*CCC*EBT*8610*1,MOVE - Energie Uster,Hallenbadweg,Uster,8610,47.360301,8.726686,22.0,AC_3_PHASE,32,230,Type 2 Outlet,True,False,NFC RFID Classic
CH*CCI*E21928,Tamoil Herrlisberg Nord,Herrlisberg Nord A3,Wädenswil,8820,47.220893,8.661141,300.0,DC,750,400,CCS Combo 2 Plug (Cable Attached),True,False,NFC RFID Classic
CH*CCI*E21927,Tamoil Herrlisberg Nord,Herrlisberg Nord A3,Wädenswil,8820,47.220893,8.661141,300.0,DC,750,400,CCS Combo 2 Plug (Cable Attached),True,False,NFC RFID Classic
CH*CCI*E21929,Tamoil Herrlisberg Nord,Herrlisberg Nord A3,Wädenswil,8820,47.220893,8.661141,300.0,DC,750,400,CCS Combo 2 Plug (Cable Attached),True,False,NFC RFID Classic
CH*CCC*E50389,MOVE Aire autoroute Lavaux nord,Autoroute du Rhône,Bourg-en-Lavaux,1091,46.505273,6.710488,50.0,DC,125,400,CHAdeMO,True,False,NFC RFID Classic
CH*SOC*E5582*1A,SOCAR Knutwil Nord,SOCAR Rastplatz Knutwil Nord,Knutwil,6213,47.197801,8.064481,150.0,DC,375,400,CCS Combo 2 Plug (Cable Attached),True,False,NFC RFID Classic
CH*CCC*E50363,SIG Balexert Parking P1,Avenue Louis-Casaï 27,Vernier,1214,46.218695,6.112343,22.0,AC_3_PHASE,32,230,Type 2 Outlet,True,False,NFC RFID Classic
CH*CCC*E50364,SIG Balexert Parking P1,Avenue Louis-Casaï 27,Vernier,1214,46.218695,6.112343,22.0,AC_3_PHASE,32,230,Type 2 Outlet,True,False,NFC RFID Classic
CH*CCI*E21922,Spital - Öffentliche Ladestation,Spitalstrasse 44,Grabs,9472,47.173896,9.449993,120.0,DC,300,400,CCS Combo 2 Plug (Cable Attached),True,False,NFC RFID Classic
CH*CCC*E50365,SIG Balexert Parking P1,Avenue Louis-Casaï 27,Vernier,1214,46.218695,6.112343,22.0,AC_3_PHASE,32,230,Type 2 Outlet,True,False,NFC RFID Classic
CH*CCC*E50366,SIG Balexert Parking P1,Avenue Louis-Casaï 27,Vernier,1214,46.218695,6.112343,22.0,AC_3_PHASE,32,230,Type 2 Outlet,True,False,NFC RFID Classic
CH*CCI*E21924,Tamoil Herrlisberg Nord,Herrlisberg Nord A3,Wädenswil,8820,47.220893,8.661141,300.0,DC,750,400,CCS Combo 2 Plug (Cable Attached),True,False,NFC RFID Classic
CH*CCI*E21923,Spital - Öffentliche Ladestation,Spitalstrasse 44,Grabs,9472,47.173896,9.449993,120.0,DC,300,400,CCS Combo 2 Plug (Cable Attached),True,False,NFC RFID Classic
CH*CCC*E50360,SIG Balexert Parking P1,Avenue Louis-Casaï 27,Vernier,1214,46.218695,6.112343,22.0,AC_3_PHASE,32,230,Type 2 Outlet,True,False,NFC RFID Classic
CH*CCI*E21926,Tamoil Herrlisberg Nord,Herrlisberg Nord A3,Wädenswil,8820,47.220893,8.661141,300.0,DC,750,400,CCS Combo 2 Plug (Cable Attached),True,False,NFC RFID Classic
CH*CCC*E50361,SIG Balexert Parking P1,Avenue Louis-Casaï 27,Vernier,1214,46.218695,6.112343,22.0,AC_3_PHASE,32,230,Type 2 Outlet,True,False,NFC RFID Classic
CH*CCI*E21925,Tamoil Herrlisberg Nord,Herrlisberg Nord A3,Wädenswil,8820,47.220893,8.661141,75.0,DC,188,400,CHAdeMO,True,False,NFC RFID Classic
CH*SOC*E5582*1B,SOCAR Knutwil Nord,SOCAR Rastplatz Knutwil Nord,Knutwil,6213,47.197801,8.064481,150.0,DC,375,400,CCS Combo 2 Plug (Cable Attached),True,False,NFC RFID Classic
CH*CCC*E50362,SIG Balexert Parking P1,Avenue Louis-Casaï 27,Vernier,1214,46.218695,6.112343,22.0,AC_3_PHASE,32,230,Type 2 Outlet,True,False,NFC RFID Classic
CH*SOC*E5107*1A,SOCAR Tankstelle Quartino,"Quartino, Via Monte Ceneri 1",Quartino,6572,46.151896,8.914942,150.0,DC,375,400,CCS Combo 2 Plug (Cable Attached),True,False,NFC RFID Classic
CH*SOC*E5107*1B,SOCAR Tankstelle Quartino,"Quartino, Via Monte Ceneri 1",Quartino,6572,46.151896,8.914942,150.0,DC,375,400,CCS Combo 2 Plug (Cable Attached),True,False,NFC RFID Classic
CH*CCC*E50356,SIG Balexert Parking P1,Avenue Louis-Casaï 27,Vernier,1214,46.218695,6.112343,22.0,AC_3_PHASE,32,230,Type 2 Outlet,True,False,NFC RFID Classic
CH*CCC*E50357,SIG Balexert Parking P1,Avenue Louis-Casaï 27,Vernier,1214,46.218695,6.112343,22.0,AC_3_PHASE,32,230,Type 2 Outlet,True,False,NFC RFID Classic
CH*CCC*E50358,SIG Balexert Parking P1,Avenue Louis-Casaï 27,Vernier,1214,46.218695,6.112343,22.0,AC_3_PHASE,32,230,Type 2 Outlet,True,False,NFC RFID Classic
CH*CCC*E50359,SIG Balexert Parking P1,Avenue Louis-Casaï 27,Vernier,1214,46.218695,6.112343,22.0,AC_3_PHASE,32,230,Type 2 Outlet,True,False,NFC RFID Classic
CH*CCC*E50374,SIG Balexert Parking P1 XL,Avenue Louis-Casaï 27,Vernier,1214,46.219285,6.112364,22.0,AC_3_PHASE,32,230,Type 2 Outlet,True,False,NFC RFID Classic
CH*CCI*E21094,MOVE - Reinach Business Parc,Christoph Merian-Ring 11,Reinach,4153,47.488667,7.599375,22.0,AC_3_PHASE,32,230,Type 2 Outlet,True,False,NFC RFID Classic
CH*CCI*E21093,Hotel Wasserfall,Hauptstrasse 411,Jaun,1656,46.611247,7.276828,11.0,AC_3_PHASE,16,230,Type 2 Connector (Cable Attached),True,False,NFC RFID Classic
CH*CCI*E21096,SIG Chêne-Bougeries Pré-du-Couvent,Chemin Pré-du-Couvent,Chêne-Bougeries,1224,46.205069,6.182613,22.0,AC_3_PHASE,32,230,Type 2 Outlet,True,False,NFC RFID Classic
CH*CCI*E21095,MOVE - Reinach Business Parc,Christoph Merian-Ring 11,Reinach,4153,47.488667,7.599375,22.0,AC_3_PHASE,32,230,Type 2 Outlet,True,False,NFC RFID Classic
CH*CCI*E21087,Eli10 - Parking de la STEP 1,Chemin des Pêches,Le Landeron,2525,47.05366,7.07093,22.0,AC_3_PHASE,32,230,Type 2 Outlet,True,False,NFC RFID Classic
CH*CCI*E21086,Eli10 - Route de la Piscine 1,Route de la Piscine,Le Landeron,2525,47.0558,7.07131,22.0,AC_3_PHASE,32,230,Type 2 Outlet,True,False,NFC RFID Classic
CH*CCI*E21089,Eli10 - Rue du port 1,Rue du Port 1,Le Landeron,2525,47.05096,7.0748,22.0,AC_3_PHASE,32,230,Type 2 Outlet,True,False,NFC RFID Classic
CH*CCI*E21088,Eli10 - Parking de la STEP 1,Chemin des Pêches,Le Landeron,2525,47.05366,7.07093,22.0,AC_3_PHASE,32,230,Type 2 Outlet,True,False,NFC RFID Classic
CH*CCI*E21081,MOVE - KSS Freizeitpark Schaffhausen,Breitenaustrasse 117,Schaffhausen,8200,47.70423,8.62308,11.0,AC_3_PHASE,16,230,Type 2 Outlet,True,False,NFC RFID Classic
CH*CCI*E21080,MOVE - Überbauung Erlen Heerbrugg,Erlenstrasse,Heerbrugg,9435,47.41135,9.62817,22.0,AC_3_PHASE,32,230,Type 2 Outlet,True,False,NFC RFID Classic
CH*CCI*E21085,Eli10 - Route de la Piscine 1,Route de la Piscine,Le Landeron,2525,47.0558,7.07131,22.0,AC_3_PHASE,32,230,Type 2 Outlet,True,False,NFC RFID Classic
CH*CCI*E21084,"Garage souterrain, Impasse des Ecureuils",Impasse des Ecureuils 9,Granges-Paccot,1763,46.8167,7.138791,22.0,AC_3_PHASE,32,230,Type 2 Outlet,True,False,NFC RFID Classic
CH*CCI*E23255,SIG Céligny Coudres 35,route des Coudres 35,Céligny,1298,46.352273,6.190723,22.0,AC_3_PHASE,32,230,Type 2 Outlet,True,False,NFC RFID Classic
CH*SOC*E5132*1A,SOCAR Tankstelle Hallwil,"Hallwil, Dürrenäscherstrasse 2",Hallwil,5705,47.329473,8.174674,150.0,DC,375,400,CCS Combo 2 Plug (Cable Attached),True,False,NFC RFID Classic
CH*CCI*E21076,Parking Publique Fairmont le Montreux Palace,Avenue Claude Nobs 2,Montreux,1820,46.438253,6.906206,22.0,AC_3_PHASE,32,230,Type 2 Outlet,True,False,NFC RFID Classic
CH*CCI*E23256,SIG Céligny Coudres 35,route des Coudres 35,Céligny,1298,46.352273,6.190723,22.0,AC_3_PHASE,32,230,Type 2 Outlet,True,False,NFC RFID Classic
CH*SOC*E5132*1B,SOCAR Tankstelle Hallwil,"Hallwil, Dürrenäscherstrasse 2",Hallwil,5705,47.329473,8.174674,150.0,DC,375,400,CCS Combo 2 Plug (Cable Attached),True,False,NFC RFID Classic
CH*CCI*E21075,Parking Publique Fairmont le Montreux Palace,Avenue Claude Nobs 2,Montreux,1820,46.438253,6.906206,22.0,AC_3_PHASE,32,230,Type 2 Outlet,True,False,NFC RFID Classic
CH*CCI*E23253,SIG Céligny Coudres 46,Route des Coudres 46,Céligny,1298,46.351446,6.192647,22.0,AC_3_PHASE,32,230,Type 2 Outlet,True,False,NFC RFID Classic
CH*CCI*E21078,Parking Publique Fairmont le Montreux Palace,Avenue Claude Nobs 2,Montreux,1820,46.438253,6.906206,22.0,AC_3_PHASE,32,230,Type 2 Outlet,True,False,NFC RFID Classic
CH*CCI*E23254,SIG Céligny Coudres 46,Route des Coudres 46,Céligny,1298,46.351446,6.192647,22.0,AC_3_PHASE,32,230,Type 2 Outlet,True,False,NFC RFID Classic
CH*CCI*E21077,Parking Publique Fairmont le Montreux Palace,Avenue Claude Nobs 2,Montreux,1820,46.438253,6.906206,22.0,AC_3_PHASE,32,230,Type 2 Outlet,True,False,NFC RFID Classic
CH*CCI*E21079,Parking Publique Fairmont le Montreux Palace,Avenue Claude Nobs 2,Montreux,1820,46.438253,6.906206,22.0,AC_3_PHASE,32,230,Type 2 Outlet,True,False,NFC RFID Classic
CH*CCI*E21070,SIG Versoix Parking Bon Séjour,Route de Sauverny 8,Versoix,1290,46.284211,6.164412,22.0,AC_3_PHASE,32,230,Type 2 Outlet,True,False,NFC RFID Classic
CH*CCI*E23251,SIG Lancy Mairie,Avenue Eugène-Lance,Lancy,1212,46.183643,6.122544,22.0,AC_3_PHASE,32,230,Type 2 Outlet,True,False,NFC RFID Classic
CH*CCI*E21072,Sportzentrum Aegeten Tiefgarage Sporthalle,Aegetenstrasse 60,Widnau,9443,47.394009,9.639131,22.0,AC_3_PHASE,32,230,Type 2 Outlet,True,False,NFC RFID Classic
CH*CCI*E23252,SIG Lancy Mairie,Avenue Eugène-Lance,Lancy,1212,46.183643,6.122544,22.0,AC_3_PHASE,32,230,Type 2 Outlet,True,False,NFC RFID Classic
CH*CCI*E21071,Sportzentrum Aegeten Tiefgarage Sporthalle,Aegetenstrasse 60,Widnau,9443,47.394009,9.639131,22.0,AC_3_PHASE,32,230,Type 2 Outlet,True,False,NFC RFID Classic
CH*CCI*E21074,Parkplatz Zentrum,Bahnhofstrasse 29-33,Widnau,9443,47.40528,9.63562,22.0,AC_3_PHASE,32,230,Type 2 Outlet,True,False,NFC RFID Classic
CH*CCI*E21073,Parkplatz Zentrum,Bahnhofstrasse 29-33,Widnau,9443,47.40528,9.63562,22.0,AC_3_PHASE,32,230,Type 2 Outlet,True,False,NFC RFID Classic
CH*CCI*E21942,MOVE - Croix Blanche Epagny,Route de l'Intyamon 336,Epagny,1663,46.588347,7.084378,24.0,DC,60,400,CHAdeMO,True,False,NFC RFID Classic
CH*CCC*E50385,MOVE Aire autoroute Lavaux nord,Autoroute du Rhône,Bourg-en-Lavaux,1091,46.505273,6.710488,22.0,AC_3_PHASE,32,230,Type 2 Outlet,True,False,NFC RFID Classic
CH*CCI*E20611,Bahnhof Mels,Grofstrasse 42,Mels,8887,47.053698,9.417667,22.0,AC_3_PHASE,32,230,Type 2 Outlet,True,False,NFC RFID Classic
CH*CCI*E21941,MOVE - Croix Blanche Epagny,Route de l'Intyamon 336,Epagny,1663,46.588347,7.084378,24.0,DC,60,400,CCS Combo 2 Plug (Cable Attached),True,False,NFC RFID Classic
CH*CCC*E50386,MOVE Aire autoroute Lavaux nord,Autoroute du Rhône,Bourg-en-Lavaux,1091,46.505273,6.710488,50.0,DC,125,400,CHAdeMO,True,False,NFC RFID Classic
CH*CCI*E21944,Collina - Alter & Pflege,Butzerstrasse 4,Mels,8887,47.042943,9.421565,22.0,AC_3_PHASE,32,230,Type 2 Outlet,True,False,NFC RFID Classic
CH*CCC*E50387,MOVE Aire autoroute Lavaux nord,Autoroute du Rhône,Bourg-en-Lavaux,1091,46.505273,6.710488,50.0,DC,125,400,CCS Combo 2 Plug (Cable Attached),True,False,NFC RFID Classic
CH*CCI*E21982,Borne 1,chemin Vy-des-Mores,Commugny,1291,46.317323,6.176027,22.0,AC_3_PHASE,32,230,Type 2 Outlet,True,False,NFC RFID Classic
CH*CCI*E20651,CityParking Burggraben,Burggraben 16,St. Gallen,9000,47.425514,9.378698,22.0,AC_3_PHASE,32,230,Type 2 Outlet,True,False,NFC RFID Classic
CH*CCI*E22831,MOVE -  Parking des Deux Tours Payerne,Rue des Deux Tours 5,Payerne,1530,46.819531,6.935934,50.0,DC,125,400,CCS Combo 2 Plug (Cable Attached),True,False,NFC RFID Classic
CH*CCI*E20650,CityParking Burggraben,Burggraben 16,St. Gallen,9000,47.425514,9.378698,22.0,AC_3_PHASE,32,230,Type 2 Outlet,True,False,NFC RFID Classic
CH*CCI*E21984,MOVE - Bussigny VD Chemin de Villars 20,Chemin de Villars 20,Bussigny VD,1030,46.555028,6.558639,11.0,AC_3_PHASE,16,230,Type 2 Outlet,True,False,NFC RFID Classic
CH*CCI*E20652,CityParking Burggraben,Burggraben 16,St. Gallen,9000,47.425514,9.378698,22.0,AC_3_PHASE,32,230,Type 2 Outlet,True,False,NFC RFID Classic
CH*CCI*E20613,Energie Kreuzlingen Seestrasse,Seestrasse 45,Kreuzlingen,8280,47.651643,9.180611,22.0,AC_3_PHASE,32,230,Type 2 Outlet,True,False,NFC RFID Classic
CH*CCI*E21943,MOVE - Croix Blanche Epagny,Route de l'Intyamon 336,Epagny,1663,46.588347,7.084378,24.0,DC,60,400,CCS Combo 2 Plug (Cable Attached),True,False,NFC RFID Classic
CH*CCC*E50388,MOVE Aire autoroute Lavaux nord,Autoroute du Rhône,Bourg-en-Lavaux,1091,46.505273,6.710488,175.0,DC,438,400,CCS Combo 2 Plug (Cable Attached),True,False,NFC RFID Classic
CH*CCI*E20612,Bahnhof Mels,Grofstrasse 42,Mels,8887,47.053698,9.417667,22.0,AC_3_PHASE,32,230,Type 2 Outlet,True,False,NFC RFID Classic
CH*CCI*E21946,MOVE - Payerne Rue de la Gare,Rue de la Gare,Payerne,1530,46.81931,6.93896,11.0,AC_3_PHASE,16,230,Type 2 Outlet,True,False,NFC RFID Classic
CH*CCC*E50381,MOVE - Rastplatz Aspholz,Rastplatz Aspholz,Adliswil,8134,47.320749,8.534174,225.0,DC,562,400,CCS Combo 2 Plug (Cable Attached),True,False,NFC RFID Classic
CH*CCI*E20615,"Golfplatz Gams, Rest. Bahnhöfli",Gamserstrasse,Haag,9469,47.208899,9.479313,22.0,AC_3_PHASE,32,230,Type 2 Outlet,True,False,NFC RFID Classic
CH*CCI*E21945,Collina - Alter & Pflege,Butzerstrasse 4,Mels,8887,47.042943,9.421565,22.0,AC_3_PHASE,32,230,Type 2 Outlet,True,False,NFC RFID Classic
CH*CCC*E50382,MOVE - Rastplatz Aspholz,Rastplatz Aspholz,Adliswil,8134,47.320749,8.534174,150.0,DC,375,400,CHAdeMO,True,False,NFC RFID Classic
CH*CCI*E20614,Energie Kreuzlingen Seestrasse,Seestrasse 45,Kreuzlingen,8280,47.651643,9.180611,22.0,AC_3_PHASE,32,230,Type 2 Outlet,True,False,NFC RFID Classic
CH*CCI*E21948,MOVE - Cornaux Route des Vergers,Route des Vergers,Cornaux,2087,47.03932,7.022915,11.0,AC_3_PHASE,16,230,Type 2 Outlet,True,False,NFC RFID Classic
CH*CCC*E50383,MOVE - Rastplatz Aspholz,Rastplatz Aspholz,Adliswil,8134,47.320749,8.534174,225.0,DC,562,400,CCS Combo 2 Plug (Cable Attached),True,False,NFC RFID Classic
CH*CCI*E20617,Via da la Staziun,Via da la staziun,Celerina/Schlarigna,7505,46.512611,9.858229,22.0,AC_3_PHASE,32,230,Type 2 Outlet,True,False,NFC RFID Classic
CH*CCI*E21947,MOVE - Bussigny VD Chemin de Villars 20,Chemin de Villars 20,Bussigny VD,1030,46.555028,6.558639,11.0,AC_3_PHASE,16,230,Type 2 Outlet,True,False,NFC RFID Classic
CH*CCC*E50384,MOVE - Rastplatz Aspholz,Rastplatz Aspholz,Adliswil,8134,47.320749,8.534174,22.0,AC_3_PHASE,32,230,Type 2 Outlet,True,False,NFC RFID Classic
CH*CCI*E20616,"Golfplatz Gams, Rest. Bahnhöfli",Gamserstrasse,Haag,9469,47.208899,9.479313,22.0,AC_3_PHASE,32,230,Type 2 Outlet,True,False,NFC RFID Classic
CH*CCC*E50380,MOVE - Rastplatz Aspholz,Rastplatz Aspholz,Adliswil,8134,47.320749,8.534174,225.0,DC,563,400,CCS Combo 2 Plug (Cable Attached),True,False,NFC RFID Classic
CH*CCI*E21940,MOVE - Croix Blanche Epagny,Route de l'Intyamon 336,Epagny,1663,46.588347,7.084378,24.0,DC,60,400,CHAdeMO,True,False,NFC RFID Classic
CH*CCC*E50379,MOVE - Rastplatz Aspholz,Rastplatz Aspholz,Adliswil,8134,47.320749,8.534174,225.0,DC,563,400,CCS Combo 2 Plug (Cable Attached),True,False,NFC RFID Classic
CH*CCI*E21931,Tamoil Herrlisberg Nord,Herrlisberg Nord A3,Wädenswil,8820,47.220893,8.661141,300.0,DC,750,400,CCS Combo 2 Plug (Cable Attached),True,False,NFC RFID Classic
CH*SOC*E5582*2B,SOCAR Knutwil Nord,SOCAR Rastplatz Knutwil Nord,Knutwil,6213,47.197801,8.064481,75.0,DC,188,400,CHAdeMO,True,False,NFC RFID Classic
CH*CCI*E21930,Tamoil Herrlisberg Nord,Herrlisberg Nord A3,Wädenswil,8820,47.220893,8.661141,300.0,DC,750,400,CCS Combo 2 Plug (Cable Attached),True,False,NFC RFID Classic
CH*SOC*E5582*2A,SOCAR Knutwil Nord,SOCAR Rastplatz Knutwil Nord,Knutwil,6213,47.197801,8.064481,150.0,DC,375,400,CCS Combo 2 Plug (Cable Attached),True,False,NFC RFID Classic
CH*CCI*E21933,LS (Blau) Im Kleinholz,Im Kleinholz 70,Olten,4600,47.345394,7.901477,11.0,AC_3_PHASE,16,230,Type 2 Outlet,True,False,NFC RFID Classic
CH*CCI*E20602,City Parking Brühltor,Torstrasse 12,St. Gallen,9000,47.427311,9.378891,22.0,AC_3_PHASE,32,230,Type 2 Outlet,True,False,NFC RFID Classic
CH*CCI*E21932,Tamoil Herrlisberg Nord,Herrlisberg Nord A3,Wädenswil,8820,47.220893,8.661141,300.0,DC,750,400,CCS Combo 2 Plug (Cable Attached),True,False,NFC RFID Classic
CH*CCC*E50375,SIG Balexert Parking P1 XL,Avenue Louis-Casaï 27,Vernier,1214,46.219285,6.112364,22.0,AC_3_PHASE,32,230,Type 2 Outlet,True,False,NFC RFID Classic
CH*CCI*E21911,"Parkhaus Dorfplatz, öff. Elektroladestation E5",Bahnhofstrasse 35,Meilen,8706,47.269114,8.643989,22.0,AC_3_PHASE,32,230,Type 2 Outlet,True,False,NFC RFID Classic
CH*CCC*E50376,SIG Balexert Parking P1 XL,Avenue Louis-Casaï 27,Vernier,1214,46.219285,6.112364,22.0,AC_3_PHASE,32,230,Type 2 Outlet,True,False,NFC RFID Classic
CH*CCI*E21910,"Parkhaus Dorfplatz, öff. Elektroladestation E4",Bahnhofstrasse 35,Meilen,8706,47.269114,8.643989,22.0,AC_3_PHASE,32,230,Type 2 Outlet,True,False,NFC RFID Classic
CH*CCC*E50377,MOVE - Casino barrière - Montreux,Rue du Théâtre 9,Montreux,1820,46.429444,6.912222,24.0,DC,60,400,CCS Combo 2 Plug (Cable Attached),True,False,NFC RFID Classic
CH*CCI*E21913,"Parkhaus Dorfplatz, öff. Elektroladestation E7",Bahnhofstrasse 35,Meilen,8706,47.269114,8.643989,22.0,AC_3_PHASE,32,230,Type 2 Outlet,True,False,NFC RFID Classic
CH*CCC*E50370,SIG Balexert Parking P1,Avenue Louis-Casaï 27,Vernier,1214,46.218695,6.112343,22.0,AC_3_PHASE,32,230,Type 2 Outlet,True,False,NFC RFID Classic
CH*CCI*E21912,"Parkhaus Dorfplatz, öff. Elektroladestation E6",Bahnhofstrasse 35,Meilen,8706,47.269114,8.643989,22.0,AC_3_PHASE,32,230,Type 2 Outlet,True,False,NFC RFID Classic
CH*CCC*E50371,SIG Balexert Parking P1 XL,Avenue Louis-Casaï 27,Vernier,1214,46.219285,6.112364,22.0,AC_3_PHASE,32,230,Type 2 Outlet,True,False,NFC RFID Classic
CH*CCC*E50372,SIG Balexert Parking P1 XL,Avenue Louis-Casaï 27,Vernier,1214,46.219285,6.112364,22.0,AC_3_PHASE,32,230,Type 2 Outlet,True,False,NFC RFID Classic
CH*CCI*E21914,PLACE V3 ( PUBLIC),Chemin du Belvédère 18,Bussigny,1030 ,46.55885,6.55199,11.0,AC_3_PHASE,16,230,Type 2 Connector (Cable Attached),True,False,NFC RFID Classic
CH*CCC*E50373,SIG Balexert Parking P1 XL,Avenue Louis-Casaï 27,Vernier,1214,46.219285,6.112364,22.0,AC_3_PHASE,32,230,Type 2 Outlet,True,False,NFC RFID Classic
CH*CCI*E21908,"Parkhaus Dorfplatz, öff. Elektroladestation E2",Bahnhofstrasse 35,Meilen,8706,47.269114,8.643989,22.0,AC_3_PHASE,32,230,Type 2 Outlet,True,False,NFC RFID Classic
CH*CCI*E21907,"Parkhaus Dorfplatz, öff. Elektroladestation E1",Bahnhofstrasse 35,Meilen,8706,47.269114,8.643989,22.0,AC_3_PHASE,32,230,Type 2 Outlet,True,False,NFC RFID Classic
CH*CCI*E21909,"Parkhaus Dorfplatz, öff. Elektroladestation E3",Bahnhofstrasse 35,Meilen,8706,47.269114,8.643989,22.0,AC_3_PHASE,32,230,Type 2 Outlet,True,False,NFC RFID Classic
CH*CCC*E50368,SIG Balexert Parking P1,Avenue Louis-Casaï 27,Vernier,1214,46.218695,6.112343,22.0,AC_3_PHASE,32,230,Type 2 Outlet,True,False,NFC RFID Classic
CH*CCC*E50369,SIG Balexert Parking P1,Avenue Louis-Casaï 27,Vernier,1214,46.218695,6.112343,22.0,AC_3_PHASE,32,230,Type 2 Outlet,True,False,NFC RFID Classic
CH*CCI*E22834,Tamoil - Plan-les-Ouates,Route de Saint-Julien 102,Plan-les-Ouates,1228,46.17089,6.122312,200.0,DC,500,400,CCS Combo 2 Plug (Cable Attached),True,False,NFC RFID Classic
CH*CCI*E21502,Parking @Center,Stradun 404,Scuol,7550,46.796734,10.297642,50.0,DC,125,400,CHAdeMO,True,False,NFC RFID Classic
CH*CCI*E22835,Borne gauche,Route de Rosé 46,Avry,1754,46.782936,7.062176,22.0,AC_3_PHASE,32,230,Type 2 Outlet,True,False,NFC RFID Classic
CH*CCI*E21985,Borne 2,chemin Vy-des-Mores,Commugny,1291,46.317323,6.176027,22.0,AC_3_PHASE,32,230,Type 2 Outlet,True,False,NFC RFID Classic
CH*CCI*E21501,Parking @Center,Stradun 404,Scuol,7550,46.796734,10.297642,43.0,AC_3_PHASE,62,230,Type 2 Connector (Cable Attached),True,False,NFC RFID Classic
CH*CCI*E22832,MOVE -  Parking des Deux Tours Payerne,Rue des Deux Tours 5,Payerne,1530,46.819531,6.935934,50.0,DC,125,400,CCS Combo 2 Plug (Cable Attached),True,False,NFC RFID Classic
CH*CCI*E21988,MOVE - Sâles Route de la Joretta 130,Route de la Joretta 130,Sâles,1625,46.621925,6.961746,22.0,AC_3_PHASE,32,230,Type 2 Outlet,True,False,NFC RFID Classic
CH*CCI*E21504,Ecole primaire de Nant,Chemin des Cordils,Mont-Vully,1786,46.95694,7.107456,22.0,AC_3_PHASE,32,230,Type 2 Outlet,True,False,NFC RFID Classic
CH*CCI*E22833,Tamoil - Plan-les-Ouates,Route de Saint-Julien 102,Plan-les-Ouates,1228,46.17089,6.122312,200.0,DC,500,400,CCS Combo 2 Plug (Cable Attached),True,False,NFC RFID Classic
CH*CCI*E21987,MOVE - Sâles Route de la Joretta 130,Route de la Joretta 130,Sâles,1625,46.621925,6.961746,22.0,AC_3_PHASE,32,230,Type 2 Outlet,True,False,NFC RFID Classic
CH*CCI*E21503,Parking @Center,Stradun 404,Scuol,7550,46.796734,10.297642,50.0,DC,125,400,CCS Combo 2 Plug (Cable Attached),True,False,NFC RFID Classic
CH*CCI*E22838,MOVE - Granges-Paccot Route de Morat 135,Route de Morat 135,Granges-Paccot,1763,46.823144,7.149136,11.0,AC_3_PHASE,16,230,Type 2 Outlet,True,False,NFC RFID Classic
CH*CCI*E21506,MOVE - Parking des Nations GE,Rue de Varembé 2,Genève,1202,46.221181,6.13901,11.0,AC_3_PHASE,16,230,Type 2 Outlet,True,False,NFC RFID Classic
CH*CCI*E21989,MOVE - La Côte Jura,La Côte/A1 nord,Bursins,1183,46.446593,6.297621,22.0,AC_3_PHASE,32,230,Type 2 Outlet,True,False,NFC RFID Classic
CH*CCI*E21505,MOVE - Parking des Nations GE,Rue de Varembé 2,Genève,1202,46.221181,6.13901,11.0,AC_3_PHASE,16,230,Type 2 Outlet,True,False,NFC RFID Classic
CH*CCI*E22836,Borne droite,Route de Rosé 46,Avry,1754,46.782936,7.062176,11.0,AC_3_PHASE,16,230,Type 2 Outlet,True,False,NFC RFID Classic
CH*CCI*E21508,MOVE - Parking des Nations GE,Rue de Varembé 2,Genève,1202,46.221181,6.13901,11.0,AC_3_PHASE,16,230,Type 2 Outlet,True,False,NFC RFID Classic
CH*CCI*E22837,MOVE - Villars sur Glâne Route de Villars-Vert 2,Route de Villars-Vert 9,Villars-sur-Glâne,1752,46.798675,7.12933,22.0,AC_3_PHASE,32,230,Type 2 Outlet,True,False,NFC RFID Classic
CH*CCI*E21507,MOVE - Parking des Nations GE,Rue de Varembé 2,Genève,1202,46.221181,6.13901,11.0,AC_3_PHASE,16,230,Type 2 Outlet,True,False,NFC RFID Classic
CH*CCI*E22830,MOVE - KSS Freizeitpark Schaffhausen,Breitenaustrasse 117,Schaffhausen,8200,47.70423,8.62308,22.0,AC_3_PHASE,32,230,Type 2 Outlet,True,False,NFC RFID Classic
CH*CCI*E21975,Feldhofstrasse 3,Feldhofstrasse 3,Uster,8610,47.352237,8.723286,22.0,AC_3_PHASE,32,230,Type 2 Outlet,True,False,NFC RFID Classic
CH*CCI*E22823,MOVE - Muri Center,Feldstrasse 32,Muri bei Bern,3073,46.927233,7.503237,300.0,DC,750,400,CCS Combo 2 Plug (Cable Attached),True,False,NFC RFID Classic
CH*CCI*E20644,Parkplatz Hallenbad Mels,Melibündtenweg 30,Mels,8887,47.04704,9.426227,22.0,AC_3_PHASE,32,230,Type 2 Outlet,True,False,NFC RFID Classic
CH*CCI*E21974,Feldhofstrasse 3,Feldhofstrasse 3,Uster,8610,47.352237,8.723286,22.0,AC_3_PHASE,32,230,Type 2 Outlet,True,False,NFC RFID Classic
CH*CCI*E20643,Parkplatz Hallenbad Mels,Melibündtenweg 30,Mels,8887,47.04704,9.426227,22.0,AC_3_PHASE,32,230,Type 2 Outlet,True,False,NFC RFID Classic
CH*CCI*E21977,Station 2,Route du Lac 114,Vallamand,1586,46.929581,7.044102,11.0,AC_3_PHASE,16,230,Type 2 Outlet,True,False,NFC RFID Classic
CH*CCI*E22821,MOVE - Muri Center,Feldstrasse 32,Muri bei Bern,3073,46.927233,7.503237,300.0,DC,750,400,CCS Combo 2 Plug (Cable Attached),True,False,NFC RFID Classic
CH*CCI*E21976,Station 1,Route du Lac 114,Vallamand,1586,46.929581,7.044102,11.0,AC_3_PHASE,16,230,Type 2 Outlet,True,False,NFC RFID Classic
CH*CCI*E22822,MOVE - Muri Center,Feldstrasse 32,Muri bei Bern,3073,46.927233,7.503237,100.0,DC,250,400,CHAdeMO,True,False,NFC RFID Classic
CH*CCI*E21979,Station 4,Route du Lac 114,Vallamand,1586,46.929581,7.044102,11.0,AC_3_PHASE,16,230,Type 2 Outlet,True,False,NFC RFID Classic
CH*CCI*E20648,CityParking Burggraben,Burggraben 16,St. Gallen,9000,47.425514,9.378698,22.0,AC_3_PHASE,32,230,Type 2 Outlet,True,False,NFC RFID Classic
CH*CCI*E21978,Station 3,Route du Lac 114,Vallamand,1586,46.929581,7.044102,11.0,AC_3_PHASE,16,230,Type 2 Outlet,True,False,NFC RFID Classic
CH*CCI*E20647,CityParking Burggraben,Burggraben 16,St. Gallen,9000,47.425514,9.378698,22.0,AC_3_PHASE,32,230,Type 2 Outlet,True,False,NFC RFID Classic
CH*CCI*E20649,CityParking Burggraben,Burggraben 16,St. Gallen,9000,47.425514,9.378698,22.0,AC_3_PHASE,32,230,Type 2 Outlet,True,False,NFC RFID Classic
CH*CCI*E21971,Alterszentrum Du Lac,Via Giovanni Segantini 4a,St. Moritz,7500,46.487916,9.835704,11.0,AC_3_PHASE,16,230,Type 2 Outlet,True,False,NFC RFID Classic
CH*CCI*E22820,Place St Jacques - 2 (droite),Place St-Jacques 63A,Romont,1680,46.696463,6.918982,22.0,AC_3_PHASE,32,230,Type 2 Outlet,True,False,NFC RFID Classic
CH*CCI*E21970,Alterszentrum Du Lac,Via Giovanni Segantini 4a,St. Moritz,7500,46.487916,9.835704,11.0,AC_3_PHASE,16,230,Type 2 Outlet,True,False,NFC RFID Classic
CH*CCI*E21973,Feldhofstrasse 3,Feldhofstrasse 3,Uster,8610,47.352237,8.723286,22.0,AC_3_PHASE,32,230,Type 2 Outlet,True,False,NFC RFID Classic
CH*CCI*E21972,Feldhofstrasse 3,Feldhofstrasse 3,Uster,8610,47.352237,8.723286,22.0,AC_3_PHASE,32,230,Type 2 Outlet,True,False,NFC RFID Classic
CH*SOC*E5140*1B,SOCAR Biberist,Holzackerstrasse 1,Biberist,4562,47.18996,7.553289,150.0,DC,375,400,CCS Combo 2 Plug (Cable Attached),True,False,NFC RFID Classic
CH*SOC*E5140*1A,SOCAR Biberist,Holzackerstrasse 1,Biberist,4562,47.18996,7.553289,150.0,DC,375,400,CCS Combo 2 Plug (Cable Attached),True,False,NFC RFID Classic
CH*CCI*E22818,Parking du Poyet - 2 (droite),Parking du Poyet,Romont,1680,46.69747,6.919971,11.0,AC_3_PHASE,16,230,Type 2 Outlet,True,False,NFC RFID Classic
CH*CCI*E22819,Place St Jacques - 1 (gauche),Place St-Jacques 63A,Romont,1680,46.696463,6.918982,22.0,AC_3_PHASE,32,230,Type 2 Outlet,True,False,NFC RFID Classic
CH*CCI*E22810,Charging Station MOVE Mobility SA,Dorfstrasse  2,Wünnewil-Flamatt,3184,46.875043,7.27974,22.0,AC_3_PHASE,32,230,Type 2 Outlet,True,False,NFC RFID Classic
CH*CCI*E21966,Eli10 - Parking du Lac - Auvernier,Route du Lac,Auvernier,2012,46.975617,6.880061,22.0,AC_3_PHASE,32,230,Type 2 Outlet,True,False,NFC RFID Classic
CH*CCC*EBU*2542*1,MOVE - A5 SOCAR Pieterlen,SOCAR Autobahnraststätte Pieterlen A5,Pieterlen,2542,47.16885,7.3513,22.0,AC_3_PHASE,32,230,Type 2 Outlet,True,False,NFC RFID Classic
CH*CCC*EBU*2542*2,MOVE - A5 SOCAR Pieterlen,SOCAR Autobahnraststätte Pieterlen A5,Pieterlen,2542,47.16885,7.3513,50.0,DC,125,400,CHAdeMO,True,False,NFC RFID Classic
CH*CCI*E21968,Alterszentrum Du Lac,Via Giovanni Segantini 4a,St. Moritz,7500,46.487916,9.835704,11.0,AC_3_PHASE,16,230,Type 2 Outlet,True,False,NFC RFID Classic
CH*CCI*E22817,Parking du Poyet - 1 (gauche),Parking du Poyet,Romont,1680,46.69747,6.919971,22.0,AC_3_PHASE,32,230,Type 2 Outlet,True,False,NFC RFID Classic
CH*CCI*E21967,Eli10 - Parking du Lac - Auvernier,Route du Lac,Auvernier,2012,46.975617,6.880061,22.0,AC_3_PHASE,32,230,Type 2 Outlet,True,False,NFC RFID Classic
CH*CCI*E21969,Alterszentrum Du Lac,Via Giovanni Segantini 4a,St. Moritz,7500,46.487916,9.835704,11.0,AC_3_PHASE,16,230,Type 2 Outlet,True,False,NFC RFID Classic
CH*CCC*EBU*2542*3,MOVE - A5 SOCAR Pieterlen,SOCAR Autobahnraststätte Pieterlen A5,Pieterlen,2542,47.16885,7.3513,50.0,DC,125,400,CCS Combo 2 Plug (Cable Attached),True,False,NFC RFID Classic
CH*CCI*E20631,Parkplatz Marktplatz,Thundorferstrasse 20a,Frauenfeld,8501,47.554388,8.900203,22.0,AC_3_PHASE,32,230,Type 2 Outlet,True,False,NFC RFID Classic
CH*CCI*E20630,Parkplatz Marktplatz,Thundorferstrasse 20a,Frauenfeld,8501,47.554388,8.900203,22.0,AC_3_PHASE,32,230,Type 2 Outlet,True,False,NFC RFID Classic
CH*CCI*E22809,Charging Station MOVE Mobility SA,Bözingenstrasse 100,Bienne,2502,47.150121,7.262347,22.0,AC_3_PHASE,32,230,Type 2 Outlet,True,False,NFC RFID Classic
CH*CCI*E22807,Charging Station MOVE Mobility SA,Chemin Champ Olivier 14,Murten,3280,46.916676,7.110494,22.0,AC_3_PHASE,32,230,Type 2 Outlet,True,False,NFC RFID Classic
CH*CCI*E22801,Kantonsspital Olten - Spitex 3,Fährweg 6,Olten,4600,47.355822,7.905016,11.0,AC_3_PHASE,16,230,Type 2 Connector (Cable Attached),True,False,NFC RFID Classic
CH*CCI*E21953,PP 415,Postgasshalde 50,Bern,3011,46.94899,7.451877,22.0,AC_3_PHASE,32,230,Type 2 Outlet,True,False,NFC RFID Classic
CH*CCI*E20622,Parkhaus EKZ Lerchenfeld,Zürcher Strasse 204,St. Gallen,9001,47.412799,9.335419,22.0,AC_3_PHASE,32,230,Type 2 Outlet,True,False,NFC RFID Classic
CH*CCI*E22802,Kantonsspital Olten - Personal 1,Fährweg 6,Olten,4600,47.355822,7.905016,11.0,AC_3_PHASE,16,230,Type 2 Connector (Cable Attached),True,False,NFC RFID Classic
CH*CCI*E21952,PP 120,Postgasshalde 50,Bern,3011,46.94899,7.451877,22.0,AC_3_PHASE,32,230,Type 2 Outlet,True,False,NFC RFID Classic
CH*CCI*E20621,Hotel Hauser St.Moritz,Via Traunter Plazzas 7,St. Moritz,7500,46.497358,9.837978,22.0,AC_3_PHASE,32,230,Type 2 Outlet,True,False,NFC RFID Classic
CH*CCI*E20624,Parkhaus EKZ Lerchenfeld,Zürcher Strasse 204,St. Gallen,9001,47.412799,9.335419,22.0,AC_3_PHASE,32,230,Type 2 Outlet,True,False,NFC RFID Classic
CH*CCI*E22800,Kantonsspital Olten - Spitex 2,Fährweg 6,Olten,4600,47.355822,7.905016,11.0,AC_3_PHASE,16,230,Type 2 Connector (Cable Attached),True,False,NFC RFID Classic
CH*CCI*E21954,PP 417,Postgasshalde 50,Bern,3011,46.94899,7.451877,22.0,AC_3_PHASE,32,230,Type 2 Outlet,True,False,NFC RFID Classic
CH*CCI*E20623,Parkhaus EKZ Lerchenfeld,Zürcher Strasse 204,St. Gallen,9001,47.412799,9.335419,22.0,AC_3_PHASE,32,230,Type 2 Outlet,True,False,NFC RFID Classic
CH*CCI*E21957,PP 423,Postgasshalde 50,Bern,3011,46.94899,7.451877,22.0,AC_3_PHASE,32,230,Type 2 Outlet,True,False,NFC RFID Classic
CH*CCI*E22805,Place de parc,Rte des Daillettes 1,Fribourg,1700 ,46.794888,7.148334,22.0,AC_3_PHASE,32,230,Type 2 Outlet,True,False,NFC RFID Classic
CH*CCI*E20626,WIPA Tiefgarage Stadtsaal,Weststrasse 4,Wil,9500,47.462988,9.041362,11.0,AC_3_PHASE,16,230,Type 2 Outlet,True,False,NFC RFID Classic
CH*CCI*E22806,MOVE - Sportmotel Zweisimmen,Saanenstrasse 15,Zweisimmen,3770,46.552386,7.368875,22.0,AC_3_PHASE,32,230,Type 2 Outlet,True,False,NFC RFID Classic
CH*CCI*E21956,PP 421,Postgasshalde 50,Bern,3011,46.94899,7.451877,22.0,AC_3_PHASE,32,230,Type 2 Outlet,True,False,NFC RFID Classic
CH*CCI*E20625,WIPA Tiefgarage Stadtsaal,Weststrasse 4,Wil,9500,47.462988,9.041362,11.0,AC_3_PHASE,16,230,Type 2 Outlet,True,False,NFC RFID Classic
CH*CCI*E22803,Kantonsspital Olten - Personal 2,Fährweg 6,Olten,4600,47.355822,7.905016,11.0,AC_3_PHASE,16,230,Type 2 Connector (Cable Attached),True,False,NFC RFID Classic
CH*CCI*E21959,PP 427,Postgasshalde 50,Bern,3011,46.94899,7.451877,22.0,AC_3_PHASE,32,230,Type 2 Outlet,True,False,NFC RFID Classic
CH*CCI*E22804,Kantonsspital Olten - Personal 3,Fährweg 6,Olten,4600,47.355822,7.905016,11.0,AC_3_PHASE,16,230,Type 2 Connector (Cable Attached),True,False,NFC RFID Classic
CH*CCI*E21958,PP 425,Postgasshalde 50,Bern,3011,46.94899,7.451877,22.0,AC_3_PHASE,32,230,Type 2 Outlet,True,False,NFC RFID Classic
CH*CCI*E20627,WIPA Tiefgarage Stadtsaal,Weststrasse 4,Wil,9500,47.462988,9.041362,11.0,AC_3_PHASE,16,230,Type 2 Outlet,True,False,NFC RFID Classic
CH*CCI*E21888,MOVE - Pationoire Les Paccots,Rte des Dailles 19-15,Châtel-Saint-Denis,1619,46.52171,6.949929,22.0,AC_3_PHASE,32,230,Type 2 Outlet,True,False,NFC RFID Classic
CH*CCI*E21404,MOVE Aare Energie AG - Lungo Mare,Aarburgerstrasse 6,Olten,4600,47.3486,7.9058,22.0,AC_3_PHASE,32,230,Type 2 Outlet,True,False,NFC RFID Classic
CH*CCI*E20557,Energie Kreuzlingen Nationalstrasse,Nationalstrasse 27,Kreuzlingen,8280,47.648723,9.169593,22.0,AC_3_PHASE,32,230,Type 2 Outlet,True,False,NFC RFID Classic
CH*CCI*E22737,"MOVE - Bahnhof Baden, Velostation",Stadtturmstrasse 6,Baden,5400,47.475391,8.306562,50.0,DC,125,400,CHAdeMO,True,False,NFC RFID Classic
CH*CCI*E22738,2_204,Gessnerallee 14,Zürich,8001,47.375245,8.535116,22.0,AC_3_PHASE,32,230,Type 2 Outlet,True,False,NFC RFID Classic
CH*CCI*E21881,Borne public ext.,ZI les marais 16,Saint-Maurice,1890,46.205357,7.007322,22.0,AC_3_PHASE,32,230,Type 2 Outlet,True,False,NFC RFID Classic
CH*CCI*E21880,MOVE - Romont Route de Bocheferra 9,Route de Bocheferra 9,Romont,1680,46.704183,6.932829,22.0,AC_3_PHASE,32,230,Type 2 Outlet,True,False,NFC RFID Classic
CH*CCI*E22731,Täscherhof,Bahnhofplatz 1,Täsch,3929,46.066767,7.775114,22.0,AC_3_PHASE,32,230,Type 2 Connector (Cable Attached),True,False,NFC RFID Classic
CH*CCI*E21883,MOVE - Villars-sur-Glâne Route de la Glâne 117,Route de la Glâne 117,Villars-sur-Glâne,1752,46.791138,7.140559,22.0,AC_3_PHASE,32,230,Type 2 Outlet,True,False,NFC RFID Classic
CH*CCI*E22732,Täscherhof,Bahnhofplatz 1,Täsch,3929,46.066767,7.775114,22.0,AC_3_PHASE,32,230,Type 2 Connector (Cable Attached),True,False,NFC RFID Classic
CH*CCI*E21882,MOVE - Interlaken Jungfraustrasse 53,Jungfraustrasse 53,Interlaken,3800,46.68411,7.857459,11.0,AC_3_PHASE,16,230,Type 2 Outlet,True,False,NFC RFID Classic
CH*CCI*E21885,Borne 1,Route de l'Intyamon 109,Villars-sous-Mont,1666,46.538772,7.068104,22.0,AC_3_PHASE,32,230,Type 2 Outlet,True,False,NFC RFID Classic
CH*CCI*E21401,MOVE - Romont Rue prés des comtes,Rue prés des comtes,Romont,1680,46.693417,6.913015,11.0,AC_3_PHASE,16,230,Type 2 Outlet,True,False,NFC RFID Classic
CH*CCI*E20554,Parkplatz Clavadoiras,"Via Principala, PP Calvadoiras",Lenzerheide Vaz / Obervaz,7078,46.722794,9.558576,22.0,AC_3_PHASE,32,230,Type 2 Outlet,True,False,NFC RFID Classic
CH*CCI*E22730,Täscherhof,Bahnhofplatz 1,Täsch,3929,46.066767,7.775114,22.0,AC_3_PHASE,32,230,Type 2 Connector (Cable Attached),True,False,NFC RFID Classic
CH*CCI*E21884,MOVE - Villars-sur-Glâne Route de la Glâne 117,Route de la Glâne 117,Villars-sur-Glâne,1752,46.791138,7.140559,22.0,AC_3_PHASE,32,230,Type 2 Outlet,True,False,NFC RFID Classic
CH*CCI*E21876,Borne 2,Route de la Gruyère 22,Le Pâquier (FR),1661,46.595549,7.058309,22.0,AC_3_PHASE,32,230,Type 2 Outlet,True,False,NFC RFID Classic
CH*CCI*E20545,Parkplatz Spital Wil,Fürstenlandstrasse 32,Wil,9500,47.465462,9.056902,22.0,AC_3_PHASE,32,230,Type 2 Outlet,True,False,NFC RFID Classic
CH*CCI*E21875,Borne 1,Route de la Gruyère 22,Le Pâquier (FR),1661,46.595549,7.058309,22.0,AC_3_PHASE,32,230,Type 2 Outlet,True,False,NFC RFID Classic
CH*CCI*E20544,Parkplatz Spital Wil,Fürstenlandstrasse 32,Wil,9500,47.465462,9.056902,22.0,AC_3_PHASE,32,230,Type 2 Outlet,True,False,NFC RFID Classic
CH*CCI*E21878,MOVE - Stade de Lussy Châtel-St-Denis,Route du Lac Lussy,Châtel-Saint-Denis,1618,46.537877,6.897797,22.0,AC_3_PHASE,32,230,Type 2 Connector (Cable Attached),True,False,NFC RFID Classic
CH*CCI*E20547,Alvier Parkplatz Buchs,Alvierstrasse,Buchs,9470,47.166708,9.474544,22.0,AC_3_PHASE,32,230,Type 2 Outlet,True,False,NFC RFID Classic
CH*CCI*E21877,MOVE - Stade de Lussy Châtel-St-Denis,Route du Lac Lussy,Châtel-Saint-Denis,1618,46.537877,6.897797,22.0,AC_3_PHASE,32,230,Type 2 Connector (Cable Attached),True,False,NFC RFID Classic
CH*CCI*E20546,Alvier Parkplatz Buchs,Alvierstrasse,Buchs,9470,47.166708,9.474544,22.0,AC_3_PHASE,32,230,Type 2 Outlet,True,False,NFC RFID Classic
CH*CCI*E20549,BZB Berufs- und Weiterbildungszentrum Buchs,Brunnenstrasse 4,Buchs,9470,47.173357,9.469929,22.0,AC_3_PHASE,32,230,Type 2 Outlet,True,False,NFC RFID Classic
CH*CCI*E21879,Borne fromagerie Fleurette,Route de Flendruz 4,Rougemont,1659,46.48787,7.204792,22.0,AC_3_PHASE,32,230,Type 2 Outlet,True,False,NFC RFID Classic
CH*CCI*E20548,BZB Berufs- und Weiterbildungszentrum Buchs,Brunnenstrasse 4,Buchs,9470,47.173357,9.469929,22.0,AC_3_PHASE,32,230,Type 2 Outlet,True,False,NFC RFID Classic
CH*CCI*E21870,MOVE-Sportanlage Bützel Buechen,Thalerstrasse,Buechen b. Staad SG,9422,47.47749,9.54313,22.0,AC_3_PHASE,32,230,Type 2 Outlet,True,False,NFC RFID Classic
CH*CCI*E21872,MOVE - Parking P3 château de Gruyères,Route de la Cité,Gruyères,1663,46.58243,7.078416,11.0,AC_3_PHASE,16,230,Type 2 Outlet,True,False,NFC RFID Classic
CH*CCI*E21871,PP2,Löwenstrasse 35,Rorschach,9400,47.476781,9.486565,11.0,AC_3_PHASE,16,230,Type 2 Outlet,True,False,NFC RFID Classic
CH*CCI*E21874,MOVE - Parking P3 château de Gruyères,Route de la Cité,Gruyères,1663,46.58243,7.078416,11.0,AC_3_PHASE,16,230,Type 2 Outlet,True,False,NFC RFID Classic
CH*CCI*E21873,MOVE - Parking P3 château de Gruyères,Route de la Cité,Gruyères,1663,46.58243,7.078416,4.0,AC_1_PHASE,16,230,Type 2 Outlet,True,False,NFC RFID Classic
CH*CCI*E22719,MOVE - A2 Gotthardraststätte West,A2 Gotthardraststätte West,Schattdorf,6467,46.846514,8.632299,50.0,DC,125,400,CCS Combo 2 Plug (Cable Attached),True,False,NFC RFID Classic
CH*SOC*E5104*1A,SOCAR Opfikon,"Opfikon, Hagenholzstrasse 119",Opfikon,8152,47.416203,8.563986,150.0,DC,375,400,CCS Combo 2 Plug (Cable Attached),True,False,NFC RFID Classic
CH*SOC*E5104*1B,SOCAR Opfikon,"Opfikon, Hagenholzstrasse 119",Opfikon,8152,47.416203,8.563986,150.0,DC,375,400,CCS Combo 2 Plug (Cable Attached),True,False,NFC RFID Classic
CH*CCI*E22317,SIG PLO Chevaliers-de-Malte,Route des Chevaliers-de-Malte 13,Plan-les-Ouates,1228,46.167383,6.118704,22.0,AC_3_PHASE,32,230,Type 2 Outlet,True,False,NFC RFID Classic
CH*CCI*E21469,Helvetia Guillermaux,Rue de Guillermaux 1-3-5,Payerne,1530,46.818507,6.93617,22.0,AC_3_PHASE,32,230,Type 2 Outlet,True,False,NFC RFID Classic
CH*CCI*E21951,PP 119,Postgasshalde 50,Bern,3011,46.94899,7.451877,22.0,AC_3_PHASE,32,230,Type 2 Outlet,True,False,NFC RFID Classic
CH*CCI*E21950,MOVE - Peseux NE Rue Ernest-Roulet 4,Rue Ernest-Roulet 4,Peseux NE,2034,46.9856,6.8877,11.0,AC_3_PHASE,16,230,Type 2 Outlet,True,False,NFC RFID Classic
CH*SOC*E5139*1B,SOCAR Nidau,Hauptstrasse 139a,Nidau,2560,47.119569,7.242967,150.0,DC,375,400,CCS Combo 2 Plug (Cable Attached),True,False,NFC RFID Classic
CH*SOC*E5139*1A,SOCAR Nidau,Hauptstrasse 139a,Nidau,2560,47.119569,7.242967,150.0,DC,375,400,CCS Combo 2 Plug (Cable Attached),True,False,NFC RFID Classic
CH*CCI*E21949,MOVE - Cornaux Route des Vergers,Route des Vergers,Cornaux,2087,47.03932,7.022915,11.0,AC_3_PHASE,16,230,Type 2 Outlet,True,False,NFC RFID Classic
CH*CCI*E20618,Via da la Staziun,Via da la staziun,Celerina/Schlarigna,7505,46.512611,9.858229,22.0,AC_3_PHASE,32,230,Type 2 Outlet,True,False,NFC RFID Classic
CH*CCI*E21425,SIG Confignon Edouard Vallet,Rue Edouard Vallet,Confignon,1232,46.182028,6.089896,22.0,AC_3_PHASE,32,230,Type 2 Outlet,True,False,NFC RFID Classic
CH*CCI*E20578,"Baldegger, Wil",Flawilerstrasse 31,Wil,9500,47.450463,9.055348,22.0,AC_3_PHASE,32,230,Type 2 Outlet,True,False,NFC RFID Classic
CH*CCI*E21424,SIG Confignon Edouard Vallet,Rue Edouard Vallet,Confignon,1232,46.182028,6.089896,22.0,AC_3_PHASE,32,230,Type 2 Outlet,True,False,NFC RFID Classic
CH*CCI*E20577,Restaurant Heidelberg Aadorf,Schützenstrasse 45,Aadorf,8355,47.496352,8.903436,22.0,AC_3_PHASE,32,230,Type 2 Outlet,True,False,NFC RFID Classic
CH*CCI*E21427,SIG Satigny Gare,Route de la Gare-de-Satigny,Satigny,1242,46.213907,6.036421,22.0,AC_3_PHASE,32,230,Type 2 Outlet,True,False,NFC RFID Classic
CH*CCI*E21426,SIG Satigny Gare,Route de la Gare-de-Satigny,Satigny,1242,46.213907,6.036421,22.0,AC_3_PHASE,32,230,Type 2 Outlet,True,False,NFC RFID Classic
CH*CCC*E50300,MOVE - Rastplatz Mühlematt Ost,Rastplatz Mühlematt Ost,Tenniken BL,4456,47.428388,7.809169,150.0,DC,375,400,CCS Combo 2 Plug (Cable Attached),True,False,NFC RFID Classic
CH*CCI*E20579,"Baldegger, Wil",Flawilerstrasse 31,Wil,9500,47.450463,9.055348,22.0,AC_3_PHASE,32,230,Type 2 Outlet,True,False,NFC RFID Classic
CH*CCI*E21429,SIG Confignon Edouard Vallet,Rue Edouard Vallet,Confignon,1232,46.182028,6.089896,22.0,AC_3_PHASE,32,230,Type 2 Outlet,True,False,NFC RFID Classic
CH*CCI*E21428,SIG Confignon Edouard Vallet,Rue Edouard Vallet,Confignon,1232,46.182028,6.089896,22.0,AC_3_PHASE,32,230,Type 2 Outlet,True,False,NFC RFID Classic
CH*CCI*E22759,2_212,Gessnerallee 14,Zürich,8001,47.375245,8.535116,22.0,AC_3_PHASE,32,230,Type 2 Outlet,True,False,NFC RFID Classic
CH*CCI*E20570,Dorfplatz Horn,Tübacherstrasse 11,Horn,9326,47.494831,9.462748,22.0,AC_3_PHASE,32,230,Type 2 Outlet,True,False,NFC RFID Classic
CH*CCI*E22750,2_221,Gessnerallee 14,Zürich,8001,47.375245,8.535116,22.0,AC_3_PHASE,32,230,Type 2 Outlet,True,False,NFC RFID Classic
CH*CCI*E20571,Dorfplatz Horn,Tübacherstrasse 11,Horn,9326,47.494831,9.462748,22.0,AC_3_PHASE,32,230,Type 2 Outlet,True,False,NFC RFID Classic
CH*CCI*E22753,2_224,Gessnerallee 14,Zürich,8001,47.375245,8.535116,22.0,AC_3_PHASE,32,230,Type 2 Outlet,True,False,NFC RFID Classic
CH*CCI*E20574,Breite Parkplatz Altstätten,Breite 45,Altstätten,9450,47.378682,9.53764,22.0,AC_3_PHASE,32,230,Type 2 Outlet,True,False,NFC RFID Classic
CH*CCI*E21420,MOVE - Gare de Châtel-St-Denis,Rte de Palézieux 123a,Châtel-Saint-Denis,1618,46.52781,6.895941,50.0,DC,125,400,CCS Combo 2 Plug (Cable Attached),True,False,NFC RFID Classic
CH*CCI*E22751,2_222,Gessnerallee 14,Zürich,8001,47.375245,8.535116,22.0,AC_3_PHASE,32,230,Type 2 Outlet,True,False,NFC RFID Classic
CH*CCI*E21423,SIG P+R Bernex,Rue de Bernex 190,Bernex,1233,46.17871,6.083126,22.0,AC_3_PHASE,32,230,Type 2 Outlet,True,False,NFC RFID Classic
CH*CCI*E20576,Restaurant Heidelberg Aadorf,Schützenstrasse 45,Aadorf,8355,47.496352,8.903436,22.0,AC_3_PHASE,32,230,Type 2 Outlet,True,False,NFC RFID Classic
CH*CCI*E22752,2_223,Gessnerallee 14,Zürich,8001,47.375245,8.535116,22.0,AC_3_PHASE,32,230,Type 2 Outlet,True,False,NFC RFID Classic
CH*CCI*E21422,SIG P+R Bernex,Rue de Bernex 190,Bernex,1233,46.17871,6.083126,22.0,AC_3_PHASE,32,230,Type 2 Outlet,True,False,NFC RFID Classic
CH*CCI*E20575,Breite Parkplatz Altstätten,Breite 45,Altstätten,9450,47.378682,9.53764,22.0,AC_3_PHASE,32,230,Type 2 Outlet,True,False,NFC RFID Classic
CH*CCI*E22746,2_217,Gessnerallee 14,Zürich,8001,47.375245,8.535116,22.0,AC_3_PHASE,32,230,Type 2 Outlet,True,False,NFC RFID Classic
CH*CCI*E21414,MOVE - Arconciel,Place de l'Arche 1,Arconciel,1732,46.745795,7.123818,22.0,AC_3_PHASE,32,230,Type 2 Outlet,True,False,NFC RFID Classic
CH*CCI*E20567,Parkplatz Sportplatz Bleiche,Bleichestrasse 41,Steinach,9323,47.501569,9.430271,22.0,AC_3_PHASE,32,230,Type 2 Outlet,True,False,NFC RFID Classic
CH*CCI*E22747,2_218,Gessnerallee 14,Zürich,8001,47.375245,8.535116,22.0,AC_3_PHASE,32,230,Type 2 Outlet,True,False,NFC RFID Classic
CH*CCI*E20566,Parkplatz Sportplatz Bleiche,Bleichestrasse 41,Steinach,9323,47.501569,9.430271,22.0,AC_3_PHASE,32,230,Type 2 Outlet,True,False,NFC RFID Classic
CH*CCI*E22744,2_210,Gessnerallee 14,Zürich,8001,47.375245,8.535116,22.0,AC_3_PHASE,32,230,Type 2 Outlet,True,False,NFC RFID Classic
CH*CCI*E21416,MOVE - Ependes,Au Village 16,Ependes,1731,46.753871,7.146363,22.0,AC_3_PHASE,32,230,Type 2 Outlet,True,False,NFC RFID Classic
CH*CCI*E22745,2_216,Gessnerallee 14,Zürich,8001,47.375245,8.535116,22.0,AC_3_PHASE,32,230,Type 2 Outlet,True,False,NFC RFID Classic
CH*CCI*E21458,MOVE - Autohaus Thun-Nord,Bernstrasse 119,Steffisburg,3613,46.77639,7.61444,25.0,DC,63,400,CCS Combo 2 Plug (Cable Attached),True,False,NFC RFID Classic
CH*CCC*E50352,SIG Balexert Parking P1,Avenue Louis-Casaï 27,Vernier,1214,46.218695,6.112343,22.0,AC_3_PHASE,32,230,Type 2 Outlet,True,False,NFC RFID Classic
CH*CCI*E20127,MOVE - EWB Bahnhofparking (3. OG),Parkterrasse 14,Bern,3012,46.950013,7.439031,11.0,AC_3_PHASE,16,230,Type 2 Outlet,True,False,NFC RFID Classic
CH*CCI*E22307,SIG Corsier Poste,Chemin Neuf,Corsier GE,1246,46.262921,6.22414,22.0,AC_3_PHASE,32,230,Type 2 Outlet,True,False,NFC RFID Classic
CH*CCC*E50353,SIG Balexert Parking P1,Avenue Louis-Casaï 27,Vernier,1214,46.218695,6.112343,22.0,AC_3_PHASE,32,230,Type 2 Outlet,True,False,NFC RFID Classic
CH*CCI*E20126,MOVE - EWB Bahnhofparking (3. OG),Parkterrasse 14,Bern,3012,46.950013,7.439031,11.0,AC_3_PHASE,16,230,Type 2 Outlet,True,False,NFC RFID Classic
CH*CCI*E22788,MOVE - Villars sur Glâne Route de Villars-Vert  1,Route de Villars-Vert 9,Villars-sur-Glâne,1752,46.798675,7.12933,22.0,AC_3_PHASE,32,230,Type 2 Outlet,True,False,NFC RFID Classic
CH*CCI*E21415,MOVE - Arconciel,Place de l'Arche 1,Arconciel,1732,46.745795,7.123818,22.0,AC_3_PHASE,32,230,Type 2 Outlet,True,False,NFC RFID Classic
CH*CCI*E21417,MOVE - Ependes,Au Village 16,Ependes,1731,46.753871,7.146363,22.0,AC_3_PHASE,32,230,Type 2 Outlet,True,False,NFC RFID Classic
CH*CCI*E22748,2_219,Gessnerallee 14,Zürich,8001,47.375245,8.535116,22.0,AC_3_PHASE,32,230,Type 2 Outlet,True,False,NFC RFID Classic
CH*CCI*E22749,2_220,Gessnerallee 14,Zürich,8001,47.375245,8.535116,22.0,AC_3_PHASE,32,230,Type 2 Outlet,True,False,NFC RFID Classic
CH*CCI*E21419,MOVE - Gare de Châtel-St-Denis,Rte de Palézieux 123a,Châtel-Saint-Denis,1618,46.52781,6.895941,50.0,DC,125,400,CCS Combo 2 Plug (Cable Attached),True,False,NFC RFID Classic
CH*CCI*E22742,2_208,Gessnerallee 14,Zürich,8001,47.375245,8.535116,22.0,AC_3_PHASE,32,230,Type 2 Outlet,True,False,NFC RFID Classic
CH*CCI*E20563,Bahnhof Tägerwilen Dorf,Stationsstrasse 2,Tägerwilen,8274,47.654075,9.139901,22.0,AC_3_PHASE,32,230,Type 2 Outlet,True,False,NFC RFID Classic
CH*CCI*E20562,Bahnhof Tägerwilen Dorf,Stationsstrasse 2,Tägerwilen,8274,47.654075,9.139901,22.0,AC_3_PHASE,32,230,Type 2 Outlet,True,False,NFC RFID Classic
CH*CCI*E22741,2_207,Gessnerallee 14,Zürich,8001,47.375245,8.535116,22.0,AC_3_PHASE,32,230,Type 2 Outlet,True,False,NFC RFID Classic
CH*CCC*E50305,MOVE - Bahnhof Walzenhausen,Bahnhof Walzenhausen,Walzenhausen,9428,47.4513,9.60102,50.0,DC,125,400,CHAdeMO,True,False,NFC RFID Classic
CH*CCC*E50307,MOVE - Aire autoroute Lavaux nord,Autoroute du Rhône,Bourg-en-Lavaux,1091,46.505273,6.710488,50.0,DC,125,400,CHAdeMO,True,False,NFC RFID Classic
CH*CCC*E50308,MOVE - Pfäffikon Gemeindeverwaltung,Hochstrasse 1,Pfäffikon,8330,47.367134,8.782464,22.0,AC_3_PHASE,32,230,Type 2 Outlet,True,False,NFC RFID Classic
CH*CCC*E50301,MOVE - Garage Lanthemann Champagne,Chemin de Praz 10,Champagne,1424,46.827652,6.66338,150.0,DC,375,400,CCS Combo 2 Plug (Cable Attached),True,False,NFC RFID Classic
CH*CCC*E50302,MOVE - Garage Lanthemann Champagne,Chemin de Praz 10,Champagne,1424,46.827652,6.66338,150.0,DC,375,400,CCS Combo 2 Plug (Cable Attached),True,False,NFC RFID Classic
CH*CCC*E50303,MOVE - Bahnhof Walzenhausen,Bahnhof Walzenhausen,Walzenhausen,9428,47.4513,9.60102,22.0,AC_3_PHASE,32,230,Type 2 Outlet,True,False,NFC RFID Classic
CH*CCC*E50304,MOVE - Bahnhof Walzenhausen,Bahnhof Walzenhausen,Walzenhausen,9428,47.4513,9.60102,50.0,DC,125,400,CCS Combo 2 Plug (Cable Attached),True,False,NFC RFID Classic
CH*CCI*E22735,"MOVE - Bahnhof Baden, Velostation",Stadtturmstrasse 6,Baden,5400,47.475391,8.306562,22.0,AC_3_PHASE,32,230,Type 2 Connector (Cable Attached),True,False,NFC RFID Classic
CH*CCI*E21887,MOVE - Pationoire Les Paccots,Rte des Dailles 19-15,Châtel-Saint-Denis,1619,46.52171,6.949929,22.0,AC_3_PHASE,32,230,Type 2 Outlet,True,False,NFC RFID Classic
CH*CCI*E21403,MOVE Aare Energie AG - Lungo Mare,Aarburgerstrasse 6,Olten,4600,47.3486,7.9058,22.0,AC_3_PHASE,32,230,Type 2 Outlet,True,False,NFC RFID Classic
CH*CCI*E20556,Energie Kreuzlingen Nationalstrasse,Nationalstrasse 27,Kreuzlingen,8280,47.648723,9.169593,22.0,AC_3_PHASE,32,230,Type 2 Outlet,True,False,NFC RFID Classic
CH*CCI*E22736,"MOVE - Bahnhof Baden, Velostation",Stadtturmstrasse 6,Baden,5400,47.475391,8.306562,50.0,DC,125,400,CCS Combo 2 Plug (Cable Attached),True,False,NFC RFID Classic
CH*CCI*E21886,Borne 2,Route de l'Intyamon 109,Villars-sous-Mont,1666,46.538772,7.068104,22.0,AC_3_PHASE,32,230,Type 2 Outlet,True,False,NFC RFID Classic
CH*CCI*E21402,MOVE - Romont Rue prés des comtes,Rue prés des comtes,Romont,1680,46.693417,6.913015,11.0,AC_3_PHASE,16,230,Type 2 Outlet,True,False,NFC RFID Classic
CH*CCI*E20555,Parkplatz Clavadoiras,"Via Principala, PP Calvadoiras",Lenzerheide Vaz / Obervaz,7078,46.722794,9.558576,22.0,AC_3_PHASE,32,230,Type 2 Outlet,True,False,NFC RFID Classic
CH*CCI*E22733,Täscherhof,Bahnhofplatz 1,Täsch,3929,46.066767,7.775114,22.0,AC_3_PHASE,32,230,Type 2 Connector (Cable Attached),True,False,NFC RFID Classic
CH*CCI*E22734,Täscherhof,Bahnhofplatz 1,Täsch,3929,46.066767,7.775114,22.0,AC_3_PHASE,32,230,Type 2 Connector (Cable Attached),True,False,NFC RFID Classic
CH*CCC*E50341,MOVE - Rastplatz Othmarsingen,Rastplatz Othmarsingen,Othmarsingen,5504,47.402428,8.207455,300.0,DC,750,400,CCS Combo 2 Plug (Cable Attached),True,False,NFC RFID Classic
CH*CCI*E22318,SIG PLO Chemin de Vers,Chemin de Vers 5,Plan-les-Ouates,1228,46.168765,6.121938,22.0,AC_3_PHASE,32,230,Type 2 Outlet,True,False,NFC RFID Classic
CH*CCC*E50342,MOVE - Rastplatz Othmarsingen,Rastplatz Othmarsingen,Othmarsingen,5504,47.402428,8.207455,300.0,DC,750,400,CCS Combo 2 Plug (Cable Attached),True,False,NFC RFID Classic
CH*CCI*E20137,MOVE - Saanen Dorfstrasse 6 Parkhaus,Dorfstrasse 6,Saanen,3792,46.48948,7.263405,22.0,AC_3_PHASE,32,230,Type 2 Outlet,True,False,NFC RFID Classic
CH*CCI*E22799,Kantonsspital Olten - Spitex 1,Fährweg 6,Olten,4600,47.355822,7.905016,11.0,AC_3_PHASE,16,230,Type 2 Connector (Cable Attached),True,False,NFC RFID Classic
CH*CCI*E22315,SIG PLO Chevaliers-de-Malte,Route des Chevaliers-de-Malte 13,Plan-les-Ouates,1228,46.167383,6.118704,22.0,AC_3_PHASE,32,230,Type 2 Outlet,True,False,NFC RFID Classic
CH*CCC*E50343,MOVE- Rastplatz Gurtnellen,Rastplatz Gurtnellen A2 (Fahrtrichtung Süd),Gurtnellen,6482,46.725986,8.622027,150.0,DC,375,400,CCS Combo 2 Plug (Cable Attached),True,False,NFC RFID Classic
CH*CCI*E22316,SIG PLO Chevaliers-de-Malte,Route des Chevaliers-de-Malte 13,Plan-les-Ouates,1228,46.167383,6.118704,22.0,AC_3_PHASE,32,230,Type 2 Outlet,True,False,NFC RFID Classic
CH*CCC*E50344,MOVE- Rastplatz Gurtnellen,Rastplatz Gurtnellen A2 (Fahrtrichtung Süd),Gurtnellen,6482,46.725986,8.622027,50.0,DC,125,400,CHAdeMO,True,False,NFC RFID Classic
CH*CCI*E22319,SIG PLO Chemin de Vers,Chemin de Vers 5,Plan-les-Ouates,1228,46.168765,6.121938,22.0,AC_3_PHASE,32,230,Type 2 Outlet,True,False,NFC RFID Classic
CH*CCI*E22793,MOVE - Rastplatz Ardon Nord,Rastplatz Ardon Nord Autobahn,Ardon,1957,46.197027,7.253799,300.0,DC,750,400,CCS Combo 2 Plug (Cable Attached),True,False,NFC RFID Classic
CH*CCI*E20130,Charging Station MOVE Mobility SA,Monument im Fruchtland,Bern,3001,46.950613,7.473621,11.0,AC_3_PHASE,16,230,Type 2 Outlet,True,False,NFC RFID Classic
CH*CCI*E21461,MOVE - Lenk Oberriedstrasse 17,Oberriedstrasse 17,Lenk,3775,46.45461,7.4441,24.0,DC,60,400,CCS Combo 2 Plug (Cable Attached),True,False,NFC RFID Classic
CH*CCI*E22794,MOVE - Rastplatz Ardon Nord,Rastplatz Ardon Nord Autobahn,Ardon,1957,46.197027,7.253799,300.0,DC,750,400,CCS Combo 2 Plug (Cable Attached),True,False,NFC RFID Classic
CH*CCI*E22310,SIG Meyrin Celanese,Rue de Veyrot 1,Meyrin,1217,46.226474,6.060296,22.0,AC_3_PHASE,32,230,Type 2 Outlet,True,False,NFC RFID Classic
CH*CCI*E21460,MOVE - Gyso,Chemin du Closalet 20,Crissier,1023,46.554863,6.57196,22.0,AC_3_PHASE,32,230,Type 2 Outlet,True,False,NFC RFID Classic
CH*CCI*E22791,MOVE - Rastplatz Chilchbühl A2,Rastplatz Chilchbühl Autobahn A2,Sempach,6204,47.144187,8.184216,300.0,DC,750,400,CCS Combo 2 Plug (Cable Attached),True,False,NFC RFID Classic
CH*CCI*E20132,MOVE - Interlaken Höheweg 94,Höheweg 94,Interlaken,3800,46.689225,7.865561,22.0,AC_3_PHASE,32,230,Type 2 Outlet,True,False,NFC RFID Classic
CH*CCI*E22792,MOVE - Rastplatz Chilchbühl A2,Rastplatz Chilchbühl Autobahn A2,Sempach,6204,47.144187,8.184216,300.0,DC,750,400,CCS Combo 2 Plug (Cable Attached),True,False,NFC RFID Classic
CH*CCI*E20131,Charging Station MOVE Mobility SA,Monument im Fruchtland,Bern,3001,46.950613,7.473621,11.0,AC_3_PHASE,16,230,Type 2 Outlet,True,False,NFC RFID Classic
CH*CCI*E22797,SH Schlatt TG rechts,Büchelstrasse 21,Widnau,9443,47.402949,9.639286,22.0,AC_3_PHASE,32,230,Type 2 Outlet,True,False,NFC RFID Classic
CH*CCI*E20134,MOVE - Gstaad Neueretstrasse 2 Parkhaus,Neueretstrasse 2,Gstaad,3780,46.47646,7.284075,22.0,AC_3_PHASE,32,230,Type 2 Outlet,True,False,NFC RFID Classic
CH*CCI*E22798,SH Schlatt TG links,Büchelstrasse 21,Widnau,9443,47.402949,9.639286,22.0,AC_3_PHASE,32,230,Type 2 Outlet,True,False,NFC RFID Classic
CH*CCI*E22314,SIG PLO Chevaliers-de-Malte,Route des Chevaliers-de-Malte 13,Plan-les-Ouates,1228,46.167383,6.118704,22.0,AC_3_PHASE,32,230,Type 2 Outlet,True,False,NFC RFID Classic
CH*CCI*E20133,MOVE - Interlaken Höheweg 94,Höheweg 94,Interlaken,3800,46.689225,7.865561,22.0,AC_3_PHASE,32,230,Type 2 Outlet,True,False,NFC RFID Classic
CH*CCI*E22795,MOVE - Rastplatz Ardon Süd,Rastplatz Ardon Süd,Ardon,1957,46.200218,7.259124,300.0,DC,750,400,CCS Combo 2 Plug (Cable Attached),True,False,NFC RFID Classic
CH*CCI*E22311,SIG Meyrin Celanese,Rue de Veyrot 1,Meyrin,1217,46.226474,6.060296,22.0,AC_3_PHASE,32,230,Type 2 Outlet,True,False,NFC RFID Classic
CH*CCI*E20136,MOVE - Saanen Dorfstrasse 6 Parkhaus,Dorfstrasse 6,Saanen,3792,46.48948,7.263405,22.0,AC_3_PHASE,32,230,Type 2 Outlet,True,False,NFC RFID Classic
CH*CCI*E22796,MOVE - Rastplatz Ardon Süd,Rastplatz Ardon Süd,Ardon,1957,46.200218,7.259124,300.0,DC,750,400,CCS Combo 2 Plug (Cable Attached),True,False,NFC RFID Classic
CH*CCI*E20135,MOVE - Gstaad Neueretstrasse 2 Parkhaus,Neueretstrasse 2,Gstaad,3780,46.47646,7.284075,22.0,AC_3_PHASE,32,230,Type 2 Outlet,True,False,NFC RFID Classic
CH*CCI*E22790,MOVE - Rastplatz Inseli A2,Rastplatz Inseli Autobahn A2,Eich,6205,47.155836,8.15718,300.0,DC,750,400,CCS Combo 2 Plug (Cable Attached),True,False,NFC RFID Classic
CH*CCC*E50338,"Tankstelle Nairs, Scuol",Nairs 160b,Scuol,7550,46.788441,10.269657,86.0,DC,375,230,CCS Combo 2 Plug (Cable Attached),True,False,NFC RFID Classic
CH*CCC*E50334,SIG Lignon Visiteurs DC200,Chemin du Château-Bloch 2,Le Lignon,1219,46.20662,6.10246,150.0,DC,375,400,CCS Combo 2 Plug (Cable Attached),True,False,NFC RFID Classic
CH*CCC*E50335,SIG Aéroport Parking P2,Genève Aéroport 1,Cointrin,1216,46.23055,6.11013,100.0,DC,250,400,CCS Combo 2 Plug (Cable Attached),True,False,NFC RFID Classic
CH*CCC*E50336,SIG Aéroport Parking P2,Genève Aéroport 1,Cointrin,1216,46.23055,6.11013,100.0,DC,250,400,CCS Combo 2 Plug (Cable Attached),True,False,NFC RFID Classic
CH*CCC*E50337,"Tankstelle Nairs, Scuol",Nairs 160b,Scuol,7550,46.788441,10.269657,86.0,DC,375,230,CCS Combo 2 Plug (Cable Attached),True,False,NFC RFID Classic
CH*CCI*E22306,Stock HAK,Chemin du Château-Bloch 2,Le Lignon,1219,50.0,-15.0,22.0,AC_3_PHASE,32,230,Type 2 Outlet,True,False,NFC RFID Classic
CH*CCI*E22304,SIG Aire-La-Ville Ecole,Chemin de Mussel 12,Aire-La-Ville,1288,46.191366,6.044938,22.0,AC_3_PHASE,32,230,Type 2 Outlet,True,False,NFC RFID Classic
CH*CCC*E50354,SIG Balexert Parking P1,Avenue Louis-Casaï 27,Vernier,1214,46.218695,6.112343,22.0,AC_3_PHASE,32,230,Type 2 Outlet,True,False,NFC RFID Classic
CH*CCI*E20129,MOVE - EWB Bahnhofparking (3. OG),Parkterrasse 14,Bern,3012,46.950013,7.439031,11.0,AC_3_PHASE,16,230,Type 2 Outlet,True,False,NFC RFID Classic
CH*CCI*E22789,MOVE - Rastplatz Inseli A2,Rastplatz Inseli Autobahn A2,Eich,6205,47.155836,8.15718,300.0,DC,750,400,CCS Combo 2 Plug (Cable Attached),True,False,NFC RFID Classic
CH*CCI*E22305,Stock HAK,Chemin du Château-Bloch 2,Le Lignon,1219,50.0,-15.0,22.0,AC_3_PHASE,32,230,Type 2 Outlet,True,False,NFC RFID Classic
CH*CCI*E21459,MOVE - Autohaus Thun-Nord,Bernstrasse 119,Steffisburg,3613,46.77639,7.61444,25.0,DC,63,400,CCS Combo 2 Plug (Cable Attached),True,False,NFC RFID Classic
CH*CCC*E50355,SIG Balexert Parking P1,Avenue Louis-Casaï 27,Vernier,1214,46.218695,6.112343,22.0,AC_3_PHASE,32,230,Type 2 Outlet,True,False,NFC RFID Classic
CH*CCI*E20128,MOVE - EWB Bahnhofparking (3. OG),Parkterrasse 14,Bern,3012,46.950013,7.439031,11.0,AC_3_PHASE,16,230,Type 2 Outlet,True,False,NFC RFID Classic
CH*CCI*E22308,SIG Corsier Poste,Chemin Neuf,Corsier GE,1246,46.262921,6.22414,22.0,AC_3_PHASE,32,230,Type 2 Outlet,True,False,NFC RFID Classic
CH*CCC*E50350,SIG Bernex Centre Sportif,Parking du Centre Sportif du Signal,Bernex,1233,46.173235,6.072651,22.0,AC_3_PHASE,32,230,Type 2 Outlet,True,False,NFC RFID Classic
CH*CCI*E22309,SIG Balexert Parking P2,Avenue Louis-Casaï 27,Vernier,1214,46.218641,6.112537,22.0,AC_3_PHASE,32,230,Type 2 Outlet,True,False,NFC RFID Classic
CH*CCC*E50351,SIG Balexert Parking P1,Avenue Louis-Casaï 27,Vernier,1214,46.218695,6.112343,22.0,AC_3_PHASE,32,230,Type 2 Outlet,True,False,NFC RFID Classic
CH*CCI*E22782,Borne 3,Route de Grangeneuve 25,Posieux,1725,46.768611,7.114679,11.0,AC_3_PHASE,16,230,Type 2 Outlet,True,False,NFC RFID Classic
CH*CCI*E22783,Borne 4,Route de Grangeneuve 25,Posieux,1725,46.768611,7.114679,11.0,AC_3_PHASE,16,230,Type 2 Outlet,True,False,NFC RFID Classic
CH*CCI*E22780,MOVE - Payerne Aéropole 201 Borne 1,Aéropole 201,Payerne,1530,46.833724,6.917764,22.0,AC_3_PHASE,32,230,Type 2 Outlet,True,False,NFC RFID Classic
CH*CCI*E21452,MOVE - Cernier Rue de lEpervier 5a,Rue de l'Epervier 6,Val-de-Ruz,2053,47.059561,6.902451,22.0,AC_3_PHASE,32,230,Type 2 Outlet,True,False,NFC RFID Classic
CH*CCI*E20121,MOVE - EWB Casino Parking Bern,Kochergasse 1,Bern,3011,46.946526,7.447818,11.0,AC_3_PHASE,16,230,Type 2 Outlet,True,False,NFC RFID Classic
CH*CCI*E22781,MOVE - Payerne Aéropole 201 Borne 2,Aéropole 201,Payerne,1530,46.833724,6.917764,22.0,AC_3_PHASE,32,230,Type 2 Outlet,True,False,NFC RFID Classic
CH*CCI*E21451,MOVE - Cernier Rue de lEpervier 5a,Rue de l'Epervier 6,Val-de-Ruz,2053,47.059561,6.902451,22.0,AC_3_PHASE,32,230,Type 2 Outlet,True,False,NFC RFID Classic
CH*CCI*E20120,MOVE - Aesch Hauptstrasse 61,Hauptstrasse 61,Aesch,4147,47.467354,7.597174,22.0,AC_3_PHASE,32,230,Type 2 Outlet,True,False,NFC RFID Classic
CH*CCI*E22302,SIG Corsier Eglise,Route de l'Eglise,Corsier GE,1246,46.26148,6.228967,22.0,AC_3_PHASE,32,230,Type 2 Outlet,True,False,NFC RFID Classic
CH*CCI*E20123,MOVE - EWB City West Parking Bern,Effingerstrasse 20,Bern,3008,46.946032,7.434289,11.0,AC_3_PHASE,16,230,Type 2 Outlet,True,False,NFC RFID Classic
CH*CCI*E22303,SIG Aire-La-Ville Ecole,Chemin de Mussel 12,Aire-La-Ville,1288,46.191366,6.044938,22.0,AC_3_PHASE,32,230,Type 2 Outlet,True,False,NFC RFID Classic
CH*CCI*E22300,SIG Bellevue Parking Gitana,Chemin Des Aiglons 8,Bellevue,1293,46.254292,6.153219,22.0,AC_3_PHASE,32,230,Type 2 Outlet,True,False,NFC RFID Classic
CH*CCI*E21456,MOVE - Gyso,Chemin du Closalet 20,Crissier,1023,46.554863,6.57196,22.0,AC_3_PHASE,32,230,Type 2 Outlet,True,False,NFC RFID Classic
CH*CCI*E20125,MOVE - EWB Mobiliar Parking Bern,Bundesgasse 35,Bern,3001,46.944771,7.438229,11.0,AC_3_PHASE,16,230,Type 2 Outlet,True,False,NFC RFID Classic
CH*CCI*E22785,Borne 5,Route de Grangeneuve 25,Posieux,1725,46.768611,7.114679,22.0,AC_3_PHASE,32,230,Type 2 Outlet,True,False,NFC RFID Classic
CH*CCI*E22301,SIG Corsier Eglise,Route de l'Eglise,Corsier GE,1246,46.26148,6.228967,22.0,AC_3_PHASE,32,230,Type 2 Outlet,True,False,NFC RFID Classic
CH*CCI*E20124,MOVE - EWB Mobiliar Parking Bern,Bundesgasse 35,Bern,3001,46.944771,7.438229,11.0,AC_3_PHASE,16,230,Type 2 Outlet,True,False,NFC RFID Classic
CH*CCC*E50349,SIG Bernex Centre Sportif,Parking du Centre Sportif du Signal,Bernex,1233,46.173235,6.072651,22.0,AC_3_PHASE,32,230,Type 2 Outlet,True,False,NFC RFID Classic
CH*CCC*E50345,MOVE- Rastplatz Gurtnellen,Rastplatz Gurtnellen A2 (Fahrtrichtung Süd),Gurtnellen,6482,46.725986,8.622027,150.0,DC,375,400,CCS Combo 2 Plug (Cable Attached),True,False,NFC RFID Classic
CH*CCC*E50346,MOVE- Rastplatz Gurtnellen,Rastplatz Gurtnellen A2 (Fahrtrichtung Süd),Gurtnellen,6482,46.725986,8.622027,22.0,AC_3_PHASE,32,230,Type 2 Outlet,True,False,NFC RFID Classic
CH*CCC*E50347,MOVE - Rastplatz Gurtnellen,Rastplatz Gurtnellen A2 (Fahrtrichtung Süd),Gurtnellen,6482,46.725986,8.622027,150.0,DC,375,400,CCS Combo 2 Plug (Cable Attached),True,False,NFC RFID Classic
CH*CCC*E50348,MOVE - Rastplatz Gurtnellen,Rastplatz Gurtnellen A2 (Fahrtrichtung Süd),Gurtnellen,6482,46.725986,8.622027,150.0,DC,375,400,CCS Combo 2 Plug (Cable Attached),True,False,NFC RFID Classic
CH*CCI*E22779,Borne 3,Chem. de la Motta,Fribourg,1700,46.803223,7.161114,11.0,AC_3_PHASE,16,230,Type 2 Outlet,True,False,NFC RFID Classic
CH*CCI*E21447,Ostmobil - Parkplatz Sumvoi,Sumvoi,Lantsch/Lenz,7083,46.68315,9.56232,22.0,AC_3_PHASE,32,230,Type 2 Outlet,True,False,NFC RFID Classic
CH*CCI*E20116,MOVE -  Muttenz,Hofackerstrasse 72,Muttenz,4132,47.537415,7.633576,22.0,AC_3_PHASE,32,230,Type 2 Outlet,True,False,NFC RFID Classic
CH*CCI*E21446,MOVE - Marktplatz Entlebuch,Marktplatz,Entlebuch,6162,46.991623,8.066083,22.0,AC_3_PHASE,32,230,Type 2 Outlet,True,False,NFC RFID Classic
CH*CCC*E50320,MOVE - Olten Aarburgerstrasse 39,Aarburgerstrasse 39,Olten,4600,47.34785,7.906247,100.0,DC,250,400,CHAdeMO,True,False,NFC RFID Classic
CH*CCI*E20115,MOVE - EWB Technisches Zentrum Holligen,Stöckackerstrasse 33,Bern,3018,46.945906,7.40546,11.0,AC_3_PHASE,16,230,Type 2 Outlet,True,False,NFC RFID Classic
CH*CCI*E22777,Borne 1,Chem. de la Motta,Fribourg,1700,46.803223,7.161114,11.0,AC_3_PHASE,16,230,Type 2 Outlet,True,False,NFC RFID Classic
CH*CCI*E20118,MOVE - Grellingen Gemeindeverwaltung,Baselstrasse 6,Grellingen,4203,47.442028,7.590056,22.0,AC_3_PHASE,32,230,Type 2 Outlet,True,False,NFC RFID Classic
CH*CCI*E22778,Borne 2,Chem. de la Motta,Fribourg,1700,46.803223,7.161114,11.0,AC_3_PHASE,16,230,Type 2 Outlet,True,False,NFC RFID Classic
CH*CCC*E50322,MOVE - Crest la Crusch,Crest la Crusch,Breil/Brigels,7165,46.765275,9.067586,22.0,AC_3_PHASE,32,230,Type 2 Outlet,True,False,NFC RFID Classic
CH*CCI*E20117,MOVE -  Muttenz,Hofackerstrasse 72,Muttenz,4132,47.537415,7.633576,22.0,AC_3_PHASE,32,230,Type 2 Outlet,True,False,NFC RFID Classic
CH*CCI*E20119,MOVE - Grellingen Gemeindeverwaltung,Baselstrasse 6,Grellingen,4203,47.442028,7.590056,22.0,AC_3_PHASE,32,230,Type 2 Outlet,True,False,NFC RFID Classic
CH*CCI*E22771,MOVE - Rastplatz Bodio,Area di sosta - A2,Bodio,6743,46.37356,8.91699,150.0,DC,375,400,CCS Combo 2 Plug (Cable Attached),True,False,NFC RFID Classic
CH*CCI*E22772,MOVE - Rastplatz Bodio,Area di sosta - A2,Bodio,6743,46.37356,8.91699,150.0,DC,375,400,CCS Combo 2 Plug (Cable Attached),True,False,NFC RFID Classic
CH*CCI*E20591,Parkplatz Coop Dorf,Sarganserstrasse 1,Mels,8887,47.047636,9.421554,22.0,AC_3_PHASE,32,230,Type 2 Outlet,True,False,NFC RFID Classic
CH*CCI*E21441,SIG Lignon Jura Employés,Chemin du Château-Bloch 2,Le Lignon,1219,46.206992,6.102381,22.0,AC_3_PHASE,32,230,Type 2 Outlet,True,False,NFC RFID Classic
CH*CCI*E22770,MOVE - Rastplatz Bodio,Area di sosta - A2,Bodio,6743,46.37356,8.91699,150.0,DC,375,400,CCS Combo 2 Plug (Cable Attached),True,False,NFC RFID Classic
CH*CCI*E21440,SIG Lignon Jura Employés,Chemin du Château-Bloch 2,Le Lignon,1219,46.206992,6.102381,22.0,AC_3_PHASE,32,230,Type 2 Outlet,True,False,NFC RFID Classic
CH*CCI*E21443,Move - Commune Milvignes,Rue Haute 20,Colombier,2013,46.965362,6.859084,11.0,AC_3_PHASE,16,230,Type 2 Outlet,True,False,NFC RFID Classic
CH*CCI*E20112,MOVE - Broc Maison Cailler,Rue Jules Bellet 7,Broc,1636,46.606481,7.10878,22.0,AC_3_PHASE,32,230,Type 2 Outlet,True,False,NFC RFID Classic
CH*CCI*E22776,Tarif Public,Chemin des Orlons 2,Aigle,1860,46.313652,6.940151,120.0,DC,300,400,CCS Combo 2 Plug (Cable Attached),True,False,NFC RFID Classic
CH*CCI*E21442,MOVE - Les Rasses,Route des Alpes 25,Les Rasses,1452,46.8278,6.5348,11.0,AC_3_PHASE,16,230,Type 2 Outlet,True,False,NFC RFID Classic
CH*CCI*E20177,MOVE ewb - Bern Freiburgstrasse 3,Freiburgstrasse 3,Bern,3010,46.9478,7.42786,11.0,AC_3_PHASE,16,230,Type 2 Outlet,True,False,NFC RFID Classic
CH*CCI*E22355,SIG Cologny Parking de la Forge,Place du Manoir,Cologny,1223,46.21678,6.182494,22.0,AC_3_PHASE,32,230,Type 2 Outlet,True,False,NFC RFID Classic
CH*CCI*E21027,Regio Energie Solothurn - Badi Solothurn,Römerstrasse 49,Solothurn,4500,47.199536,7.52578,22.0,AC_3_PHASE,32,230,Type 2 Outlet,True,False,NFC RFID Classic
CH*CCI*E22356,SIG Cologny Parking de la Forge,Place du Manoir,Cologny,1223,46.21678,6.182494,22.0,AC_3_PHASE,32,230,Type 2 Outlet,True,False,NFC RFID Classic
CH*CCI*E20170,MOVE-  Winznau,Oltnerstrasse 5,Winznau,4652,47.364586,7.933973,22.0,AC_3_PHASE,32,230,Type 2 Outlet,True,False,NFC RFID Classic
CH*CCI*E22350,SIG CPEG Chabrey,Rue Chabrey 37,Genève,1202,50.0,-15.0,22.0,AC_3_PHASE,32,230,Type 2 Outlet,True,False,NFC RFID Classic
CH*CCI*E20172,Regio Energie Solothurn - Ritterquai,Ritterquai,Solothurn,4502,47.207295,7.540597,22.0,AC_3_PHASE,32,230,Type 2 Outlet,True,False,NFC RFID Classic
CH*CCI*E20171,Regio Energie Solothurn - Ritterquai,Ritterquai,Solothurn,4502,47.207295,7.540597,22.0,AC_3_PHASE,32,230,Type 2 Outlet,True,False,NFC RFID Classic
CH*CCI*E21018,MOVE - Jupiterstrasse 41,Jupiterstrasse 41,Bern,3015,46.93828,7.48488,11.0,AC_3_PHASE,16,230,Type 2 Outlet,True,False,NFC RFID Classic
CH*CCI*E21017,MOVE - Jupiterstrasse 41,Jupiterstrasse 41,Bern,3015,46.93828,7.48488,11.0,AC_3_PHASE,16,230,Type 2 Outlet,True,False,NFC RFID Classic
CH*CCI*E22348,SIG Cologny Parking du Centre Sportif,Chemin de la Tulette 8,Chêne-Bougeries,1224,46.206319,6.185137,22.0,AC_3_PHASE,32,230,Type 2 Outlet,True,False,NFC RFID Classic
CH*CCI*E22349,SIG Cologny Parking du Centre Sportif,Chemin de la Tulette 8,Chêne-Bougeries,1224,46.206319,6.185137,22.0,AC_3_PHASE,32,230,Type 2 Outlet,True,False,NFC RFID Classic
CH*CCI*E22342,SIG Etang Parking Fabrique,Avenue de l'Etang 55,Le Lignon,1219,46.216,6.104699,22.0,AC_3_PHASE,32,230,Type 2 Outlet,True,False,NFC RFID Classic
CH*CCI*E21494,Parking public du Louché,Rte du Lac,Lens,1978,46.28137,7.44789,22.0,AC_3_PHASE,32,230,Type 2 Outlet,True,False,NFC RFID Classic
CH*CCI*E21010,Giger Specksteinöfen,Via Foppas,Disentis/Muster,7180,46.69167,8.83605,22.0,AC_3_PHASE,32,230,Type 2 Outlet,True,False,NFC RFID Classic
CH*CCI*E20163,MOVE - Parkhaus Sportzentrum Grindelwald,Dorfstrasse 110,Grindelwald,3818,46.622783,8.035302,22.0,AC_3_PHASE,32,230,Type 2 Outlet,True,False,NFC RFID Classic
CH*CCI*E22343,SIG Etang Parking Fabrique,Avenue de l'Etang 55,Le Lignon,1219,46.216,6.104699,22.0,AC_3_PHASE,32,230,Type 2 Outlet,True,False,NFC RFID Classic
CH*CCI*E21493,SIG Dardagny Parking La Plaine,Chemin du Rail 8,La Plaine,1283,46.178436,6.000907,22.0,AC_3_PHASE,32,230,Type 2 Outlet,True,False,NFC RFID Classic
CH*CCI*E22340,SIG Etang Parking Fabrique,Avenue de l'Etang 55,Le Lignon,1219,46.216,6.104699,22.0,AC_3_PHASE,32,230,Type 2 Outlet,True,False,NFC RFID Classic
CH*CCI*E21496,Parking public du Louché,Rte du Lac,Lens,1978,46.28137,7.44789,22.0,AC_3_PHASE,32,230,Type 2 Outlet,True,False,NFC RFID Classic
CH*CCI*E21012,MOVE - Jupiterstrasse 1,Jupiterstrasse 1,Bern,3015,46.93854,7.48074,11.0,AC_3_PHASE,16,230,Type 2 Outlet,True,False,NFC RFID Classic
CH*CCI*E22341,SIG Etang Parking Fabrique,Avenue de l'Etang 55,Le Lignon,1219,46.216,6.104699,22.0,AC_3_PHASE,32,230,Type 2 Outlet,True,False,NFC RFID Classic
CH*CCI*E21495,Parking public du Louché,Rte du Lac,Lens,1978,46.28137,7.44789,22.0,AC_3_PHASE,32,230,Type 2 Outlet,True,False,NFC RFID Classic
CH*CCI*E21011,MOVE - Jupiterstrasse 1,Jupiterstrasse 1,Bern,3015,46.93854,7.48074,11.0,AC_3_PHASE,16,230,Type 2 Outlet,True,False,NFC RFID Classic
CH*CCI*E20164,MOVE - Parkhaus Sportzentrum Grindelwald,Dorfstrasse 110,Grindelwald,3818,46.622783,8.035302,22.0,AC_3_PHASE,32,230,Type 2 Outlet,True,False,NFC RFID Classic
CH*CCI*E22346,SIG Aire-La-Ville Vieux-Four Village,Rue du Vieux-Four 8,Aire-La-Ville,1288,46.188648,6.045557,22.0,AC_3_PHASE,32,230,Type 2 Outlet,True,False,NFC RFID Classic
CH*CCI*E21498,Parking public du Louché,Rte du Lac,Lens,1978,46.28137,7.44789,22.0,AC_3_PHASE,32,230,Type 2 Outlet,True,False,NFC RFID Classic
CH*CCI*E21014,MOVE - Jupiterstrasse 1,Jupiterstrasse 1,Bern,3015,46.93854,7.48074,11.0,AC_3_PHASE,16,230,Type 2 Outlet,True,False,NFC RFID Classic
CH*CCI*E22347,SIG Aire-La-Ville Vieux-Four Village,Rue du Vieux-Four 8,Aire-La-Ville,1288,46.188648,6.045557,22.0,AC_3_PHASE,32,230,Type 2 Outlet,True,False,NFC RFID Classic
CH*CCI*E21497,Parking public du Louché,Rte du Lac,Lens,1978,46.28137,7.44789,22.0,AC_3_PHASE,32,230,Type 2 Outlet,True,False,NFC RFID Classic
CH*CCI*E21013,MOVE - Jupiterstrasse 1,Jupiterstrasse 1,Bern,3015,46.93854,7.48074,11.0,AC_3_PHASE,16,230,Type 2 Outlet,True,False,NFC RFID Classic
CH*CCI*E22344,SIG PLO Place des Aviateurs DC200,Parking des Aviateurs,Plan-les-Ouates,1228,46.169493,6.120823,150.0,DC,375,400,CCS Combo 2 Plug (Cable Attached),True,False,NFC RFID Classic
CH*CCI*E21016,MOVE - Jupiterstrasse 41,Jupiterstrasse 41,Bern,3015,46.93828,7.48488,11.0,AC_3_PHASE,16,230,Type 2 Outlet,True,False,NFC RFID Classic
CH*CCI*E22345,SIG PLO Place des Aviateurs DC200,Parking des Aviateurs,Plan-les-Ouates,1228,46.169493,6.120823,150.0,DC,375,400,CCS Combo 2 Plug (Cable Attached),True,False,NFC RFID Classic
CH*CCI*E21015,MOVE - Jupiterstrasse 41,Jupiterstrasse 41,Bern,3015,46.93828,7.48488,11.0,AC_3_PHASE,16,230,Type 2 Outlet,True,False,NFC RFID Classic
CH*CCI*E21490,SIG Dardagny Parking La Plaine,Chemin du Rail 8,La Plaine,1283,46.178436,6.000907,22.0,AC_3_PHASE,32,230,Type 2 Outlet,True,False,NFC RFID Classic
CH*CCI*E21492,SIG Dardagny Parking La Plaine,Chemin du Rail 8,La Plaine,1283,46.178436,6.000907,22.0,AC_3_PHASE,32,230,Type 2 Outlet,True,False,NFC RFID Classic
CH*CCI*E20111,MOVE - Broc Maison Cailler,Rue Jules Bellet 7,Broc,1636,46.606481,7.10878,22.0,AC_3_PHASE,32,230,Type 2 Outlet,True,False,NFC RFID Classic
CH*CCI*E21445,MOVE - Marktplatz Entlebuch,Marktplatz,Entlebuch,6162,46.991623,8.066083,22.0,AC_3_PHASE,32,230,Type 2 Outlet,True,False,NFC RFID Classic
CH*CCI*E20114,MOVE - EWB ParkRide Neufeld,Neubrückstrasse 166,Bern,3012,46.963238,7.4321,11.0,AC_3_PHASE,16,230,Type 2 Outlet,True,False,NFC RFID Classic
CH*CCI*E21444,Move - Commune Milvignes,Rue de la gare 14,Bôle,2014,46.967996,6.840241,11.0,AC_3_PHASE,16,230,Type 2 Outlet,True,False,NFC RFID Classic
CH*CCI*E20113,MOVE - EWB ParkRide Neufeld,Neubrückstrasse 166,Bern,3012,46.963238,7.4321,11.0,AC_3_PHASE,16,230,Type 2 Outlet,True,False,NFC RFID Classic
CH*CCI*E20590,Parkplatz Coop Dorf,Sarganserstrasse 1,Mels,8887,47.047636,9.421554,22.0,AC_3_PHASE,32,230,Type 2 Outlet,True,False,NFC RFID Classic
CH*CCC*E50316,Gemeindewerke Rüti,Werkstrasse 27,Rüti,8630,47.256462,8.851547,20.0,DC,50,400,CCS Combo 2 Plug (Cable Attached),True,False,NFC RFID Classic
CH*CCC*E50317,Gemeindewerke Rüti,Werkstrasse 27,Rüti,8630,47.256462,8.851547,20.0,DC,50,400,CHAdeMO,True,False,NFC RFID Classic
CH*CCC*E50319,MOVE - Olten Aarburgerstrasse 39,Aarburgerstrasse 39,Olten,4600,47.34785,7.906247,150.0,DC,375,400,CCS Combo 2 Plug (Cable Attached),True,False,NFC RFID Classic
CH*CCC*E50312,Romatik Seehotel Sonne,Seestrasse 120,Küsnacht,8700,47.31877,8.57894,22.0,AC_3_PHASE,32,230,Type 2 Outlet,True,False,NFC RFID Classic
CH*CCC*E50313,Romatik Seehotel Sonne,Seestrasse 120,Küsnacht,8700,47.31877,8.57894,20.0,DC,50,400,CCS Combo 2 Plug (Cable Attached),True,False,NFC RFID Classic
CH*CCC*E50314,Romatik Seehotel Sonne,Seestrasse 120,Küsnacht,8700,47.31877,8.57894,20.0,DC,50,400,CHAdeMO,True,False,NFC RFID Classic
CH*CCC*E50315,Gemeindewerke Rüti,Werkstrasse 27,Rüti,8630,47.256462,8.851547,22.0,AC_3_PHASE,32,230,Type 2 Connector (Cable Attached),True,False,NFC RFID Classic
CH*CCI*E22768,MOVE - Rastplatz Bodio,Area di sosta - A2,Bodio,6743,46.37356,8.91699,150.0,DC,375,400,CCS Combo 2 Plug (Cable Attached),True,False,NFC RFID Classic
CH*CCI*E21436,SIG Lignon Jura Employés,Chemin du Château-Bloch 2,Le Lignon,1219,46.206992,6.102381,22.0,AC_3_PHASE,32,230,Type 2 Outlet,True,False,NFC RFID Classic
CH*CCC*E50330,MOVE - Rastplatz Aspholz,Rastplatz Aspholz,Adliswil,8134,47.320749,8.534174,225.0,DC,563,400,CCS Combo 2 Plug (Cable Attached),True,False,NFC RFID Classic
CH*CCI*E20589,Parkplatz Neudorf,Rorschacher Strasse 253,St. Gallen,9016,47.437577,9.405831,22.0,AC_3_PHASE,32,230,Type 2 Outlet,True,False,NFC RFID Classic
CH*CCI*E22769,MOVE - Rastplatz Bodio,Area di sosta - A2,Bodio,6743,46.37356,8.91699,50.0,DC,125,400,CHAdeMO,True,False,NFC RFID Classic
CH*CCI*E21435,SIG Lignon Jura Employés,Chemin du Château-Bloch 2,Le Lignon,1219,46.206992,6.102381,22.0,AC_3_PHASE,32,230,Type 2 Outlet,True,False,NFC RFID Classic
CH*CCI*E20588,Parkplatz Neudorf,Rorschacher Strasse 253,St. Gallen,9016,47.437577,9.405831,22.0,AC_3_PHASE,32,230,Type 2 Outlet,True,False,NFC RFID Classic
CH*CCI*E20104,MOVE - Schönenwerd Oltnerstrasse,Oltnerstrasse,Schönenwerd,5012,47.371339,8.002168,22.0,AC_3_PHASE,32,230,Type 2 Outlet,True,False,NFC RFID Classic
CH*CCI*E21438,SIG Lignon Jura Employés,Chemin du Château-Bloch 2,Le Lignon,1219,46.206992,6.102381,22.0,AC_3_PHASE,32,230,Type 2 Outlet,True,False,NFC RFID Classic
CH*CCI*E22767,MOVE - Rastplatz Bodio,Area di sosta - A2,Bodio,6743,46.37356,8.91699,22.0,AC_3_PHASE,32,230,Type 2 Connector (Cable Attached),True,False,NFC RFID Classic
CH*CCI*E21437,SIG Lignon Jura Employés,Chemin du Château-Bloch 2,Le Lignon,1219,46.206992,6.102381,22.0,AC_3_PHASE,32,230,Type 2 Outlet,True,False,NFC RFID Classic
CH*CCC*E50333,SIG Lignon Visiteurs DC200,Chemin du Château-Bloch 2,Le Lignon,1219,46.20662,6.10246,150.0,DC,375,400,CCS Combo 2 Plug (Cable Attached),True,False,NFC RFID Classic
CH*CCI*E21439,SIG Lignon Jura Employés,Chemin du Château-Bloch 2,Le Lignon,1219,46.206992,6.102381,22.0,AC_3_PHASE,32,230,Type 2 Outlet,True,False,NFC RFID Classic
CH*CCI*E22760,2_213,Gessnerallee 14,Zürich,8001,47.375245,8.535116,22.0,AC_3_PHASE,32,230,Type 2 Outlet,True,False,NFC RFID Classic
CH*CCI*E20581,Parkplatz Sporthalle Lindenhof,Rotschürstrasse 17,Wil,9500,47.459974,9.051383,22.0,AC_3_PHASE,32,230,Type 2 Outlet,True,False,NFC RFID Classic
CH*CCI*E22761,2_214,Gessnerallee 14,Zürich,8001,47.375245,8.535116,22.0,AC_3_PHASE,32,230,Type 2 Outlet,True,False,NFC RFID Classic
CH*CCI*E20580,Parkplatz Sporthalle Lindenhof,Rotschürstrasse 17,Wil,9500,47.459974,9.051383,22.0,AC_3_PHASE,32,230,Type 2 Outlet,True,False,NFC RFID Classic
CH*CCI*E21430,SIG Pregny Eglise,Route de Pregny 43,Chambésy,1292,46.237012,6.140675,22.0,AC_3_PHASE,32,230,Type 2 Outlet,True,False,NFC RFID Classic
CH*CCI*E20583,Parkplatz Wiedehorn,Wiedehorn 4,Egnach,9322,47.535294,9.396744,22.0,AC_3_PHASE,32,230,Type 2 Outlet,True,False,NFC RFID Classic
CH*CCI*E20582,Parkplatz Wiedehorn,Wiedehorn 4,Egnach,9322,47.535294,9.396744,22.0,AC_3_PHASE,32,230,Type 2 Outlet,True,False,NFC RFID Classic
CH*CCI*E21432,SIG Lignon Visiteurs,Chemin du Château-Bloch 2,Le Lignon,1219,46.206609,6.10254,22.0,AC_3_PHASE,32,230,Type 2 Outlet,True,False,NFC RFID Classic
CH*CCI*E20585,Bahnhof Sargans,Stockbrühlweg 4,Sargans,7320,47.04666,9.445072,22.0,AC_3_PHASE,32,230,Type 2 Outlet,True,False,NFC RFID Classic
CH*CCI*E21431,SIG Pregny Eglise,Route de Pregny 43,Chambésy,1292,46.237012,6.140675,22.0,AC_3_PHASE,32,230,Type 2 Outlet,True,False,NFC RFID Classic
CH*CCI*E20584,Bahnhof Sargans,Stockbrühlweg 4,Sargans,7320,47.04666,9.445072,22.0,AC_3_PHASE,32,230,Type 2 Outlet,True,False,NFC RFID Classic
CH*CCI*E22320,SIG PLO Chemin de Vers,Chemin de Vers 5,Plan-les-Ouates,1228,46.168765,6.121938,22.0,AC_3_PHASE,32,230,Type 2 Outlet,True,False,NFC RFID Classic
CH*CCI*E20141,MOVE - Birsfelden Post,Hauptstrasse 53,Birsfelden,4127,47.553259,7.622693,22.0,AC_3_PHASE,32,230,Type 2 Outlet,True,False,NFC RFID Classic
CH*CCI*E22321,SIG PLO Chemin de Vers,Chemin de Vers 5,Plan-les-Ouates,1228,46.168765,6.121938,22.0,AC_3_PHASE,32,230,Type 2 Outlet,True,False,NFC RFID Classic
CH*CCI*E20140,MOVE - Fribourg Route de Villars 135,Route de Villars 135,Fribourg,1700,46.800367,7.138313,22.0,AC_3_PHASE,32,230,Type 2 Outlet,True,False,NFC RFID Classic
CH*CCI*E21474,MOVE - Harley-Heaven Bächli AG,Überlandstrasse 74,Dietikon,8953,47.410157,8.398049,24.0,DC,60,400,CCS Combo 2 Plug (Cable Attached),True,False,NFC RFID Classic
CH*CCI*E20143,MOVE - EWB Inselparking Bern,Murtenstrasse 10,Bern,3010,46.948885,7.427197,11.0,AC_3_PHASE,16,230,Type 2 Outlet,True,False,NFC RFID Classic
CH*CCI*E21473,MOVE - Harley-Heaven Bächli AG,Überlandstrasse 74,Dietikon,8953,47.410157,8.398049,22.0,AC_3_PHASE,32,230,Type 2 Outlet,True,False,NFC RFID Classic
CH*CCI*E20142,MOVE - Birsfelden Post,Hauptstrasse 53,Birsfelden,4127,47.553259,7.622693,22.0,AC_3_PHASE,32,230,Type 2 Outlet,True,False,NFC RFID Classic
CH*CCI*E20100,MOVE - Albeuve Route de lIntyamon 103,Route de l'Intyamon 103,Albeuve,1669,46.51848,7.056156,22.0,AC_3_PHASE,32,230,Type 2 Outlet,True,False,NFC RFID Classic
CH*CCI*E22762,2_215,Gessnerallee 14,Zürich,8001,47.375245,8.535116,22.0,AC_3_PHASE,32,230,Type 2 Outlet,True,False,NFC RFID Classic
CH*CCI*E21434,SIG Lignon Jura Employés,Chemin du Château-Bloch 2,Le Lignon,1219,46.206992,6.102381,22.0,AC_3_PHASE,32,230,Type 2 Outlet,True,False,NFC RFID Classic
CH*CCI*E20587,Energie Kreuzlingen Bleichestrasse,Bleichestrasse,Kreuzlingen,8280,47.644972,9.197016,22.0,AC_3_PHASE,32,230,Type 2 Outlet,True,False,NFC RFID Classic
CH*CCI*E20103,MOVE - Schönenwerd Oltnerstrasse,Oltnerstrasse,Schönenwerd,5012,47.371339,8.002168,22.0,AC_3_PHASE,32,230,Type 2 Outlet,True,False,NFC RFID Classic
CH*CCI*E21433,SIG Lignon Visiteurs,Chemin du Château-Bloch 2,Le Lignon,1219,46.206609,6.10254,22.0,AC_3_PHASE,32,230,Type 2 Outlet,True,False,NFC RFID Classic
CH*CCI*E20586,Energie Kreuzlingen Bleichestrasse,Bleichestrasse,Kreuzlingen,8280,47.644972,9.197016,22.0,AC_3_PHASE,32,230,Type 2 Outlet,True,False,NFC RFID Classic
CH*CCC*E50329,MOVE - Rastplatz Aspholz,Rastplatz Aspholz,Adliswil,8134,47.320749,8.534174,225.0,DC,563,400,CCS Combo 2 Plug (Cable Attached),True,False,NFC RFID Classic
CH*CCC*E50323,Energie Uster,Oberlandstrasse 78,Uster,8610,47.354556,8.715269,22.0,AC_3_PHASE,32,230,Type 2 Outlet,True,False,NFC RFID Classic
CH*CCC*E50324,Energie Uster,Oberlandstrasse 78,Uster,8610,47.354556,8.715269,7.0,DC,32,230,CCS Combo 2 Plug (Cable Attached),True,False,NFC RFID Classic
CH*CCC*E50325,Energie Uster,Oberlandstrasse 78,Uster,8610,47.354556,8.715269,7.0,DC,32,230,CHAdeMO,True,False,NFC RFID Classic
CH*MMN*E03226,AC-Charger-1,Via Stradonino 1,Riazzino,6595,46.17432,8.887295,22.0,AC_3_PHASE,32,230,Type 2 Outlet,True,False,NFC RFID Classic
CH*CCI*E21029,Psychiatrische Klinik Wil,Zürcherstrasse 30,Wil,9500,47.466796,9.037296,22.0,AC_3_PHASE,32,230,Type 2 Outlet,True,False,NFC RFID Classic
CH*CCI*E21028,Regio Energie Solothurn - Badi Solothurn,Römerstrasse 49,Solothurn,4500,47.199536,7.52578,22.0,AC_3_PHASE,32,230,Type 2 Outlet,True,False,NFC RFID Classic
CH*CCI*E22359,SIG Cologny Lion d'Or DC50,Place Pierre-Gautier 5,Cologny,1223,46.216279,6.180588,50.0,DC,125,400,CCS Combo 2 Plug (Cable Attached),True,False,NFC RFID Classic
CH*CCI*E22353,SIG CPEG Chabrey,Rue Chabrey 37,Genève,1202,50.0,-15.0,22.0,AC_3_PHASE,32,230,Type 2 Outlet,True,False,NFC RFID Classic
CH*CCI*E20174,Regio Energie Solothurn - Konzertsaal,Untere Steingrubenstrasse 1,Solothurn,4502,47.209554,7.536554,22.0,AC_3_PHASE,32,230,Type 2 Outlet,True,False,NFC RFID Classic
CH*CCI*E22354,SIG Cologny Parking de la Forge,Place du Manoir,Cologny,1223,46.21678,6.182494,22.0,AC_3_PHASE,32,230,Type 2 Outlet,True,False,NFC RFID Classic
CH*CCI*E20173,Regio Energie Solothurn - Konzertsaal,Untere Steingrubenstrasse 1,Solothurn,4502,47.209554,7.536554,22.0,AC_3_PHASE,32,230,Type 2 Outlet,True,False,NFC RFID Classic
CH*CCI*E22351,SIG CPEG Chabrey,Rue Chabrey 37,Genève,1202,50.0,-15.0,22.0,AC_3_PHASE,32,230,Type 2 Outlet,True,False,NFC RFID Classic
CH*CCI*E22352,SIG CPEG Chabrey,Rue Chabrey 37,Genève,1202,50.0,-15.0,22.0,AC_3_PHASE,32,230,Type 2 Outlet,True,False,NFC RFID Classic
CH*CCI*E22357,SIG Cologny Parking de la Forge,Place du Manoir,Cologny,1223,46.21678,6.182494,22.0,AC_3_PHASE,32,230,Type 2 Outlet,True,False,NFC RFID Classic
CH*SOC*E5112*1B,SOCAR Tankstelle Noranco,"Lugano, Via Pian Scairolo 48",Lugano,6915,45.980795,8.928964,150.0,DC,375,400,CCS Combo 2 Plug (Cable Attached),True,False,NFC RFID Classic
CH*CCI*E20178,MOVE ewb - Bern Freiburgstrasse 3,Freiburgstrasse 3,Bern,3010,46.9478,7.42786,11.0,AC_3_PHASE,16,230,Type 2 Outlet,True,False,NFC RFID Classic
CH*CCI*E22358,SIG Cologny Lion d'Or DC50,Place Pierre-Gautier 5,Cologny,1223,46.216279,6.180588,50.0,DC,125,400,CCS Combo 2 Plug (Cable Attached),True,False,NFC RFID Classic
CH*SOC*E5112*1A,SOCAR Tankstelle Noranco,"Lugano, Via Pian Scairolo 48",Lugano,6915,45.980795,8.928964,150.0,DC,375,400,CCS Combo 2 Plug (Cable Attached),True,False,NFC RFID Classic
CH*CCI*E21491,SIG Dardagny Parking La Plaine,Chemin du Rail 8,La Plaine,1283,46.178436,6.000907,22.0,AC_3_PHASE,32,230,Type 2 Outlet,True,False,NFC RFID Classic
CH*CCI*E20160,MOVE - Estavayer-le-Lac,Place Nova Friburgo,Estavayer-le-Lac,1470,46.851703,6.840387,22.0,AC_3_PHASE,32,230,Type 2 Outlet,True,False,NFC RFID Classic
CH*CCI*E22339,SIG Etang Parking Fabrique,Avenue de l'Etang 55,Le Lignon,1219,46.216,6.104699,22.0,AC_3_PHASE,32,230,Type 2 Outlet,True,False,NFC RFID Classic
CH*CCI*E21006,MOVE - Centre de Sports et Loisirs Marin,Route des Marais 10,La Tène,2074,47.00743,7.02113,22.0,AC_3_PHASE,32,230,Type 2 Outlet,True,False,NFC RFID Classic
CH*CCI*E20159,MOVE - Estavayer-le-Lac,Place Nova Friburgo,Estavayer-le-Lac,1470,46.851703,6.840387,22.0,AC_3_PHASE,32,230,Type 2 Outlet,True,False,NFC RFID Classic
CH*CCI*E22337,SIG PLO Place des Aviateurs,Parking des Aviateurs,Plan-les-Ouates,1228,46.169493,6.120823,22.0,AC_3_PHASE,32,230,Type 2 Outlet,True,False,NFC RFID Classic
CH*CCI*E21009,Giger Specksteinöfen,Via Foppas,Disentis/Muster,7180,46.69167,8.83605,22.0,AC_3_PHASE,32,230,Type 2 Outlet,True,False,NFC RFID Classic
CH*CCI*E22338,SIG Etang Parking Fabrique,Avenue de l'Etang 55,Le Lignon,1219,46.216,6.104699,22.0,AC_3_PHASE,32,230,Type 2 Outlet,True,False,NFC RFID Classic
CH*CCI*E21483,SIG Cheneviers Privé,Route de Verbois 40,Aire-La-Ville,1288,50.0,-15.0,22.0,AC_3_PHASE,32,230,Type 2 Outlet,True,False,NFC RFID Classic
CH*CCI*E20152,MOVE -  Lupsingen Gemeindeverwaltung,Liestalerstrasse 14,Lupsingen,4419,47.446377,7.695015,22.0,AC_3_PHASE,32,230,Type 2 Outlet,True,False,NFC RFID Classic
CH*CCI*E22332,SIG Meyrin Parking Village,Chemin Antoine-Verchère 6,Meyrin,1217,46.2282,6.071985,22.0,AC_3_PHASE,32,230,Type 2 Outlet,True,False,NFC RFID Classic
CH*CCI*E21482,SIG Grand-Saconnex Mairie,Ancienne Route 63,Le Grand-Saconnex,1218,46.235931,6.12676,22.0,AC_3_PHASE,32,230,Type 2 Outlet,True,False,NFC RFID Classic
CH*CCI*E20151,MOVE -  Lupsingen Gemeindeverwaltung,Liestalerstrasse 14,Lupsingen,4419,47.446377,7.695015,22.0,AC_3_PHASE,32,230,Type 2 Outlet,True,False,NFC RFID Classic
CH*CCI*E21001,SIG Pregny Gare,Chemin de Chambésy 15-19,Chambésy,1292,46.242791,6.147082,22.0,AC_3_PHASE,32,230,Type 2 Outlet,True,False,NFC RFID Classic
CH*CCI*E20154,"MOVE - Lenkerhof, Lenk",Badstrasse 20,Lenk im Simmental,3775,46.453837,7.436407,22.0,AC_3_PHASE,32,230,Type 2 Outlet,True,False,NFC RFID Classic
CH*CCI*E21484,SIG Cheneviers Privé,Route de Verbois 40,Aire-La-Ville,1288,50.0,-15.0,22.0,AC_3_PHASE,32,230,Type 2 Outlet,True,False,NFC RFID Classic
CH*CCI*E21000,SIG Thônex Mairie,Chemin du Bois-Des-Arts 58,Thônex,1226,46.187807,6.197807,22.0,AC_3_PHASE,32,230,Type 2 Outlet,True,False,NFC RFID Classic
CH*CCI*E20153,"MOVE - Lenkerhof, Lenk",Badstrasse 20,Lenk im Simmental,3775,46.453837,7.436407,22.0,AC_3_PHASE,32,230,Type 2 Outlet,True,False,NFC RFID Classic
CH*CCI*E22335,SIG Grand-Saconnex Sonnex DC150,Rue Sonnex 5,Le Grand-Saconnex,1218,46.228434,6.121344,150.0,DC,375,400,CCS Combo 2 Plug (Cable Attached),True,False,NFC RFID Classic
CH*CCI*E21003,Regio Energie Solothurn - Parking Berntor,Dornacherplatz 13,Solothurn,4500,47.204359,7.538102,22.0,AC_3_PHASE,32,230,Type 2 Outlet,True,False,NFC RFID Classic
CH*CCI*E22336,SIG PLO Place des Aviateurs,Parking des Aviateurs,Plan-les-Ouates,1228,46.169493,6.120823,22.0,AC_3_PHASE,32,230,Type 2 Outlet,True,False,NFC RFID Classic
CH*CCI*E21002,SIG Pregny Gare,Chemin de Chambésy 15-19,Chambésy,1292,46.242791,6.147082,22.0,AC_3_PHASE,32,230,Type 2 Outlet,True,False,NFC RFID Classic
CH*CCI*E22333,SIG Meyrin Parking Village,Chemin Antoine-Verchère 6,Meyrin,1217,46.2282,6.071985,22.0,AC_3_PHASE,32,230,Type 2 Outlet,True,False,NFC RFID Classic
CH*CCI*E21005,MOVE - Centre de Sports et Loisirs Marin,Route des Marais 10,La Tène,2074,47.00743,7.02113,22.0,AC_3_PHASE,32,230,Type 2 Outlet,True,False,NFC RFID Classic
CH*CCI*E20158,MOVE - Tafers,Schwarzseestrasse 12,Tafers,1712,46.813778,7.215639,11.0,AC_3_PHASE,16,230,Type 2 Outlet,True,False,NFC RFID Classic
CH*CCI*E22334,SIG Grand-Saconnex Sonnex DC150,Rue Sonnex 5,Le Grand-Saconnex,1218,46.228434,6.121344,150.0,DC,375,400,CCS Combo 2 Plug (Cable Attached),True,False,NFC RFID Classic
CH*CCI*E21004,Regio Energie Solothurn - Parking Berntor,Dornacherplatz 13,Solothurn,4500,47.204359,7.538102,22.0,AC_3_PHASE,32,230,Type 2 Outlet,True,False,NFC RFID Classic
CH*CCI*E20157,MOVE - Tafers,Schwarzseestrasse 12,Tafers,1712,46.813778,7.215639,11.0,AC_3_PHASE,16,230,Type 2 Outlet,True,False,NFC RFID Classic
CH*CCI*E21481,SIG Grand-Saconnex Mairie,Ancienne Route 63,Le Grand-Saconnex,1218,46.235931,6.12676,22.0,AC_3_PHASE,32,230,Type 2 Outlet,True,False,NFC RFID Classic
CH*CCI*E21480,SIG Cheneviers Public,Route de Verbois 40,Aire-La-Ville,1288,46.194021,6.031457,22.0,AC_3_PHASE,32,230,Type 2 Outlet,True,False,NFC RFID Classic
CH*CCI*E22328,SIG PLO Place des Aviateurs,Parking des Aviateurs,Plan-les-Ouates,1228,46.169493,6.120823,22.0,AC_3_PHASE,32,230,Type 2 Outlet,True,False,NFC RFID Classic
CH*CCI*E22329,SIG PLO Place des Aviateurs,Parking des Aviateurs,Plan-les-Ouates,1228,46.169493,6.120823,22.0,AC_3_PHASE,32,230,Type 2 Outlet,True,False,NFC RFID Classic
CH*CCI*E21479,SIG Cheneviers Public,Route de Verbois 40,Aire-La-Ville,1288,46.194021,6.031457,22.0,AC_3_PHASE,32,230,Type 2 Outlet,True,False,NFC RFID Classic
CH*CCI*E20148,MOVE - Sportmotel Zweisimmen,Saanenstrasse 15,Zweisimmen,3770,46.552386,7.368875,22.0,AC_3_PHASE,32,230,Type 2 Outlet,True,False,NFC RFID Classic
CH*CCI*E22326,SIG PLO Place des Aviateurs,Parking des Aviateurs,Plan-les-Ouates,1228,46.169493,6.120823,22.0,AC_3_PHASE,32,230,Type 2 Outlet,True,False,NFC RFID Classic
CH*CCI*E22327,SIG PLO Place des Aviateurs,Parking des Aviateurs,Plan-les-Ouates,1228,46.169493,6.120823,22.0,AC_3_PHASE,32,230,Type 2 Outlet,True,False,NFC RFID Classic
CH*MMN*E01032,SIG ICC Aéroport Parking Privé - P-3,Route de Pré-Bois 20,Genève,1215,46.224661,6.101029,22.0,AC_3_PHASE,32,230,Type 2 Outlet,True,False,NFC RFID Classic
CH*CCI*E22324,SIG Thônex Edouard Olivet DC150,Chemin Edouard Olivet,Thônex,1226,46.190229,6.202938,88.0,DC,220,400,CCS Combo 2 Plug (Cable Attached),True,False,NFC RFID Classic
CH*CCI*E21476,Noyer Electricité,Route de l'Industrie 6,Sugiez,1786,46.968794,7.114986,22.0,AC_3_PHASE,32,230,Type 2 Outlet,True,False,NFC RFID Classic
CH*CCI*E20145,MOVE - EWB Inselparking Bern,Murtenstrasse 10,Bern,3010,46.948885,7.427197,11.0,AC_3_PHASE,16,230,Type 2 Outlet,True,False,NFC RFID Classic
CH*CCI*E22325,SIG Thônex Edouard Olivet DC150,Chemin Edouard Olivet,Thônex,1226,46.190229,6.202938,150.0,DC,375,400,CCS Combo 2 Plug (Cable Attached),True,False,NFC RFID Classic
CH*CCI*E21475,Noyer Electricité,Route de l'Industrie 6,Sugiez,1786,46.968794,7.114986,22.0,AC_3_PHASE,32,230,Type 2 Outlet,True,False,NFC RFID Classic
CH*CCI*E20144,MOVE - EWB Inselparking Bern,Murtenstrasse 10,Bern,3010,46.948885,7.427197,11.0,AC_3_PHASE,16,230,Type 2 Outlet,True,False,NFC RFID Classic
CH*CCI*E22322,SIG PLO Chemin de Vers,Chemin de Vers 5,Plan-les-Ouates,1228,46.168765,6.121938,22.0,AC_3_PHASE,32,230,Type 2 Outlet,True,False,NFC RFID Classic
CH*CCI*E21478,SIG Genève Rue Hoffmann,Rue Hoffmann 4,Genève,1202,46.21394,6.129714,22.0,AC_3_PHASE,32,230,Type 2 Outlet,True,False,NFC RFID Classic
CH*CCI*E20147,MOVE - Hotel de l`Aigle - Couvet,Grand'Rue 27,Val-de-Travers,2108,46.925827,6.632561,22.0,AC_3_PHASE,32,230,Type 2 Outlet,True,False,NFC RFID Classic
CH*CCI*E22323,SIG PLO Chemin de Vers,Chemin de Vers 5,Plan-les-Ouates,1228,46.168765,6.121938,22.0,AC_3_PHASE,32,230,Type 2 Outlet,True,False,NFC RFID Classic
CH*CCI*E21477,SIG Genève Rue Hoffmann,Rue Hoffmann 4,Genève,1202,46.21394,6.129714,22.0,AC_3_PHASE,32,230,Type 2 Outlet,True,False,NFC RFID Classic
CH*CCI*E20146,MOVE - EWB Inselparking Bern,Murtenstrasse 10,Bern,3010,46.948885,7.427197,11.0,AC_3_PHASE,16,230,Type 2 Outlet,True,False,NFC RFID Classic
CH*CCI*E21470,Helvetia Guillermaux,Rue de Guillermaux 1-3-5,Payerne,1530,46.818507,6.93617,22.0,AC_3_PHASE,32,230,Type 2 Outlet,True,False,NFC RFID Classic
CH*CCI*E21065,SIG Versoix Parking Boléro SS4,Chemin Jean-Baptiste Vandelle 2,Versoix,1290,46.280249,6.166271,22.0,AC_3_PHASE,32,230,Type 2 Outlet,True,False,NFC RFID Classic
CH*SOC*E5598*2A,SOCAR Sasso 2,SOCAR Rastplatz Sasso,Cadenazzo,6593,46.14995,8.959254,400.0,DC,1000,400,CCS Combo 2 Plug (Cable Attached),True,False,NFC RFID Classic
CH*CCI*E21064,SIG Versoix Parking Boléro SS4,Chemin Jean-Baptiste Vandelle 2,Versoix,1290,46.280249,6.166271,22.0,AC_3_PHASE,32,230,Type 2 Outlet,True,False,NFC RFID Classic
CH*SOC*E5598*2B,SOCAR Sasso 2,SOCAR Rastplatz Sasso,Cadenazzo,6593,46.14995,8.959254,400.0,DC,1000,400,CCS Combo 2 Plug (Cable Attached),True,False,NFC RFID Classic
CH*CCI*E21067,SIG Versoix Parking Bon Séjour,Route de Sauverny 8,Versoix,1290,46.284211,6.164412,22.0,AC_3_PHASE,32,230,Type 2 Outlet,True,False,NFC RFID Classic
CH*CCI*E21066,SIG Versoix Parking Boléro SS4,Chemin Jean-Baptiste Vandelle 2,Versoix,1290,46.280249,6.166271,22.0,AC_3_PHASE,32,230,Type 2 Outlet,True,False,NFC RFID Classic
CH*CCI*E21069,SIG Versoix Parking Bon Séjour,Route de Sauverny 8,Versoix,1290,46.284211,6.164412,22.0,AC_3_PHASE,32,230,Type 2 Outlet,True,False,NFC RFID Classic
CH*CCI*E21068,SIG Versoix Parking Bon Séjour,Route de Sauverny 8,Versoix,1290,46.284211,6.164412,22.0,AC_3_PHASE,32,230,Type 2 Outlet,True,False,NFC RFID Classic
CH*CCI*E21061,SIG Versoix Parking Boléro SS4,Chemin Jean-Baptiste Vandelle 2,Versoix,1290,46.280249,6.166271,22.0,AC_3_PHASE,32,230,Type 2 Outlet,True,False,NFC RFID Classic
CH*CCI*E21060,SIG WTC2 Aéroport Parking SS2,Route de Pré-bois 29,Meyrin,1217,46.22797,6.104145,22.0,AC_3_PHASE,32,230,Type 2 Outlet,True,False,NFC RFID Classic
CH*CCI*E21063,SIG Versoix Parking Boléro SS4,Chemin Jean-Baptiste Vandelle 2,Versoix,1290,46.280249,6.166271,22.0,AC_3_PHASE,32,230,Type 2 Outlet,True,False,NFC RFID Classic
CH*CCI*E21062,SIG Versoix Parking Boléro SS4,Chemin Jean-Baptiste Vandelle 2,Versoix,1290,46.280249,6.166271,22.0,AC_3_PHASE,32,230,Type 2 Outlet,True,False,NFC RFID Classic
CH*CCI*E22386,SIG Versoix Bordier DC200,Place Bordier,Versoix,1290,46.285506,6.166152,100.0,DC,250,400,CCS Combo 2 Plug (Cable Attached),True,False,NFC RFID Classic
CH*CCI*E21054,SIG WTC2 Aéroport Parking SS2,Route de Pré-bois 29,Meyrin,1217,46.22797,6.104145,22.0,AC_3_PHASE,32,230,Type 2 Outlet,True,False,NFC RFID Classic
CH*CCI*E21053,SIG WTC2 Aéroport Parking SS2,Route de Pré-bois 29,Meyrin,1217,46.22797,6.104145,22.0,AC_3_PHASE,32,230,Type 2 Outlet,True,False,NFC RFID Classic
CH*CCI*E22384,SIG WTC2 Aéroport SS3 Privé,Route de Pré-Bois 29,Meyrin,1217,46.22828,6.10398,22.0,AC_3_PHASE,32,230,Type 2 Outlet,True,False,NFC RFID Classic
CH*SOC*E5598*1A,SOCAR Sasso 1,SOCAR Rastplatz Sasso,Cadenazzo,6593,46.14995,8.959254,400.0,DC,1000,400,CCS Combo 2 Plug (Cable Attached),True,False,NFC RFID Classic
CH*CCI*E21056,SIG WTC2 Aéroport Parking SS2,Route de Pré-bois 29,Meyrin,1217,46.22797,6.104145,22.0,AC_3_PHASE,32,230,Type 2 Outlet,True,False,NFC RFID Classic
CH*CCI*E22385,SIG Versoix Bordier DC200,Place Bordier,Versoix,1290,46.285506,6.166152,100.0,DC,250,400,CCS Combo 2 Plug (Cable Attached),True,False,NFC RFID Classic
CH*SOC*E5598*1B,SOCAR Sasso 1,SOCAR Rastplatz Sasso,Cadenazzo,6593,46.14995,8.959254,400.0,DC,1000,400,CCS Combo 2 Plug (Cable Attached),True,False,NFC RFID Classic
CH*CCI*E21055,SIG WTC2 Aéroport Parking SS2,Route de Pré-bois 29,Meyrin,1217,46.22797,6.104145,22.0,AC_3_PHASE,32,230,Type 2 Outlet,True,False,NFC RFID Classic
CH*CCI*E21058,SIG WTC2 Aéroport Parking SS2,Route de Pré-bois 29,Meyrin,1217,46.22797,6.104145,22.0,AC_3_PHASE,32,230,Type 2 Outlet,True,False,NFC RFID Classic
CH*CCI*E21057,SIG WTC2 Aéroport Parking SS2,Route de Pré-bois 29,Meyrin,1217,46.22797,6.104145,22.0,AC_3_PHASE,32,230,Type 2 Outlet,True,False,NFC RFID Classic
CH*CCI*E21059,SIG WTC2 Aéroport Parking SS2,Route de Pré-bois 29,Meyrin,1217,46.22797,6.104145,22.0,AC_3_PHASE,32,230,Type 2 Outlet,True,False,NFC RFID Classic
CH*CCI*E22382,SIG WTC2 Aéroport SS3 Privé,Route de Pré-Bois 29,Meyrin,1217,46.22828,6.10398,22.0,AC_3_PHASE,32,230,Type 2 Outlet,True,False,NFC RFID Classic
CH*CCI*E22383,SIG WTC2 Aéroport SS3 Privé,Route de Pré-Bois 29,Meyrin,1217,46.22828,6.10398,22.0,AC_3_PHASE,32,230,Type 2 Outlet,True,False,NFC RFID Classic
CH*CCI*E22380,SIG Vernier Parking Quarz-Up,Route de Montfleury 19,Vernier,1214,46.217306,6.079665,22.0,AC_3_PHASE,32,230,Type 2 Outlet,True,False,NFC RFID Classic
CH*CCI*E21052,SIG WTC2 Aéroport Parking SS2,Route de Pré-bois 29,Meyrin,1217,46.22797,6.104145,22.0,AC_3_PHASE,32,230,Type 2 Outlet,True,False,NFC RFID Classic
CH*CCI*E22381,SIG Vernier Parking Quarz-Up,Route de Montfleury 19,Vernier,1214,46.217306,6.079665,22.0,AC_3_PHASE,32,230,Type 2 Outlet,True,False,NFC RFID Classic
CH*CCI*E21051,SIG WTC2 Aéroport Parking SS2,Route de Pré-bois 29,Meyrin,1217,46.22797,6.104145,22.0,AC_3_PHASE,32,230,Type 2 Outlet,True,False,NFC RFID Classic
CH*SOC*E5586*1C,SOCAR Dents des Morcles,SOCAR Rastplatz Dents de Morcles,Saint-Maurice,1890,46.184466,7.026493,150.0,DC,375,400,CCS Combo 2 Plug (Cable Attached),True,False,NFC RFID Classic
CH*SOC*E5586*1B,SOCAR Dents des Morcles,SOCAR Rastplatz Dents de Morcles,Saint-Maurice,1890,46.184466,7.026493,75.0,DC,188,400,CHAdeMO,True,False,NFC RFID Classic
CH*CCI*E22375,SIG Vernier Parking Quarz-Up,Route de Montfleury 19,Vernier,1214,46.217306,6.079665,22.0,AC_3_PHASE,32,230,Type 2 Outlet,True,False,NFC RFID Classic
CH*CCI*E21043,MOVE - Binningen Kronenmattsaal,Curt Goetz-Strasse 18,Binningen,4102,47.539539,7.574643,22.0,AC_3_PHASE,32,230,Type 2 Outlet,True,False,NFC RFID Classic
CH*CCI*E20196,MOVE-  Winznau,Oltnerstrasse 5,Winznau,4652,47.364586,7.933973,22.0,AC_3_PHASE,32,230,Type 2 Outlet,True,False,NFC RFID Classic
CH*CCI*E22376,PAV A,PAV Vernets,Genève,1200,46.19281,6.136354,22.0,AC_3_PHASE,32,230,Type 2 Outlet,True,False,NFC RFID Classic
CH*CCI*E20195,MOVE - ewb Schwabstrasse 70,MOVE - ewb Schwabstrasse 70,Bern,3018,46.943407,7.396309,11.0,AC_3_PHASE,16,230,Type 2 Outlet,True,False,NFC RFID Classic
CH*CCI*E22373,PAV A,PAV Vernets,Genève,1200,46.19281,6.136354,22.0,AC_3_PHASE,32,230,Type 2 Outlet,True,False,NFC RFID Classic
CH*CCI*E21045,Bâtiment EVA,Impasse de la Colline 4,Givisiez,1762,46.812218,7.13759,11.0,AC_3_PHASE,16,230,Type 2 Outlet,True,False,NFC RFID Classic
CH*CCI*E20198,MOVE - Bottmingen,Schulstrasse,Bottmingen,4103,47.522654,7.572143,22.0,AC_3_PHASE,32,230,Type 2 Outlet,True,False,NFC RFID Classic
CH*CCI*E22374,SIG Vernier Parking Quarz-Up,Route de Montfleury 19,Vernier,1214,46.217306,6.079665,22.0,AC_3_PHASE,32,230,Type 2 Outlet,True,False,NFC RFID Classic
CH*CCI*E21044,MOVE - Binningen Kronenmattsaal,Curt Goetz-Strasse 18,Binningen,4102,47.539539,7.574643,22.0,AC_3_PHASE,32,230,Type 2 Outlet,True,False,NFC RFID Classic
CH*CCI*E22281,SIG Grand-Saconnex Giacometti,Rue Alberto-Giacometti 10,Le Grand-Saconnex,1218,46.227504,6.119558,22.0,AC_3_PHASE,32,230,Type 2 Outlet,True,False,NFC RFID Classic
CH*CCI*E22282,SIG Grand-Saconnex Giacometti,Rue Alberto-Giacometti 10,Le Grand-Saconnex,1218,46.227504,6.119558,22.0,AC_3_PHASE,32,230,Type 2 Outlet,True,False,NFC RFID Classic
CH*CCI*E20936,Primeo Energie - Felix Transport AG,Talstrasse 47,Arlesheim,4144,47.498344,7.608649,22.0,AC_3_PHASE,32,230,Type 2 Outlet,True,False,NFC RFID Classic
CH*CCI*E20935,Primeo Energie - Felix Transport AG,Talstrasse 47,Arlesheim,4144,47.498344,7.608649,22.0,AC_3_PHASE,32,230,Type 2 Outlet,True,False,NFC RFID Classic
CH*CCI*E20926,SIG Lancy Stade de Florimont,Chemin du Bac 15-13,Grand-Lancy,1213,46.193706,6.113973,22.0,AC_3_PHASE,32,230,Type 2 Outlet,True,False,NFC RFID Classic
CH*CCI*E20928,MOVE - ewb Metro Parking Bern,Waisenhausplatz 19,Bern,3011,46.949918,7.445497,11.0,AC_3_PHASE,16,230,Type 2 Outlet,True,False,NFC RFID Classic
CH*CCI*E20921,SIG Lancy Stade de Florimont,Chemin du Bac 15-13,Grand-Lancy,1213,46.193706,6.113973,22.0,AC_3_PHASE,32,230,Type 2 Outlet,True,False,NFC RFID Classic
CH*CCI*E20923,SIG Lancy Stade de Florimont,Chemin du Bac 15-13,Grand-Lancy,1213,46.193706,6.113973,22.0,AC_3_PHASE,32,230,Type 2 Outlet,True,False,NFC RFID Classic
CH*CCI*E20922,SIG Lancy Stade de Florimont,Chemin du Bac 15-13,Grand-Lancy,1213,46.193706,6.113973,22.0,AC_3_PHASE,32,230,Type 2 Outlet,True,False,NFC RFID Classic
CH*CCI*E20925,SIG Lancy Stade de Florimont,Chemin du Bac 15-13,Grand-Lancy,1213,46.193706,6.113973,22.0,AC_3_PHASE,32,230,Type 2 Outlet,True,False,NFC RFID Classic
CH*CCI*E20924,SIG Lancy Stade de Florimont,Chemin du Bac 15-13,Grand-Lancy,1213,46.193706,6.113973,22.0,AC_3_PHASE,32,230,Type 2 Outlet,True,False,NFC RFID Classic
CH*CCI*E20918,MOVE - Parkplatz Schiffliwiese Ladestation 1,Strandbodenstrasse,Murg,8877,47.113626,9.217972,22.0,AC_3_PHASE,32,230,Type 2 Outlet,True,False,NFC RFID Classic
CH*CCI*E20917,MOVE - Parkplatz Schiffliwiese Ladestation 1,Strandbodenstrasse,Murg,8877,47.113626,9.217972,22.0,AC_3_PHASE,32,230,Type 2 Outlet,True,False,NFC RFID Classic
CH*CCI*E20910,MOVE - Überbauung Erlen Heerbrugg,Erlenstrasse,Heerbrugg,9435,47.41135,9.62817,22.0,AC_3_PHASE,32,230,Type 2 Outlet,True,False,NFC RFID Classic
CH*CCI*E20912,Eli10 - Vieille ville du Landeron,Rue Saint-Maurice,Le Landeron,2525,47.05124,7.06377,22.0,AC_3_PHASE,32,230,Type 2 Outlet,True,False,NFC RFID Classic
CH*CCI*E20911,Eli10 - Vieille ville du Landeron,Rue Saint-Maurice,Le Landeron,2525,47.05124,7.06377,22.0,AC_3_PHASE,32,230,Type 2 Outlet,True,False,NFC RFID Classic
CH*CCI*E20914,Eli10 - Gare du Landeron 1,Rue de la Gare 1,Le Landeron,2525,47.0567,7.06737,22.0,AC_3_PHASE,32,230,Type 2 Outlet,True,False,NFC RFID Classic
CH*CCI*E20913,Eli10 - Gare du Landeron 1,Rue de la Gare 1,Le Landeron,2525,47.0567,7.06737,22.0,AC_3_PHASE,32,230,Type 2 Outlet,True,False,NFC RFID Classic
CH*CCI*E20905,MOVE - Bahnhofstrasse 1 Wattwil,Bahnhofstrasse 1,Wattwil,9630,47.30171,9.0865,22.0,AC_3_PHASE,32,230,Type 2 Outlet,True,False,NFC RFID Classic
CH*CCI*E20904,SH POWER - Mühlenstrasse,Mühlenstrasse 19,Schaffhausen,8201,47.693216,8.629117,22.0,AC_3_PHASE,32,230,Type 2 Outlet,True,False,NFC RFID Classic
CH*SOC*E5108*2A,SOCAR Raststätte St. Katharina Nord 2,SOCAR Raststätte St. Katharina Nord,Inwil,6037,47.119628,8.374184,225.0,DC,563,400,CCS Combo 2 Plug (Cable Attached),True,False,NFC RFID Classic
CH*CCI*E20907,MOVE - Freibad Wattwil,Industriestrasse 10,Wattwil,9630,47.29412,9.09289,22.0,AC_3_PHASE,32,230,Type 2 Outlet,True,False,NFC RFID Classic
CH*SOC*E5108*2B,SOCAR Raststätte St. Katharina Nord 2,SOCAR Raststätte St. Katharina Nord,Inwil,6037,47.119628,8.374184,225.0,DC,563,400,CCS Combo 2 Plug (Cable Attached),True,False,NFC RFID Classic
CH*CCI*E20906,MOVE - Bahnhofstrasse 1 Wattwil,Bahnhofstrasse 1,Wattwil,9630,47.30171,9.0865,22.0,AC_3_PHASE,32,230,Type 2 Outlet,True,False,NFC RFID Classic
CH*CCI*E20908,MOVE - Freibad Wattwil,Industriestrasse 10,Wattwil,9630,47.29412,9.09289,22.0,AC_3_PHASE,32,230,Type 2 Outlet,True,False,NFC RFID Classic
CH*CCI*E20901,SH POWER - Mühlenstrasse,Mühlenstrasse 19,Schaffhausen,8201,47.693216,8.629117,22.0,AC_3_PHASE,32,230,Type 2 Outlet,True,False,NFC RFID Classic
CH*CCI*E20903,SH POWER - Mühlenstrasse,Mühlenstrasse 19,Schaffhausen,8201,47.693216,8.629117,22.0,AC_3_PHASE,32,230,Type 2 Outlet,True,False,NFC RFID Classic
CH*CCI*E20902,SH POWER - Mühlenstrasse,Mühlenstrasse 19,Schaffhausen,8201,47.693216,8.629117,22.0,AC_3_PHASE,32,230,Type 2 Outlet,True,False,NFC RFID Classic
CH*SOC*E5108*1B,SOCAR Raststätte St. Katharina Nord 1,SOCAR Raststätte St. Katharina Nord,Inwil,6037,47.119628,8.374184,225.0,DC,563,400,CCS Combo 2 Plug (Cable Attached),True,False,NFC RFID Classic
CH*SOC*E5108*1A,SOCAR Raststätte St. Katharina Nord 1,SOCAR Raststätte St. Katharina Nord,Inwil,6037,47.119628,8.374184,225.0,DC,563,400,CCS Combo 2 Plug (Cable Attached),True,False,NFC RFID Classic
CH*CCI*E21821,SH POWER Hauentalstrasse rechts,Hauentalstrasse,Schaffhausen,8204,47.71217,8.623899,22.0,AC_3_PHASE,32,230,Type 2 Outlet,True,False,NFC RFID Classic
CH*CCC*E50264,MOVE - Rastplatz Mumpf Süd,Rastplatz Mumpf Süd,Mumpf,4322,47.545138,7.932071,22.0,AC_3_PHASE,32,230,Type 2 Outlet,True,False,NFC RFID Classic
CH*CCI*E21820,SH POWER Hauentalstrasse rechts,Hauentalstrasse,Schaffhausen,8204,47.71217,8.623899,22.0,AC_3_PHASE,32,230,Type 2 Outlet,True,False,NFC RFID Classic
CH*CCC*E50265,MOVE - Everness Hotel,Les Champs-Blancs,Chavannes-de-Bogis,1279,46.33473,6.161517,150.0,DC,375,400,CCS Combo 2 Plug (Cable Attached),True,False,NFC RFID Classic
CH*CCI*E21823,SH POWER Hauentalstrasse links,Hauentalstrasse,Schaffhausen,8204,47.71217,8.623899,22.0,AC_3_PHASE,32,230,Type 2 Outlet,True,False,NFC RFID Classic
CH*CCI*E20976,Primeo Energie – Vitra AG,Klünenfeldstrasse 22,Birsfelden,4127,47.543814,7.630439,11.0,AC_3_PHASE,16,230,Type 2 Outlet,True,False,NFC RFID Classic
CH*CCC*E50266,MOVE - Everness Hotel,Les Champs-Blancs,Chavannes-de-Bogis,1279,46.33473,6.161517,150.0,DC,375,400,CCS Combo 2 Plug (Cable Attached),True,False,NFC RFID Classic
CH*CCI*E20197,MOVE - Bottmingen,Schulstrasse,Bottmingen,4103,47.522654,7.572143,22.0,AC_3_PHASE,32,230,Type 2 Outlet,True,False,NFC RFID Classic
CH*CCI*E22379,SIG Vernier Parking Quarz-Up,Route de Montfleury 19,Vernier,1214,46.217306,6.079665,22.0,AC_3_PHASE,32,230,Type 2 Outlet,True,False,NFC RFID Classic
CH*CCI*E21047,Bâtiment EVA,Impasse de la Colline 4,Givisiez,1762,46.812218,7.13759,11.0,AC_3_PHASE,16,230,Type 2 Outlet,True,False,NFC RFID Classic
CH*CCI*E21046,Bâtiment EVA,Impasse de la Colline 4,Givisiez,1762,46.812218,7.13759,11.0,AC_3_PHASE,16,230,Type 2 Outlet,True,False,NFC RFID Classic
CH*CCI*E22377,PAV A,PAV Vernets,Genève,1200,46.19281,6.136354,22.0,AC_3_PHASE,32,230,Type 2 Outlet,True,False,NFC RFID Classic
CH*CCI*E22378,PAV A,PAV Vernets,Genève,1200,46.19281,6.136354,22.0,AC_3_PHASE,32,230,Type 2 Outlet,True,False,NFC RFID Classic
CH*CCI*E21048,Bâtiment EVA,Impasse de la Colline 4,Givisiez,1762,46.812218,7.13759,11.0,AC_3_PHASE,16,230,Type 2 Outlet,True,False,NFC RFID Classic
CH*CCI*E22371,PAV A,PAV Vernets,Genève,1200,46.19281,6.136354,22.0,AC_3_PHASE,32,230,Type 2 Outlet,True,False,NFC RFID Classic
CH*CCI*E20192,MOVE - ewb Hallerstrasse 56,MOVE - ewb Hallerstrasse 56,Bern,3001,46.954733,7.438395,11.0,AC_3_PHASE,16,230,Type 2 Outlet,True,False,NFC RFID Classic
CH*CCI*E22372,PAV A,PAV Vernets,Genève,1200,46.19281,6.136354,22.0,AC_3_PHASE,32,230,Type 2 Outlet,True,False,NFC RFID Classic
CH*CCI*E20194,MOVE - ewb Schwabstrasse 70,MOVE - ewb Schwabstrasse 70,Bern,3018,46.943407,7.396309,11.0,AC_3_PHASE,16,230,Type 2 Outlet,True,False,NFC RFID Classic
CH*CCI*E22370,PAV A,PAV Vernets,Genève,1200,46.19281,6.136354,22.0,AC_3_PHASE,32,230,Type 2 Outlet,True,False,NFC RFID Classic
CH*CCI*E21040,MOVE - Hofstetten,Büneweg 2,Hofstetten-Flüh,4114,47.476789,7.517016,22.0,AC_3_PHASE,32,230,Type 2 Outlet,True,False,NFC RFID Classic
CH*CCI*E20193,MOVE - ewb Hallerstrasse 56,MOVE - ewb Hallerstrasse 56,Bern,3001,46.954733,7.438395,11.0,AC_3_PHASE,16,230,Type 2 Outlet,True,False,NFC RFID Classic
CH*SOC*E5586*2B,SOCAR Dents des Morcles,SOCAR Rastplatz Dents de Morcles,Saint-Maurice,1890,46.184466,7.026493,400.0,DC,1000,400,CCS Combo 2 Plug (Cable Attached),True,False,NFC RFID Classic
CH*SOC*E5586*2A,SOCAR Dents des Morcles,SOCAR Rastplatz Dents de Morcles,Saint-Maurice,1890,46.184466,7.026493,400.0,DC,1000,400,CCS Combo 2 Plug (Cable Attached),True,False,NFC RFID Classic
CH*CCI*E21039,MOVE - Hofstetten,Büneweg 2,Hofstetten-Flüh,4114,47.476789,7.517016,22.0,AC_3_PHASE,32,230,Type 2 Outlet,True,False,NFC RFID Classic
CH*CCI*E22364,SIG Versoix Montfleury,Grand-Montfleury,Versoix,1290,46.291637,6.163465,22.0,AC_3_PHASE,32,230,Type 2 Outlet,True,False,NFC RFID Classic
CH*CCI*E20185,MOVE - Courrendlin,Sur Haute Rive 1,Courrendlin,2830,47.343593,7.367481,22.0,AC_3_PHASE,32,230,Type 2 Outlet,True,False,NFC RFID Classic
CH*CCI*E22365,SIG Versoix Montfleury,Grand-Montfleury,Versoix,1290,46.291637,6.163465,22.0,AC_3_PHASE,32,230,Type 2 Outlet,True,False,NFC RFID Classic
CH*CCI*E20184,MOVE - Courrendlin,Sur Haute Rive 1,Courrendlin,2830,47.343593,7.367481,22.0,AC_3_PHASE,32,230,Type 2 Outlet,True,False,NFC RFID Classic
CH*CCI*E22362,SIG Versoix Montfleury,Grand-Montfleury,Versoix,1290,46.291637,6.163465,22.0,AC_3_PHASE,32,230,Type 2 Outlet,True,False,NFC RFID Classic
CH*CCI*E22363,SIG Versoix Montfleury,Grand-Montfleury,Versoix,1290,46.291637,6.163465,22.0,AC_3_PHASE,32,230,Type 2 Outlet,True,False,NFC RFID Classic
CH*CCI*E22368,PAV A,PAV Vernets,Genève,1200,46.19281,6.136354,22.0,AC_3_PHASE,32,230,Type 2 Outlet,True,False,NFC RFID Classic
CH*CCI*E21036,Kurplatz Rorschach,Churerstrasse,Rorschach,9400,47.477925,9.502294,22.0,AC_3_PHASE,32,230,Type 2 Outlet,True,False,NFC RFID Classic
CH*CCI*E22369,PAV A,PAV Vernets,Genève,1200,46.19281,6.136354,22.0,AC_3_PHASE,32,230,Type 2 Outlet,True,False,NFC RFID Classic
CH*CCI*E21035,Kurplatz Rorschach,Churerstrasse,Rorschach,9400,47.477925,9.502294,22.0,AC_3_PHASE,32,230,Type 2 Outlet,True,False,NFC RFID Classic
CH*CCI*E22366,SIG Thônex Pompiers DC200,Avenue de Thônex 40,Thônex,1226,46.186513,6.196205,200.0,DC,500,400,CCS Combo 2 Plug (Cable Attached),True,False,NFC RFID Classic
CH*CCI*E21038,Kurplatz Rorschach,Churerstrasse,Rorschach,9400,47.477921,9.502123,22.0,AC_3_PHASE,32,230,Type 2 Outlet,True,False,NFC RFID Classic
CH*CCI*E22367,SIG Thônex Pompiers DC200,Avenue de Thônex 40,Thônex,1226,46.186513,6.196205,200.0,DC,500,400,CCS Combo 2 Plug (Cable Attached),True,False,NFC RFID Classic
CH*CCI*E21037,Kurplatz Rorschach,Churerstrasse,Rorschach,9400,47.477921,9.502123,22.0,AC_3_PHASE,32,230,Type 2 Outlet,True,False,NFC RFID Classic
CH*CCI*E22360,SIG Cologny Parking du Centre Sportif DC50,Chemin de la Tulette 8,Chêne-Bougeries,1224,46.206319,6.185137,50.0,DC,125,400,CCS Combo 2 Plug (Cable Attached),True,False,NFC RFID Classic
CH*CCI*E22361,SIG Cologny Parking du Centre Sportif DC50,Chemin de la Tulette 8,Chêne-Bougeries,1224,46.206319,6.185137,50.0,DC,125,400,CCS Combo 2 Plug (Cable Attached),True,False,NFC RFID Classic
CH*CCI*E21030,Psychiatrische Klinik Wil,Zürcherstrasse 30,Wil,9500,47.466796,9.037296,22.0,AC_3_PHASE,32,230,Type 2 Outlet,True,False,NFC RFID Classic
CH*SOC*E5586*1A,SOCAR Dents des Morcles,SOCAR Rastplatz Dents de Morcles,Saint-Maurice,1890,46.184466,7.026493,150.0,DC,375,400,CCS Combo 2 Plug (Cable Attached),True,False,NFC RFID Classic
CH*SOC*E5100*1B,SOCAR Manegg,"Manegg, Allmendstrasse 121",Zürich,8041,47.340339,8.519383,150.0,DC,375,400,CCS Combo 2 Plug (Cable Attached),True,False,NFC RFID Classic
CH*SOC*E5100*1A,SOCAR Manegg,"Manegg, Allmendstrasse 121",Zürich,8041,47.340339,8.519383,150.0,DC,375,400,CCS Combo 2 Plug (Cable Attached),True,False,NFC RFID Classic
CH*CCI*E20952,MOVE - Parking Gurtenbahn,Mani-Matter-Platz 1,Wabern,3084,46.928079,7.447173,11.0,AC_3_PHASE,16,230,Type 2 Outlet,True,False,NFC RFID Classic
CH*CCC*E50242,MOVE - Raststätte Glarnerland Süd,Nideracher 1,Niederurnen,8867,47.137827,9.049753,150.0,DC,375,400,CCS Combo 2 Plug (Cable Attached),True,False,NFC RFID Classic
CH*CCI*E20951,MOVE - Parking Gurtenbahn,Mani-Matter-Platz 1,Wabern,3084,46.928079,7.447173,11.0,AC_3_PHASE,16,230,Type 2 Outlet,True,False,NFC RFID Classic
CH*CCC*E50243,MOVE - Raststätte Glarnerland Nord,Tschachen 2,Niederurnen,8867,47.138261,9.050816,150.0,DC,375,400,CCS Combo 2 Plug (Cable Attached),True,False,NFC RFID Classic
CH*CCI*E21801,AC-Charger-2,Via Stradonino 1,Riazzino,6595,46.17432,8.887295,22.0,AC_3_PHASE,32,230,Type 2 Outlet,True,False,NFC RFID Classic
CH*CCI*E20954,MOVE - Parking Gurtenbahn,Mani-Matter-Platz 1,Wabern,3084,46.928079,7.447173,11.0,AC_3_PHASE,16,230,Type 2 Outlet,True,False,NFC RFID Classic
CH*CCC*E50244,MOVE - Raststätte Glarnerland Nord,Tschachen 2,Niederurnen,8867,47.138261,9.050816,150.0,DC,375,400,CCS Combo 2 Plug (Cable Attached),True,False,NFC RFID Classic
CH*CCI*EBB*2836*9,MOVE - Avenches Impasse de la Plaine 6,Impasse de la Plaine 6,Avenches,1580,46.893546,7.04722,22.0,AC_3_PHASE,32,230,Type 2 Outlet,True,False,NFC RFID Classic
CH*SOC*E5591*2B,SOCAR Eggberg,SOCAR Rastplatz Eggberg,Hägendorf,4614,47.336093,7.82902,50.0,DC,125,400,CHAdeMO,True,False,NFC RFID Classic
CH*SOC*E5591*2A,SOCAR Eggberg,SOCAR Rastplatz Eggberg,Hägendorf,4614,47.336093,7.82902,300.0,DC,750,400,CCS Combo 2 Plug (Cable Attached),True,False,NFC RFID Classic
CH*SOC*E5591*2C,SOCAR Eggberg,SOCAR Rastplatz Eggberg,Hägendorf,4614,47.336093,7.82902,300.0,DC,750,400,CCS Combo 2 Plug (Cable Attached),True,False,NFC RFID Classic
CH*SOC*E5591*1A,SOCAR Eggberg,SOCAR Rastplatz Eggberg,Hägendorf,4614,47.336093,7.82902,150.0,DC,375,400,CCS Combo 2 Plug (Cable Attached),True,False,NFC RFID Classic
CH*SOC*E5591*1C,SOCAR Eggberg,SOCAR Rastplatz Eggberg,Hägendorf,4614,47.336093,7.82902,150.0,DC,375,400,CCS Combo 2 Plug (Cable Attached),True,False,NFC RFID Classic
CH*SOC*E5591*1B,SOCAR Eggberg,SOCAR Rastplatz Eggberg,Hägendorf,4614,47.336093,7.82902,75.0,DC,188,400,CHAdeMO,True,False,NFC RFID Classic
CH*SOC*E5591*1D,SOCAR Eggberg,SOCAR Rastplatz Eggberg,Hägendorf,4614,47.336093,7.82902,22.0,AC_3_PHASE,32,230,Type 2 Outlet,True,False,NFC RFID Classic
CH*CCI*E22298,SIG Bellevue Parking Gitana,Chemin Des Aiglons 8,Bellevue,1293,46.254292,6.153219,22.0,AC_3_PHASE,32,230,Type 2 Outlet,True,False,NFC RFID Classic
CH*CCI*E22299,SIG Bellevue Parking Gitana,Chemin Des Aiglons 8,Bellevue,1293,46.254292,6.153219,22.0,AC_3_PHASE,32,230,Type 2 Outlet,True,False,NFC RFID Classic
CH*CCI*E22296,SIG Bellevue Parking Gitana,Chemin Des Aiglons 8,Bellevue,1293,46.254292,6.153219,22.0,AC_3_PHASE,32,230,Type 2 Outlet,True,False,NFC RFID Classic
CH*CCI*E22297,SIG Bellevue Parking Gitana,Chemin Des Aiglons 8,Bellevue,1293,46.254292,6.153219,22.0,AC_3_PHASE,32,230,Type 2 Outlet,True,False,NFC RFID Classic
CH*CCI*E22290,SIG Tours du Lignon P78,Avenue du Lignon 78,Le Lignon,1219,46.20572,6.097367,22.0,AC_3_PHASE,32,230,Type 2 Outlet,True,False,NFC RFID Classic
CH*CCI*E22291,SIG Tours du Lignon P78,Avenue du Lignon 78,Le Lignon,1219,46.20572,6.097367,22.0,AC_3_PHASE,32,230,Type 2 Outlet,True,False,NFC RFID Classic
CH*CCI*E22294,SIG Tours du Lignon P78,Avenue du Lignon 78,Le Lignon,1219,46.20572,6.097367,11.0,AC_3_PHASE,16,230,Type 2 Outlet,True,False,NFC RFID Classic
CH*CCI*E22295,SIG Bellevue Parking Gitana,Chemin Des Aiglons 8,Bellevue,1293,46.254292,6.153219,22.0,AC_3_PHASE,32,230,Type 2 Outlet,True,False,NFC RFID Classic
CH*CCI*E22292,SIG Tours du Lignon P78,Avenue du Lignon 78,Le Lignon,1219,46.20572,6.097367,22.0,AC_3_PHASE,32,230,Type 2 Outlet,True,False,NFC RFID Classic
CH*CCI*E22293,SIG Tours du Lignon P78,Avenue du Lignon 78,Le Lignon,1219,46.20572,6.097367,22.0,AC_3_PHASE,32,230,Type 2 Outlet,True,False,NFC RFID Classic
CH*CCI*E22287,SIG Tours du Lignon P78,Avenue du Lignon 78,Le Lignon,1219,46.20572,6.097367,22.0,AC_3_PHASE,32,230,Type 2 Outlet,True,False,NFC RFID Classic
CH*CCI*E22288,SIG Tours du Lignon P78,Avenue du Lignon 78,Le Lignon,1219,46.20572,6.097367,22.0,AC_3_PHASE,32,230,Type 2 Outlet,True,False,NFC RFID Classic
CH*CCI*E22285,SIG Tours du Lignon P78,Avenue du Lignon 78,Le Lignon,1219,46.20572,6.097367,22.0,AC_3_PHASE,32,230,Type 2 Outlet,True,False,NFC RFID Classic
CH*CCI*E22286,SIG Tours du Lignon P78,Avenue du Lignon 78,Le Lignon,1219,46.20572,6.097367,22.0,AC_3_PHASE,32,230,Type 2 Outlet,True,False,NFC RFID Classic
CH*CCI*E22289,SIG Tours du Lignon P78,Avenue du Lignon 78,Le Lignon,1219,46.20572,6.097367,22.0,AC_3_PHASE,32,230,Type 2 Outlet,True,False,NFC RFID Classic
CH*CCI*E22280,SIG Grand-Saconnex Giacometti,Rue Alberto-Giacometti 10,Le Grand-Saconnex,1218,46.227504,6.119558,22.0,AC_3_PHASE,32,230,Type 2 Outlet,True,False,NFC RFID Classic
CH*CCI*E22283,SIG Balexert Parking P2,Avenue Louis-Casaï 27,Vernier,1214,46.218641,6.112537,22.0,AC_3_PHASE,32,230,Type 2 Outlet,True,False,NFC RFID Classic
CH*CCI*E22284,SIG Balexert Parking P2,Avenue Louis-Casaï 27,Vernier,1214,46.218641,6.112537,22.0,AC_3_PHASE,32,230,Type 2 Outlet,True,False,NFC RFID Classic
CH*CCI*E21822,SH POWER Hauentalstrasse links,Hauentalstrasse,Schaffhausen,8204,47.71217,8.623899,22.0,AC_3_PHASE,32,230,Type 2 Outlet,True,False,NFC RFID Classic
CH*CCI*E20975,Primeo Energie – Vitra AG,Klünenfeldstrasse 22,Birsfelden,4127,47.543814,7.630439,11.0,AC_3_PHASE,16,230,Type 2 Outlet,True,False,NFC RFID Classic
CH*CCC*E50267,MOVE - Payerne Garage DIMAB,ZI Palaz C 36,Payerne,1530,46.82671,6.92776,110.0,DC,275,400,CCS Combo 2 Plug (Cable Attached),True,False,NFC RFID Classic
CH*CCI*E21825,SH POWER Bachschulhaus,Bachstrasse,Schaffhausen,8201,47.699404,8.636781,22.0,AC_3_PHASE,32,230,Type 2 Outlet,True,False,NFC RFID Classic
CH*CCI*E20978,Primeo Energie – Vitra AG,Klünenfeldstrasse 22,Birsfelden,4127,47.543814,7.630439,11.0,AC_3_PHASE,16,230,Type 2 Outlet,True,False,NFC RFID Classic
CH*CCI*E21824,SH POWER Bachschulhaus,Bachstrasse,Schaffhausen,8201,47.699404,8.636781,22.0,AC_3_PHASE,32,230,Type 2 Outlet,True,False,NFC RFID Classic
CH*CCI*E20977,Primeo Energie – Vitra AG,Klünenfeldstrasse 22,Birsfelden,4127,47.543814,7.630439,11.0,AC_3_PHASE,16,230,Type 2 Outlet,True,False,NFC RFID Classic
CH*CCC*E50261,MOVE - Rastplatz Mumpf Süd,Rastplatz Mumpf Süd,Mumpf,4322,47.545138,7.932071,72.0,DC,180,400,CHAdeMO,True,False,NFC RFID Classic
CH*CCI*E21827,SH POWER Hauentalstrasse links,Dürstlingweg,Schaffhausen,8203,47.699515,8.653737,22.0,AC_3_PHASE,32,230,Type 2 Outlet,True,False,NFC RFID Classic
CH*CCC*E50262,MOVE - Rastplatz Mumpf Süd,Rastplatz Mumpf Süd,Mumpf,4322,47.545138,7.932071,150.0,DC,375,400,CCS Combo 2 Plug (Cable Attached),True,False,NFC RFID Classic
CH*CCI*E21826,SH POWER Hauentalstrasse rechts,Dürstlingweg,Schaffhausen,8203,47.699515,8.653737,22.0,AC_3_PHASE,32,230,Type 2 Outlet,True,False,NFC RFID Classic
CH*CCI*E20979,SIG Lancy Chemin des Palettes,Chemin des Palettes 5,Petit-Lancy,1212,46.175741,6.121411,22.0,AC_3_PHASE,32,230,Type 2 Outlet,True,False,NFC RFID Classic
CH*CCC*E50263,MOVE - Rastplatz Mumpf Süd,Rastplatz Mumpf Süd,Mumpf,4322,47.545138,7.932071,150.0,DC,375,400,CCS Combo 2 Plug (Cable Attached),True,False,NFC RFID Classic
CH*CCI*E20970,SIG Versoix Parking Boléro SS4,Chemin Jean-Baptiste Vandelle 2,Versoix,1290,46.280249,6.166271,22.0,AC_3_PHASE,32,230,Type 2 Outlet,True,False,NFC RFID Classic
CH*SOC*E5141*1B,SOCAR Wil,Zürcherstrasse 7,Wil,9500,47.464464,9.040957,150.0,DC,375,400,CCS Combo 2 Plug (Cable Attached),True,False,NFC RFID Classic
CH*SOC*E5141*1A,SOCAR Wil,Zürcherstrasse 7,Wil,9500,47.464464,9.040957,150.0,DC,375,400,CCS Combo 2 Plug (Cable Attached),True,False,NFC RFID Classic
CH*CCC*E50257,MOVE - Rastplatz Mumpf Nord,Rastplatz Mumpf Nord,Mumpf,4322,47.545601,7.932082,150.0,DC,375,400,CCS Combo 2 Plug (Cable Attached),True,False,NFC RFID Classic
CH*CCC*E50258,MOVE - Rastplatz Mumpf Nord,Rastplatz Mumpf Nord,Mumpf,4322,47.545601,7.932082,22.0,AC_3_PHASE,32,230,Type 2 Outlet,True,False,NFC RFID Classic
CH*CCI*E20963,SIG Versoix Parking Boléro SS2,Chemin Jean-Baptiste Vandelle 2,Versoix,1290,46.280249,6.166271,22.0,AC_3_PHASE,32,230,Type 2 Outlet,True,False,NFC RFID Classic
CH*CCC*E50275,MOVE - Pfäffikon Gemeindeverwaltung,Hochstrasse 1,Pfäffikon,8330,47.367134,8.782464,150.0,DC,375,400,CCS Combo 2 Plug (Cable Attached),True,False,NFC RFID Classic
CH*CCI*E20962,SIG Versoix Parking Boléro SS2,Chemin Jean-Baptiste Vandelle 2,Versoix,1290,46.280249,6.166271,22.0,AC_3_PHASE,32,230,Type 2 Outlet,True,False,NFC RFID Classic
CH*CCC*E50276,MOVE - Pfäffikon Gemeindeverwaltung,Hochstrasse 1,Pfäffikon,8330,47.367134,8.782464,150.0,DC,375,400,CHAdeMO,True,False,NFC RFID Classic
CH*CCI*E20965,SIG Versoix Parking Boléro SS2,Chemin Jean-Baptiste Vandelle 2,Versoix,1290,46.280249,6.166271,22.0,AC_3_PHASE,32,230,Type 2 Outlet,True,False,NFC RFID Classic
CH*CCI*E20964,SIG Versoix Parking Boléro SS2,Chemin Jean-Baptiste Vandelle 2,Versoix,1290,46.280249,6.166271,22.0,AC_3_PHASE,32,230,Type 2 Outlet,True,False,NFC RFID Classic
CH*CCC*E50278,Parkhaus Dorfzentrum Zollikon,Rotfluhstrasse 98,Zollikon,8702,47.33816,8.57645,22.0,AC_3_PHASE,32,230,Type 2 Connector (Cable Attached),True,False,NFC RFID Classic
CH*CCI*E20967,SIG Versoix Parking Boléro SS2,Chemin Jean-Baptiste Vandelle 2,Versoix,1290,46.280249,6.166271,22.0,AC_3_PHASE,32,230,Type 2 Outlet,True,False,NFC RFID Classic
CH*CCC*E50271,Kantonsspital St.Gallen/Parking B0,Steinachstrasse,St. Gallen,9000,47.43156,9.38608,110.0,DC,275,400,CCS Combo 2 Plug (Cable Attached),True,False,NFC RFID Classic
CH*CCI*E20966,SIG Versoix Parking Boléro SS2,Chemin Jean-Baptiste Vandelle 2,Versoix,1290,46.280249,6.166271,22.0,AC_3_PHASE,32,230,Type 2 Outlet,True,False,NFC RFID Classic
CH*CCC*E50272,MOVE - Renens Route de Cossonay 101 Garage Leuba,Route de Cossonay 101,Renens,1020,46.538959,6.597138,50.0,DC,125,400,CCS Combo 2 Plug (Cable Attached),True,False,NFC RFID Classic
CH*CCI*E20969,SIG Versoix Parking Boléro SS4,Chemin Jean-Baptiste Vandelle 2,Versoix,1290,46.280249,6.166271,22.0,AC_3_PHASE,32,230,Type 2 Outlet,True,False,NFC RFID Classic
CH*CCC*E50273,MOVE - Renens Route de Cossonay 101 Garage Leuba,Route de Cossonay 101,Renens,1020,46.538959,6.597138,50.0,DC,125,400,CHAdeMO,True,False,NFC RFID Classic
CH*CCI*E20968,SIG Versoix Parking Boléro SS2,Chemin Jean-Baptiste Vandelle 2,Versoix,1290,46.280249,6.166271,22.0,AC_3_PHASE,32,230,Type 2 Outlet,True,False,NFC RFID Classic
CH*CCC*E50274,MOVE - Renens Route de Cossonay 101 Garage Leuba,Route de Cossonay 101,Renens,1020,46.538959,6.597138,22.0,AC_3_PHASE,32,230,Type 2 Outlet,True,False,NFC RFID Classic
CH*CCC*E50270,Kantonsspital St.Gallen/Parking B0,Steinachstrasse,St. Gallen,9000,47.43156,9.38608,110.0,DC,275,400,CCS Combo 2 Plug (Cable Attached),True,False,NFC RFID Classic
CH*CCI*E20961,SIG Versoix Parking Boléro SS2,Chemin Jean-Baptiste Vandelle 2,Versoix,1290,46.280249,6.166271,22.0,AC_3_PHASE,32,230,Type 2 Outlet,True,False,NFC RFID Classic
CH*CCI*E21809,MOVE - Jolimont,Jolimont 1,Moutier,2740,47.277556,7.358142,22.0,AC_3_PHASE,32,230,Type 2 Outlet,True,False,NFC RFID Classic
CH*CCC*E50268,MOVE - Payerne Garage DIMAB,ZI Palaz C 36,Payerne,1530,46.82671,6.92776,110.0,DC,275,400,CCS Combo 2 Plug (Cable Attached),True,False,NFC RFID Classic
CH*CCI*E21800,AC-Charger-1,Via Stradonino 1,Riazzino,6595,46.17432,8.887295,22.0,AC_3_PHASE,32,230,Type 2 Outlet,True,False,NFC RFID Classic
CH*CCI*E20953,MOVE - Parking Gurtenbahn,Mani-Matter-Platz 1,Wabern,3084,46.928079,7.447173,11.0,AC_3_PHASE,16,230,Type 2 Outlet,True,False,NFC RFID Classic
CH*CCC*E50245,MOVE - Raststätte Glarnerland Nord,Tschachen 2,Niederurnen,8867,47.138261,9.050816,150.0,DC,375,400,CCS Combo 2 Plug (Cable Attached),True,False,NFC RFID Classic
CH*CCI*E21803,PP Müligarten 1,Müligartenstrasse,Mammern,8265,47.644615,8.918341,22.0,AC_3_PHASE,32,230,Type 2 Outlet,True,False,NFC RFID Classic
CH*CCI*E20956,MOVE - Überbauung Erlen Heerbrugg,Erlenstrasse,Heerbrugg,9435,47.41135,9.62817,22.0,AC_3_PHASE,32,230,Type 2 Outlet,True,False,NFC RFID Classic
CH*CCI*E21802,AC-Charger-2,Via Stradonino 1,Riazzino,6595,46.17432,8.887295,22.0,AC_3_PHASE,32,230,Type 2 Outlet,True,False,NFC RFID Classic
CH*CCI*E20955,MOVE - Parking Gurtenbahn,Mani-Matter-Platz 1,Wabern,3084,46.928079,7.447173,11.0,AC_3_PHASE,16,230,Type 2 Outlet,True,False,NFC RFID Classic
CH*CCI*E20958,MOVE Foyer de la Côte,Chemin du Foyer 3,Corcelles-Cormondrèche,2035,46.984488,6.872744,22.0,AC_3_PHASE,32,230,Type 2 Outlet,True,False,NFC RFID Classic
CH*CCC*E50240,MOVE - Raststätte Glarnerland Süd,Nideracher 1,Niederurnen,8867,47.137827,9.049753,150.0,DC,375,400,CCS Combo 2 Plug (Cable Attached),True,False,NFC RFID Classic
CH*CCI*E21804,PP Müligarten 1,Müligartenstrasse,Mammern,8265,47.644615,8.918341,22.0,AC_3_PHASE,32,230,Type 2 Outlet,True,False,NFC RFID Classic
CH*CCI*E20957,MOVE Foyer de la Côte,Chemin du Foyer 3,Corcelles-Cormondrèche,2035,46.984488,6.872744,22.0,AC_3_PHASE,32,230,Type 2 Outlet,True,False,NFC RFID Classic
CH*CCC*E50241,MOVE - Raststätte Glarnerland Süd,Nideracher 1,Niederurnen,8867,47.137827,9.049753,150.0,DC,375,400,CCS Combo 2 Plug (Cable Attached),True,False,NFC RFID Classic
CH*CCI*E20950,Hôpital La Tour Agilent B11 Employés,Rue Veyrot 39,Meyrin,1217,50.0,-15.0,22.0,AC_3_PHASE,32,230,Type 2 Outlet,True,False,NFC RFID Classic
CH*CCI*E20949,Hôpital La Tour Agilent B11 Employés,Rue Veyrot 39,Meyrin,1217,50.0,-15.0,22.0,AC_3_PHASE,32,230,Type 2 Outlet,True,False,NFC RFID Classic
CH*CCC*E50239,MOVE - Raststätte Glarnerland Süd,Nideracher 1,Niederurnen,8867,47.137827,9.049753,150.0,DC,375,400,CCS Combo 2 Plug (Cable Attached),True,False,NFC RFID Classic
CH*CCI*E20948,Hôpital La Tour Agilent B11 Employés,Rue Veyrot 39,Meyrin,1217,50.0,-15.0,22.0,AC_3_PHASE,32,230,Type 2 Outlet,True,False,NFC RFID Classic
CH*CCC*E50235,MOVE - Münchenstein,Weidenstrasse 27,Münchenstein,4142,47.513261,7.616152,176.0,DC,440,400,CCS Combo 2 Plug (Cable Attached),True,False,NFC RFID Classic
CH*CCI*E20941,SIG Choulex Stade,Chemin du Chambet,Choulex,1244,46.221816,6.227797,22.0,AC_3_PHASE,32,230,Type 2 Outlet,True,False,NFC RFID Classic
CH*CCC*E50253,MOVE - Rastplatz Mumpf Nord,Rastplatz Mumpf Nord,Mumpf,4322,47.545601,7.932082,150.0,DC,375,400,CCS Combo 2 Plug (Cable Attached),True,False,NFC RFID Classic
CH*CCI*E20940,Hotel Belvedere Scuol,Stradun 253,Scuol,7550,46.797153,10.299022,11.0,AC_3_PHASE,16,230,Type 2 Outlet,True,False,NFC RFID Classic
CH*CCC*E50254,MOVE - Rastplatz Mumpf Nord,Rastplatz Mumpf Nord,Mumpf,4322,47.545601,7.932082,150.0,DC,375,400,CCS Combo 2 Plug (Cable Attached),True,False,NFC RFID Classic
CH*CCI*E20943,Hôpital La Tour Agilent B11,Rue Veyrot 39,Meyrin,1217,46.23017,6.065036,22.0,AC_3_PHASE,32,230,Type 2 Outlet,True,False,NFC RFID Classic
CH*CCC*E50255,MOVE - Rastplatz Mumpf Nord,Rastplatz Mumpf Nord,Mumpf,4322,47.545601,7.932082,72.0,DC,180,400,CHAdeMO,True,False,NFC RFID Classic
CH*CCI*E20942,SIG Choulex Stade,Chemin du Chambet,Choulex,1244,46.221816,6.227797,22.0,AC_3_PHASE,32,230,Type 2 Outlet,True,False,NFC RFID Classic
CH*CCC*E50256,MOVE - Rastplatz Mumpf Nord,Rastplatz Mumpf Nord,Mumpf,4322,47.545601,7.932082,150.0,DC,375,400,CCS Combo 2 Plug (Cable Attached),True,False,NFC RFID Classic
CH*CCI*E20945,SIG Hôpital La Tour Agilent B11 Employés,Av. J.-D.-Maillard,Meyrin,1217,50.0,-15.0,22.0,AC_3_PHASE,32,230,Type 2 Outlet,True,False,NFC RFID Classic
CH*CCI*E20944,Hôpital La Tour Agilent B11,Rue Veyrot 39,Meyrin,1217,46.23017,6.065036,22.0,AC_3_PHASE,32,230,Type 2 Outlet,True,False,NFC RFID Classic
CH*CCC*E50250,MOVE - Cortaillod (Etoile Automobile),Les Tilles 5,Cortaillod,2016,46.94355,6.828502,50.0,DC,125,400,CCS Combo 2 Plug (Cable Attached),True,False,NFC RFID Classic
CH*CCI*E20947,Hôpital La Tour Agilent B11 Employés,Rue Veyrot 39,Meyrin,1217,50.0,-15.0,22.0,AC_3_PHASE,32,230,Type 2 Outlet,True,False,NFC RFID Classic
CH*CCC*E50251,MOVE - Tiefgarage Allmend Center Frauenfeld,Juchstrasse 16,Frauenfeld,8500,47.567413,8.906151,24.0,DC,60,400,CCS Combo 2 Plug (Cable Attached),True,False,NFC RFID Classic
CH*CCI*E20946,Hôpital La Tour Agilent B11 Employés,Rue Veyrot 39,Meyrin,1217,50.0,-15.0,22.0,AC_3_PHASE,32,230,Type 2 Outlet,True,False,NFC RFID Classic
CH*CCI*E20938,Primeo Energie - Felix Transport AG,Talstrasse 47,Arlesheim,4144,47.498344,7.608649,22.0,AC_3_PHASE,32,230,Type 2 Outlet,True,False,NFC RFID Classic
CH*CCI*E20937,Primeo Energie - Felix Transport AG,Talstrasse 47,Arlesheim,4144,47.498344,7.608649,22.0,AC_3_PHASE,32,230,Type 2 Outlet,True,False,NFC RFID Classic
CH*CCI*E20939,Am Dorfplatz Altenrhein,Bomertstrasse 2,Thal,9423,47.491095,9.553064,22.0,AC_3_PHASE,32,230,Type 2 Outlet,True,False,NFC RFID Classic
CH*CCC*E50246,MOVE - Raststätte Glarnerland Nord,Tschachen 2,Niederurnen,8867,47.138261,9.050816,150.0,DC,375,400,CCS Combo 2 Plug (Cable Attached),True,False,NFC RFID Classic
CH*CCC*E50249,MOVE - Cortaillod (Etoile Automobile),Les Tilles 5,Cortaillod,2016,46.94355,6.828502,22.0,AC_3_PHASE,32,230,Type 2 Outlet,True,False,NFC RFID Classic
CH*CCI*E21865,Borne publique Métiers 1,Chemin de l'Emeraude 22,Vernier,1214,46.220668,6.077633,11.0,AC_3_PHASE,16,230,Type 2 Outlet,True,False,NFC RFID Classic
CH*CCI*E22713,E Taxi St.Gallen,Poststrasse 23,St. Gallen,9000,47.423811,9.371472,22.0,AC_3_PHASE,32,230,Type 2 Outlet,True,False,NFC RFID Classic
CH*CCI*E20534,Hafen Walenstadt,Seestrasse 101,Walenstadt,8880,47.1272,9.303135,22.0,AC_3_PHASE,32,230,Type 2 Outlet,True,False,NFC RFID Classic
CH*CCI*E21864,Kundenzentrum Kirchhofplatz,Kirchhofplatz 22,Schaffhausen,8200,47.69644,8.63665,22.0,AC_3_PHASE,32,230,Type 2 Outlet,True,False,NFC RFID Classic
CH*CCI*E22714,E Taxi St.Gallen,Poststrasse 23,St. Gallen,9000,47.423811,9.371472,22.0,AC_3_PHASE,32,230,Type 2 Outlet,True,False,NFC RFID Classic
CH*CCI*E20533,Parkplatz Spital Walenstadt,Spitalstrasse 5,Walenstadt,8880,47.120875,9.311842,22.0,AC_3_PHASE,32,230,Type 2 Outlet,True,False,NFC RFID Classic
CH*CCI*E21867, Parkplatz Bleicheplatz Wil,Dufourstrasse 12,Wil,9500,47.465664,9.044973,150.0,DC,375,400,CCS Combo 2 Plug (Cable Attached),True,False,NFC RFID Classic
CH*CCI*E22711,MOVE - Rastplatz Hexentobel Süd,Rastplatz Hexentobel Süd,Wängi,9545,47.488845,8.95582,300.0,DC,750,400,CCS Combo 2 Plug (Cable Attached),True,False,NFC RFID Classic
CH*CCI*E21866,Borne publique Métiers 2,Chemin de l'Emeraude 22,Vernier,1214,46.220668,6.077633,11.0,AC_3_PHASE,16,230,Type 2 Outlet,True,False,NFC RFID Classic
CH*CCI*E22712,MOVE - Rastplatz Hexentobel Süd,Rastplatz Hexentobel Süd,Wängi,9545,47.488845,8.95582,22.0,AC_3_PHASE,32,230,Type 2 Outlet,True,False,NFC RFID Classic
CH*CCI*E20535,Hafen Walenstadt,Seestrasse 101,Walenstadt,8880,47.1272,9.303135,22.0,AC_3_PHASE,32,230,Type 2 Outlet,True,False,NFC RFID Classic
CH*CCI*E22717,Regio Energie Solothurn - Schulhaus Subingen,Schulhausstrasse,Subingen,4553,47.197986,7.619253,22.0,AC_3_PHASE,32,230,Type 2 Outlet,True,False,NFC RFID Classic
CH*CCI*E21869,MOVE-Sportanlage Bützel Buechen,Thalerstrasse,Buechen b. Staad SG,9422,47.47749,9.54313,22.0,AC_3_PHASE,32,230,Type 2 Outlet,True,False,NFC RFID Classic
CH*CCI*E21868, Parkplatz Bleicheplatz Wil,Dufourstrasse 12,Wil,9500,47.465664,9.044973,150.0,DC,375,400,CCS Combo 2 Plug (Cable Attached),True,False,NFC RFID Classic
CH*CCI*E22718,MOVE - A2 Gotthardraststätte West,A2 Gotthardraststätte West,Schattdorf,6467,46.846514,8.632299,50.0,DC,125,400,CCS Combo 2 Plug (Cable Attached),True,False,NFC RFID Classic
CH*CCI*E22715,Hotel Castel,Rue du Scex 38,Sion,1950,46.232281,7.36829,11.0,AC_3_PHASE,16,230,Type 2 Outlet,True,False,NFC RFID Classic
CH*CCI*E22716,Regio Energie Solothurn - Schulhaus Subingen,Schulhausstrasse,Subingen,4553,47.197986,7.619253,22.0,AC_3_PHASE,32,230,Type 2 Outlet,True,False,NFC RFID Classic
CH*CCI*E21861,Kundenzentrum Kirchhofplatz,Kirchhofplatz 22,Schaffhausen,8200,47.69644,8.63665,22.0,AC_3_PHASE,32,230,Type 2 Outlet,True,False,NFC RFID Classic
CH*CCI*E20530,Sportpark Bergholz Wil,Bergholzstrasse 9,Wil,9500,47.459607,9.037764,22.0,AC_3_PHASE,32,230,Type 2 Outlet,True,False,NFC RFID Classic
CH*CCI*E22710,MOVE - Rastplatz Hexentobel Süd,Rastplatz Hexentobel Süd,Wängi,9545,47.488845,8.95582,50.0,DC,125,400,CHAdeMO,True,False,NFC RFID Classic
CH*CCI*E21831,Primeo Energie - Felix Transport AG,Talstrasse 47,Arlesheim,4144,47.498344,7.608649,22.0,AC_3_PHASE,32,230,Type 2 Outlet,True,False,NFC RFID Classic
CH*CCI*E20984,SIG Etang Parking D 6.1,Avenue de l'Etang,Le Lignon,1219,46.217406,6.104485,22.0,AC_3_PHASE,32,230,Type 2 Outlet,True,False,NFC RFID Classic
CH*CCC*E50298,MOVE - Rastplatz Mühlematt West,Rastplatz Mühlematt West,Tenniken BL,4456,47.428801,7.808488,150.0,DC,375,400,CCS Combo 2 Plug (Cable Attached),True,False,NFC RFID Classic
CH*CCI*E21834,SH POWER Gräflerschulhaus,Hohbergstrasse,Schaffhausen,8207,47.720074,8.651059,11.0,AC_3_PHASE,16,230,Type 2 Outlet,True,False,NFC RFID Classic
CH*CCI*E20987,SIG Etang Parking D 1.1,Avenue de l'Etang,Le Lignon,1219,46.217406,6.104485,22.0,AC_3_PHASE,32,230,Type 2 Outlet,True,False,NFC RFID Classic
CH*CCC*E50299,MOVE - Rastplatz Mühlematt Ost,Rastplatz Mühlematt Ost,Tenniken BL,4456,47.428388,7.809169,150.0,DC,375,400,CCS Combo 2 Plug (Cable Attached),True,False,NFC RFID Classic
CH*CCI*E20503,"Olma Messen, St.Gallen",Sonnenstrasse 39,St. Gallen,9000,47.431302,9.383407,22.0,AC_3_PHASE,32,230,Type 2 Outlet,True,False,NFC RFID Classic
CH*CCI*E21833,SH POWER Gräflerschulhaus,Hohbergstrasse,Schaffhausen,8207,47.720074,8.651059,11.0,AC_3_PHASE,16,230,Type 2 Outlet,True,False,NFC RFID Classic
CH*CCI*E20986,SIG Etang Parking D 6.1,Avenue de l'Etang,Le Lignon,1219,46.217406,6.104485,22.0,AC_3_PHASE,32,230,Type 2 Outlet,True,False,NFC RFID Classic
CH*CCI*E20989,SIG Etang Parking D 5.2,Avenue de l'Etang,Le Lignon,1219,46.217406,6.104485,22.0,AC_3_PHASE,32,230,Type 2 Outlet,True,False,NFC RFID Classic
CH*CCI*E21836,Weiheralle 20,Weiheralle 20,Uster,8610,47.347438,8.703242,24.0,DC,60,400,CCS Combo 2 Plug (Cable Attached),True,False,NFC RFID Classic
CH*CCI*E20505,"Olma Messen, St.Gallen",Sonnenstrasse 39,St. Gallen,9000,47.431302,9.383407,22.0,AC_3_PHASE,32,230,Type 2 Outlet,True,False,NFC RFID Classic
CH*CCI*E20988,SIG Etang Parking D 2.1,Avenue de l'Etang,Le Lignon,1219,46.217406,6.104485,22.0,AC_3_PHASE,32,230,Type 2 Outlet,True,False,NFC RFID Classic
CH*CCI*E21835,Weiheralle 20,Weiheralle 20,Uster,8610,47.347438,8.703242,22.0,AC_3_PHASE,32,230,Type 2 Outlet,True,False,NFC RFID Classic
CH*CCI*E20504,"Olma Messen, St.Gallen",Sonnenstrasse 39,St. Gallen,9000,47.431302,9.383407,22.0,AC_3_PHASE,32,230,Type 2 Outlet,True,False,NFC RFID Classic
CH*CCI*E21838,MOVE - Schönenwerd Fashion Fish Station Links,Parkstrasse 1,Schönenwerd,5012,47.371296,7.998906,22.0,AC_3_PHASE,32,230,Type 2 Outlet,True,False,NFC RFID Classic
CH*CCI*E20507,NTB Buchs,Werdenbergstrasse 4,Buchs,9470,47.173094,9.474367,22.0,AC_3_PHASE,32,230,Type 2 Outlet,True,False,NFC RFID Classic
CH*CCI*E21837,Weiheralle 20,Weiheralle 20,Uster,8610,47.347438,8.703242,24.0,DC,60,400,CHAdeMO,True,False,NFC RFID Classic
CH*CCI*E20506,"Olma Messen, St.Gallen",Sonnenstrasse 39,St. Gallen,9000,47.431302,9.383407,22.0,AC_3_PHASE,32,230,Type 2 Outlet,True,False,NFC RFID Classic
CH*CCC*E50290,MOVE - Parkplatz Marktwiese,Marktwiese,Thusis,7430,46.69454,9.44083,50.0,DC,125,400,CCS Combo 2 Plug (Cable Attached),True,False,NFC RFID Classic
CH*CCI*E20981,SIG Etang Parking D 4.1,Avenue de l'Etang,Le Lignon,1219,46.217406,6.104485,22.0,AC_3_PHASE,32,230,Type 2 Outlet,True,False,NFC RFID Classic
CH*CCI*E20980,SIG Lancy Chemin des Palettes,Chemin des Palettes 5,Petit-Lancy,1212,46.175741,6.121411,22.0,AC_3_PHASE,32,230,Type 2 Outlet,True,False,NFC RFID Classic
CH*CCI*E21830,Primeo Energie - Felix Transport AG,Talstrasse 47,Arlesheim,4144,47.498344,7.608649,22.0,AC_3_PHASE,32,230,Type 2 Outlet,True,False,NFC RFID Classic
CH*CCI*E20983,SIG Etang Parking D 5.2,Avenue de l'Etang,Le Lignon,1219,46.217406,6.104485,22.0,AC_3_PHASE,32,230,Type 2 Outlet,True,False,NFC RFID Classic
CH*CCI*E20982,SIG Etang Parking D 4.1,Avenue de l'Etang,Le Lignon,1219,46.217406,6.104485,22.0,AC_3_PHASE,32,230,Type 2 Outlet,True,False,NFC RFID Classic
CH*CCC*EBT*1644*3,MOVE - A12 Restoroute de la Gruyère,Le Restoroute 174a / Autoroute A12,Avry-devant-Pont,1644,46.682833,7.086911,50.0,DC,125,400,CCS Combo 2 Plug (Cable Attached),True,False,NFC RFID Classic
CH*SOC*E5591*3A,SOCAR Eggberg,SOCAR Rastplatz Eggberg,Hägendorf,4614,47.336093,7.82902,400.0,DC,1000,400,CCS Combo 2 Plug (Cable Attached),True,False,NFC RFID Classic
CH*SOC*E5591*3B,SOCAR Eggberg,SOCAR Rastplatz Eggberg,Hägendorf,4614,47.336093,7.82902,400.0,DC,1000,400,CCS Combo 2 Plug (Cable Attached),True,False,NFC RFID Classic
CH*CCC*EBT*1644*1,MOVE - A12 Restoroute de la Gruyère,Le Restoroute 174a / Autoroute A12,Avry-devant-Pont,1644,46.682833,7.086911,22.0,AC_3_PHASE,32,230,Type 2 Outlet,True,False,NFC RFID Classic
CH*CCI*E21829,Primeo Energie - Felix Transport AG,Talstrasse 47,Arlesheim,4144,47.498344,7.608649,22.0,AC_3_PHASE,32,230,Type 2 Outlet,True,False,NFC RFID Classic
CH*CCI*E21828,SH POWER Hauentalstrasse links,Dürstlingweg,Schaffhausen,8203,47.699515,8.653737,22.0,AC_3_PHASE,32,230,Type 2 Outlet,True,False,NFC RFID Classic
CH*CCI*E21788,MOVE - Parking de Nuithonie,Rue du Centre 7,Villars-sur-Glâne,1752,46.7946,7.132823,22.0,AC_3_PHASE,32,230,Type 2 Outlet,True,False,NFC RFID Classic
CH*CCI*E20457,MOVE - Payerne Garage DIMAB AC,ZI Palaz C 36,Payerne,1530,46.826177,6.928017,22.0,AC_3_PHASE,32,230,Type 2 Outlet,True,False,NFC RFID Classic
CH*CCI*E21787,MOVE - Parking de Nuithonie,Rue du Centre 7,Villars-sur-Glâne,1752,46.7946,7.132823,22.0,AC_3_PHASE,32,230,Type 2 Outlet,True,False,NFC RFID Classic
CH*CCI*E20456,MOVE - Payerne Garage DIMAB AC,ZI Palaz C 36,Payerne,1530,46.826177,6.928017,22.0,AC_3_PHASE,32,230,Type 2 Outlet,True,False,NFC RFID Classic
CH*CCI*E20459,MOVE - Payerne Garage DIMAB AC,ZI Palaz C 36,Payerne,1530,46.826177,6.928017,22.0,AC_3_PHASE,32,230,Type 2 Outlet,True,False,NFC RFID Classic
CH*CCI*E21789,Borne AC 1,Rue François-d'Alt,Fribourg,1700,46.810168,7.155438,11.0,AC_3_PHASE,16,230,Type 2 Outlet,True,False,NFC RFID Classic
CH*CCI*E21863,Kundenzentrum Kirchhofplatz,Kirchhofplatz 22,Schaffhausen,8200,47.69644,8.63665,22.0,AC_3_PHASE,32,230,Type 2 Outlet,True,False,NFC RFID Classic
CH*CCI*E20532,Parkplatz Spital Walenstadt,Spitalstrasse 5,Walenstadt,8880,47.120875,9.311842,22.0,AC_3_PHASE,32,230,Type 2 Outlet,True,False,NFC RFID Classic
CH*CCI*E21862,Kundenzentrum Kirchhofplatz,Kirchhofplatz 22,Schaffhausen,8200,47.69644,8.63665,22.0,AC_3_PHASE,32,230,Type 2 Outlet,True,False,NFC RFID Classic
CH*CCI*E20531,Sportpark Bergholz Wil,Bergholzstrasse 9,Wil,9500,47.459607,9.037764,22.0,AC_3_PHASE,32,230,Type 2 Outlet,True,False,NFC RFID Classic
CH*CCI*E22708,MOVE - Rastplatz Hexentobel Süd,Rastplatz Hexentobel Süd,Wängi,9545,47.488845,8.95582,300.0,DC,750,400,CCS Combo 2 Plug (Cable Attached),True,False,NFC RFID Classic
CH*CCI*E22709,MOVE - Rastplatz Hexentobel Süd,Rastplatz Hexentobel Süd,Wängi,9545,47.488845,8.95582,300.0,DC,750,400,CCS Combo 2 Plug (Cable Attached),True,False,NFC RFID Classic
CH*CCI*E22702,Expo-Parking PP35 - Öffentlich,Bolligenstrasse 61,Bern,3006,46.957043,7.467978,11.0,AC_3_PHASE,16,230,Type 2 Outlet,True,False,NFC RFID Classic
CH*CCI*E20523,Rathausplatz Goldach,Hauptstrasse 2,Goldach,9403,47.475538,9.464995,22.0,AC_3_PHASE,32,230,Type 2 Outlet,True,False,NFC RFID Classic
CH*CCI*E21854,MOVE - Weinfelden Thurgauerhof ,Thomas-Bornhauser-Strasse  10,Weinfelden,8570,47.567186,9.111156,50.0,DC,125,400,CHAdeMO,True,False,NFC RFID Classic
CH*CCI*E22703,Expo-Parking PP36 - Öffentlich,Bolligenstrasse 61,Bern,3006,46.957043,7.467978,11.0,AC_3_PHASE,16,230,Type 2 Outlet,True,False,NFC RFID Classic
CH*CCI*E20522,Rathausplatz Goldach,Hauptstrasse 2,Goldach,9403,47.475538,9.464995,22.0,AC_3_PHASE,32,230,Type 2 Outlet,True,False,NFC RFID Classic
CH*CCI*E21853,MOVE - Weinfelden Thurgauerhof ,Thomas-Bornhauser-Strasse  10,Weinfelden,8570,47.567186,9.111156,50.0,DC,125,400,CCS Combo 2 Plug (Cable Attached),True,False,NFC RFID Classic
CH*CCI*E21856,MOVE - Biel-Benken Gemeindeverwaltung (2/2),Kirchgasse 9,Biel-Benken,4105,47.504289,7.518508,11.0,AC_3_PHASE,16,230,Type 2 Outlet,True,False,NFC RFID Classic
CH*CCI*E22700,Expo-Parking PP33 - Öffentlich,Bolligenstrasse 61,Bern,3006,46.957043,7.467978,11.0,AC_3_PHASE,16,230,Type 2 Outlet,True,False,NFC RFID Classic
CH*CCI*E21855,MOVE - Biel-Benken Gemeindeverwaltung (1/2),Kirchgasse 9,Biel-Benken,4105,47.504289,7.518508,11.0,AC_3_PHASE,16,230,Type 2 Outlet,True,False,NFC RFID Classic
CH*CCI*E22701,Expo-Parking PP34 - Öffentlich,Bolligenstrasse 61,Bern,3006,46.957043,7.467978,11.0,AC_3_PHASE,16,230,Type 2 Outlet,True,False,NFC RFID Classic
CH*CCI*E22706,Expo-Parking PP39 - Öffentlich,Bolligenstrasse 61,Bern,3006,46.957043,7.467978,11.0,AC_3_PHASE,16,230,Type 2 Outlet,True,False,NFC RFID Classic
CH*CCI*E22707,MOVE - Rastplatz Hexentobel Süd,Rastplatz Hexentobel Süd,Wängi,9545,47.488845,8.95582,300.0,DC,750,400,CCS Combo 2 Plug (Cable Attached),True,False,NFC RFID Classic
CH*CCI*E22704,Expo-Parking PP37 - Öffentlich,Bolligenstrasse 61,Bern,3006,46.957043,7.467978,11.0,AC_3_PHASE,16,230,Type 2 Outlet,True,False,NFC RFID Classic
CH*CCI*E20529,"EW Sirnach AG, Mattenrainstrasse 9",Mattenrainstrasse 9,Sirnach,8370,47.47061,8.999847,22.0,AC_3_PHASE,32,230,Type 2 Outlet,True,False,NFC RFID Classic
CH*CCI*E22705,Expo-Parking PP38 - Öffentlich,Bolligenstrasse 61,Bern,3006,46.957043,7.467978,11.0,AC_3_PHASE,16,230,Type 2 Outlet,True,False,NFC RFID Classic
CH*CCI*E20528,"EW Sirnach AG, Mattenrainstrasse 9",Mattenrainstrasse 9,Sirnach,8370,47.47061,8.999847,22.0,AC_3_PHASE,32,230,Type 2 Outlet,True,False,NFC RFID Classic
CH*CCI*E21850,MOVE - Rastplatz Mühlematt Ost,Rastplatz Mühlematt Ost,Tenniken BL,4456,47.428388,7.809169,300.0,DC,750,400,CCS Combo 2 Plug (Cable Attached),True,False,NFC RFID Classic
CH*CCI*E20521,TZM Goldach,Marmorstrasse 2,Goldach,9403,47.477601,9.462651,22.0,AC_3_PHASE,32,230,Type 2 Outlet,True,False,NFC RFID Classic
CH*CCI*E21852,MOVE - Weinfelden Thurgauerhof ,Thomas-Bornhauser-Strasse  10,Weinfelden,8570,47.567186,9.111156,22.0,AC_3_PHASE,32,230,Type 2 Outlet,True,False,NFC RFID Classic
CH*CCI*E21851,MOVE - Rastplatz Mühlematt Ost,Rastplatz Mühlematt Ost,Tenniken BL,4456,47.428388,7.809169,300.0,DC,750,400,CCS Combo 2 Plug (Cable Attached),True,False,NFC RFID Classic
CH*CCI*E20520,TZM Goldach,Marmorstrasse 2,Goldach,9403,47.477601,9.462651,22.0,AC_3_PHASE,32,230,Type 2 Outlet,True,False,NFC RFID Classic
CH*CCI*E21843,Pro Senectute Kanton Solothurn PP Rechts,Bodenackerstrasse 6,Breitenbach,4226,47.406025,7.544665,11.0,AC_3_PHASE,16,230,Type 2 Outlet,True,False,NFC RFID Classic
CH*CCI*E20996,SIG Thônex Mairie,Chemin du Bois-Des-Arts 58,Thônex,1226,46.187807,6.197807,22.0,AC_3_PHASE,32,230,Type 2 Outlet,True,False,NFC RFID Classic
CH*CCC*E50286,MOVE-Socar Tankstelle Garage Bosshardt,Schwerzenbachstrasse 41,Fällanden,8117,47.37524,8.64292,72.0,DC,180,400,CCS Combo 2 Plug (Cable Attached),True,False,NFC RFID Classic
CH*CCI*E20512,Vifor AG,Rechenstrasse 37,St. Gallen,9001,47.417518,9.336491,22.0,AC_3_PHASE,32,230,Type 2 Outlet,True,False,NFC RFID Classic
CH*CCI*E21842,Pro Senectute Kanton Solothurn PP Links,Bodenackerstrasse 6,Breitenbach,4226,47.406025,7.544665,11.0,AC_3_PHASE,16,230,Type 2 Outlet,True,False,NFC RFID Classic
CH*CCI*E20995,SIG Thônex Mairie,Chemin du Bois-Des-Arts 58,Thônex,1226,46.187807,6.197807,22.0,AC_3_PHASE,32,230,Type 2 Outlet,True,False,NFC RFID Classic
CH*CCC*E50287,MOVE-Socar Tankstelle Garage Bosshardt,Schwerzenbachstrasse 41,Fällanden,8117,47.37524,8.64292,72.0,DC,180,400,CHAdeMO,True,False,NFC RFID Classic
CH*CCI*E20511,Vifor AG,Rechenstrasse 37,St. Gallen,9001,47.417518,9.336491,22.0,AC_3_PHASE,32,230,Type 2 Outlet,True,False,NFC RFID Classic
CH*CCI*E21845,MOVE - Rastplatz Mühlematt West,Rastplatz Mühlematt West,Tenniken BL,4456,47.428801,7.808488,300.0,DC,750,400,CCS Combo 2 Plug (Cable Attached),True,False,NFC RFID Classic
CH*CCI*E20998,SIG Lancy Chemin des Palettes,Chemin des Palettes 5,Petit-Lancy,1212,46.175741,6.121411,22.0,AC_3_PHASE,32,230,Type 2 Outlet,True,False,NFC RFID Classic
CH*CCI*E20434,Regio Energie Solothurn - Gasthof Enge,Engestrasse 1,Solothurn,4500,47.195971,7.54692,11.0,AC_3_PHASE,16,230,Type 2 Outlet,True,False,NFC RFID Classic
CH*CCI*E21768,MOVE - Aire d'autoroute la Côte Lac A1,Aire d'autoroute la Côte Lac A1,Bursins,1183,46.445,6.2979,225.0,DC,563,400,CCS Combo 2 Plug (Cable Attached),True,False,NFC RFID Classic
CH*CCI*E20437,Regio Energie Solothurn - Messer Wohnen AG,Tellstrasse 14,Bellach,4512,47.212652,7.502119,22.0,AC_3_PHASE,32,230,Type 2 Outlet,True,False,NFC RFID Classic
CH*CCI*E21767,MOVE - Aire d'autoroute la Côte Lac A1,Aire d'autoroute la Côte Lac A1,Bursins,1183,46.445,6.2979,225.0,DC,563,400,CCS Combo 2 Plug (Cable Attached),True,False,NFC RFID Classic
CH*CCI*E20436,Regio Energie Solothurn - Rest. Eisenhammer,Bahnhofstrasse 1,Gerlafingen,4563,47.170638,7.568553,22.0,AC_3_PHASE,32,230,Type 2 Outlet,True,False,NFC RFID Classic
CH*CCI*E20439,MOVE - Administration communale,Route du Centre 25,Corminboeuf,1720,46.806926,7.101576,11.0,AC_3_PHASE,16,230,Type 2 Outlet,True,False,NFC RFID Classic
CH*CCI*E20438,Regio Energie Solothurn - Messer Wohnen AG,Tellstrasse 14,Bellach,4512,47.212652,7.502119,22.0,AC_3_PHASE,32,230,Type 2 Outlet,True,False,NFC RFID Classic
CH*CCI*E21760,MOVE - Aire d'autoroute la Côte Lac A1,Aire d'autoroute la Côte Lac A1,Bursins,1183,46.445,6.2979,225.0,DC,563,400,CCS Combo 2 Plug (Cable Attached),True,False,NFC RFID Classic
CH*CCC*E50288,MOVE - Parkplatz Marktwiese,Marktwiese,Thusis,7430,46.69454,9.44083,22.0,AC_3_PHASE,32,230,Type 2 Outlet,True,False,NFC RFID Classic
CH*CCI*E20514,Champfèr 1,Via Gunels 5,Champfèr,7512,46.477923,9.813548,22.0,AC_3_PHASE,32,230,Type 2 Outlet,True,False,NFC RFID Classic
CH*CCI*E21844,MOVE - Rastplatz Mühlematt West,Rastplatz Mühlematt West,Tenniken BL,4456,47.428801,7.808488,300.0,DC,750,400,CCS Combo 2 Plug (Cable Attached),True,False,NFC RFID Classic
CH*CCI*E20997,SIG Lancy Chemin des Palettes,Chemin des Palettes 5,Petit-Lancy,1212,46.175741,6.121411,22.0,AC_3_PHASE,32,230,Type 2 Outlet,True,False,NFC RFID Classic
CH*CCC*E50289,MOVE - Parkplatz Marktwiese,Marktwiese,Thusis,7430,46.69454,9.44083,50.0,DC,125,400,CHAdeMO,True,False,NFC RFID Classic
CH*CCI*E20513,Champfèr 1,Via Gunels 5,Champfèr,7512,46.477923,9.813548,22.0,AC_3_PHASE,32,230,Type 2 Outlet,True,False,NFC RFID Classic
CH*CCI*E20516,Parkhaus Serletta,Via Grevas 53,St. Moritz,7500,46.496686,9.842795,22.0,AC_3_PHASE,32,230,Type 2 Outlet,True,False,NFC RFID Classic
CH*CCI*E20999,SIG Thônex Mairie,Chemin du Bois-Des-Arts 58,Thônex,1226,46.187807,6.197807,22.0,AC_3_PHASE,32,230,Type 2 Outlet,True,False,NFC RFID Classic
CH*CCI*E20515,Parkhaus Serletta,Via Grevas 53,St. Moritz,7500,46.496686,9.842795,22.0,AC_3_PHASE,32,230,Type 2 Outlet,True,False,NFC RFID Classic
CH*CCI*E21849,MOVE - Sportanlage Weinfelden,Lauligstrasse 6,Weinfelden,8570,47.560775,9.124687,24.0,DC,60,400,CCS Combo 2 Plug (Cable Attached),True,False,NFC RFID Classic
CH*CCI*E21848,MOVE - Weinfelden Sportanlage  Lauligstrasse,Lauligstrasse 6,Weinfelden,8570,47.560775,9.124687,24.0,DC,60,400,CCS Combo 2 Plug (Cable Attached),True,False,NFC RFID Classic
CH*CCI*E20517,Parkhaus Serletta,Via Grevas 53,St. Moritz,7500,46.496686,9.842795,22.0,AC_3_PHASE,32,230,Type 2 Outlet,True,False,NFC RFID Classic
CH*CCI*E20990,SIG Etang Parking D 2.1,Avenue de l'Etang,Le Lignon,1219,46.217406,6.104485,22.0,AC_3_PHASE,32,230,Type 2 Outlet,True,False,NFC RFID Classic
CH*CCC*E50280,Parkhaus Dorfzentrum Zollikon,Rotfluhstrasse 98,Zollikon,8702,47.33816,8.57645,20.0,DC,50,400,CCS Combo 2 Plug (Cable Attached),True,False,NFC RFID Classic
CH*CCI*E20992,SIG Thônex Mairie,Chemin du Bois-Des-Arts 58,Thônex,1226,46.187807,6.197807,22.0,AC_3_PHASE,32,230,Type 2 Outlet,True,False,NFC RFID Classic
CH*CCI*E20991,SIG Thônex Mairie,Chemin du Bois-Des-Arts 58,Thônex,1226,46.187807,6.197807,22.0,AC_3_PHASE,32,230,Type 2 Outlet,True,False,NFC RFID Classic
CH*CCI*E20994,SIG Lancy Chemin des Palettes,Chemin des Palettes 5,Petit-Lancy,1212,46.175741,6.121411,22.0,AC_3_PHASE,32,230,Type 2 Outlet,True,False,NFC RFID Classic
CH*CCI*E20510,NTB Buchs,Werdenbergstrasse 4,Buchs,9470,47.173094,9.474367,22.0,AC_3_PHASE,32,230,Type 2 Outlet,True,False,NFC RFID Classic
CH*CCI*E20993,SIG Lancy Chemin des Palettes,Chemin des Palettes 5,Petit-Lancy,1212,46.175741,6.121411,22.0,AC_3_PHASE,32,230,Type 2 Outlet,True,False,NFC RFID Classic
CH*CCI*E20509,NTB Buchs,Werdenbergstrasse 4,Buchs,9470,47.173094,9.474367,22.0,AC_3_PHASE,32,230,Type 2 Outlet,True,False,NFC RFID Classic
CH*CCI*E21839,MOVE - Schönenwerd Fashion Fish Station Rechts,Parkstrasse 1,Schönenwerd,5012,47.371296,7.998906,22.0,AC_3_PHASE,32,230,Type 2 Outlet,True,False,NFC RFID Classic
CH*CCI*E20508,NTB Buchs,Werdenbergstrasse 4,Buchs,9470,47.173094,9.474367,22.0,AC_3_PHASE,32,230,Type 2 Outlet,True,False,NFC RFID Classic
CH*CCC*E50279,Parkhaus Dorfzentrum Zollikon,Rotfluhstrasse 98,Zollikon,8702,47.33816,8.57645,20.0,DC,50,400,CHAdeMO,True,False,NFC RFID Classic
CH*CCI*E21832,Station publique,Rue de Genève 64,Lausanne,1004,46.524507,6.61828,22.0,AC_3_PHASE,32,230,Type 2 Connector (Cable Attached),True,False,NFC RFID Classic
CH*CCI*E20985,SIG Etang Parking D 1.1,Avenue de l'Etang,Le Lignon,1219,46.217406,6.104485,22.0,AC_3_PHASE,32,230,Type 2 Outlet,True,False,NFC RFID Classic
CH*CCC*E50297,MOVE - Rastplatz Mühlematt West ,Rastplatz Mühlematt West,Tenniken BL,4456,47.428801,7.808488,150.0,DC,375,400,CCS Combo 2 Plug (Cable Attached),True,False,NFC RFID Classic
CH*CCI*E20458,MOVE - Payerne Garage DIMAB AC,ZI Palaz C 36,Payerne,1530,46.826177,6.928017,22.0,AC_3_PHASE,32,230,Type 2 Outlet,True,False,NFC RFID Classic
CH*CCI*E21308,MOVE - Parkplatz Bürgerhalle Tägerwilen,Castellstrasse 1,Tägerwilen,8274,47.654949,9.131291,22.0,AC_3_PHASE,32,230,Type 2 Outlet,True,False,NFC RFID Classic
CH*CCI*E21307,MOVE - Parkplatz Bürgerhalle Tägerwilen,Castellstrasse 1,Tägerwilen,8274,47.654949,9.131291,22.0,AC_3_PHASE,32,230,Type 2 Outlet,True,False,NFC RFID Classic
CH*CCI*E21309,SIG Lancy Parking des Courtillets,Chemin des Courtillets 2-6,Petit-Lancy,1212,46.182252,6.119587,11.0,AC_3_PHASE,16,230,Type 2 Outlet,True,False,NFC RFID Classic
CH*CCI*E21780,HYC 50,Rue François-d'Alt,Fribourg,1700,46.810168,7.155438,50.0,DC,125,400,CCS Combo 2 Plug (Cable Attached),True,False,NFC RFID Classic
CH*CCI*E21782,HYC 50,Chem. de la Motta,Fribourg,1700,46.803223,7.161114,50.0,DC,125,400,CCS Combo 2 Plug (Cable Attached),True,False,NFC RFID Classic
CH*CCI*E20451,MOVE - Centre professionnel,Derrière-les-Remparts 1,Fribourg,1700,46.80737,7.15633,11.0,AC_3_PHASE,16,230,Type 2 Outlet,True,False,NFC RFID Classic
CH*CCI*E21781,HYC 50,Chem. de la Motta,Fribourg,1700,46.803223,7.161114,50.0,DC,125,400,CCS Combo 2 Plug (Cable Attached),True,False,NFC RFID Classic
CH*CCI*E21784,Borne 2,Rue de Morat,Fribourg,1700,46.811379,7.158181,11.0,AC_3_PHASE,16,230,Type 2 Outlet,True,False,NFC RFID Classic
CH*CCI*E21300,ELI10 - Parking du Carraz,Impasse de Carraz 1,Cortaillod,2016,46.94706,6.85258,22.0,AC_3_PHASE,32,230,Type 2 Outlet,True,False,NFC RFID Classic
CH*CCI*E20453,MOVE - Mall of Switzerland Ebikon,Zugerstrasse,Ebikon,6030,47.094378,8.360316,22.0,AC_3_PHASE,32,230,Type 2 Outlet,True,False,NFC RFID Classic
CH*CCI*E21783,Borne 1,Rue de Morat,Fribourg,1700,46.811379,7.158181,11.0,AC_3_PHASE,16,230,Type 2 Outlet,True,False,NFC RFID Classic
CH*CCI*E20452,MOVE - Mall of Switzerland Ebikon,Zugerstrasse,Ebikon,6030,47.094378,8.360316,22.0,AC_3_PHASE,32,230,Type 2 Outlet,True,False,NFC RFID Classic
CH*CCI*E21786,Borne 4,Rue de Morat,Fribourg,1700,46.811379,7.158181,11.0,AC_3_PHASE,16,230,Type 2 Outlet,True,False,NFC RFID Classic
CH*CCI*E20455,MOVE - Mall of Switzerland Ebikon,Zugerstrasse,Ebikon,6030,47.094378,8.360316,22.0,AC_3_PHASE,32,230,Type 2 Outlet,True,False,NFC RFID Classic
CH*CCI*E21785,Borne 3,Rue de Morat,Fribourg,1700,46.811379,7.158181,11.0,AC_3_PHASE,16,230,Type 2 Outlet,True,False,NFC RFID Classic
CH*CCI*E20454,MOVE - Mall of Switzerland Ebikon,Zugerstrasse,Ebikon,6030,47.094378,8.360316,22.0,AC_3_PHASE,32,230,Type 2 Outlet,True,False,NFC RFID Classic
CH*CCI*E21777,Borne 3,Chem. de la Patinoire,Fribourg,1700,46.804924,7.166764,11.0,AC_3_PHASE,16,230,Type 2 Outlet,True,False,NFC RFID Classic
CH*CCI*E20446,Regio Energie Solothurn - Gasthof Rössli,Käsereistrasse 2,Leuzigen,3297,47.174492,7.457531,22.0,AC_3_PHASE,32,230,Type 2 Outlet,True,False,NFC RFID Classic
CH*CCI*E21776,Borne 2,Chem. de la Patinoire,Fribourg,1700,46.804924,7.166764,11.0,AC_3_PHASE,16,230,Type 2 Outlet,True,False,NFC RFID Classic
CH*CCI*E20445,Regio Energie Solothurn - Gasthof Rössli,Käsereistrasse 2,Leuzigen,3297,47.174492,7.457531,22.0,AC_3_PHASE,32,230,Type 2 Outlet,True,False,NFC RFID Classic
CH*CCI*E21779,HYC 50,Rue François-d'Alt,Fribourg,1700,46.810168,7.155438,50.0,DC,125,400,CCS Combo 2 Plug (Cable Attached),True,False,NFC RFID Classic
CH*CCI*E21778,Borne 4,Chem. de la Patinoire,Fribourg,1700,46.804924,7.166764,11.0,AC_3_PHASE,16,230,Type 2 Outlet,True,False,NFC RFID Classic
CH*CCI*E21771,Hotel le Vignier - 2,Route de la Gruyère 123,Avry-devant-Pont,1644,46.686604,7.096771,22.0,AC_3_PHASE,32,230,Type 2 Outlet,True,False,NFC RFID Classic
CH*CCI*E20440,MOVE - Administration communale,Route du Centre 25,Corminboeuf,1720,46.806926,7.101576,22.0,AC_3_PHASE,32,230,Type 2 Outlet,True,False,NFC RFID Classic
CH*CCI*E21770,Hotel le Vignier - 1,Route de la Gruyère 123,Avry-devant-Pont,1644,46.686604,7.096771,22.0,AC_3_PHASE,32,230,Type 2 Outlet,True,False,NFC RFID Classic
CH*CCI*E21773,Hotel le Vignier - 4,Route de la Gruyère 123,Avry-devant-Pont,1644,46.686604,7.096771,22.0,AC_3_PHASE,32,230,Type 2 Outlet,True,False,NFC RFID Classic
CH*CCI*E20442,MOVE - Klösterlistutz Bern,Klösterlistutz,Bern,3013,46.94971,7.45942,11.0,AC_3_PHASE,16,230,Type 2 Outlet,True,False,NFC RFID Classic
CH*CCI*E21772,Hotel le Vignier - 3,Route de la Gruyère 123,Avry-devant-Pont,1644,46.686604,7.096771,22.0,AC_3_PHASE,32,230,Type 2 Outlet,True,False,NFC RFID Classic
CH*CCI*E20441,MOVE - Klösterlistutz Bern,Klösterlistutz,Bern,3013,46.94971,7.45942,11.0,AC_3_PHASE,16,230,Type 2 Outlet,True,False,NFC RFID Classic
CH*CCI*E21775,Borne 1,Chem. de la Patinoire,Fribourg,1700,46.804924,7.166764,11.0,AC_3_PHASE,16,230,Type 2 Outlet,True,False,NFC RFID Classic
CH*CCI*E20444,MOVE - Airport Payerne (Speedwings),Aeropole 131,Payerne,1530,46.839233,6.914125,22.0,AC_3_PHASE,32,230,Type 2 Outlet,True,False,NFC RFID Classic
CH*CCI*E21774,MOVE - Fribourg Rue de l`Hôpital 2,Rue de l'Hôpital 2,Fribourg,1700,46.805903,7.153618,22.0,AC_3_PHASE,32,230,Type 2 Outlet,True,False,NFC RFID Classic
CH*CCI*E20443,MOVE - Airport Payerne (Speedwings),Aeropole 131,Payerne,1530,46.839233,6.914125,22.0,AC_3_PHASE,32,230,Type 2 Outlet,True,False,NFC RFID Classic
CH*CCI*E21766,MOVE - Aire d'autoroute la Côte Lac A1,Aire d'autoroute la Côte Lac A1,Bursins,1183,46.445,6.2979,225.0,DC,563,400,CCS Combo 2 Plug (Cable Attached),True,False,NFC RFID Classic
CH*CCI*E20435,Regio Energie Solothurn - Rest. Eisenhammer,Bahnhofstrasse 1,Gerlafingen,4563,47.170638,7.568553,22.0,AC_3_PHASE,32,230,Type 2 Outlet,True,False,NFC RFID Classic
CH*CCI*E21765,MOVE - Aire d'autoroute la Côte Lac A1,Aire d'autoroute la Côte Lac A1,Bursins,1183,46.445,6.2979,225.0,DC,563,400,CCS Combo 2 Plug (Cable Attached),True,False,NFC RFID Classic
CH*CCI*E21762,MOVE - Aire d'autoroute la Côte Lac A1,Aire d'autoroute la Côte Lac A1,Bursins,1183,46.445,6.2979,22.0,AC_3_PHASE,32,230,Type 2 Outlet,True,False,NFC RFID Classic
CH*CCI*E20431,MOVE - Garage Hotz,Rue de la Promenade 10,Val-de-Travers,2105,46.942399,6.679296,22.0,AC_3_PHASE,32,230,Type 2 Outlet,True,False,NFC RFID Classic
CH*CCI*E21761,MOVE - Aire d'autoroute la Côte Lac A1,Aire d'autoroute la Côte Lac A1,Bursins,1183,46.445,6.2979,50.0,DC,125,400,CHAdeMO,True,False,NFC RFID Classic
CH*CCI*E21764,MOVE - Aire d'autoroute la Côte Lac A1,Aire d'autoroute la Côte Lac A1,Bursins,1183,46.445,6.2979,225.0,DC,563,400,CCS Combo 2 Plug (Cable Attached),True,False,NFC RFID Classic
CH*CCI*E20433,Regio Energie Solothurn - Gasthof Enge,Engestrasse 1,Solothurn,4500,47.195971,7.54692,11.0,AC_3_PHASE,16,230,Type 2 Outlet,True,False,NFC RFID Classic
CH*CCI*E20432,MOVE - Garage Hotz,Rue de la Promenade 10,Val-de-Travers,2105,46.942399,6.679296,22.0,AC_3_PHASE,32,230,Type 2 Outlet,True,False,NFC RFID Classic
CH*CCI*E21755,Meublino,Au Voyeboeuf 7,Porrentruy,2900,47.415751,7.092039,22.0,AC_3_PHASE,32,230,Type 2 Outlet,True,False,NFC RFID Classic
CH*CCI*E20424,MOVE - Romont Route d'Arruffens Parking Bicubic,Route d'Arruffens,Romont,1680,46.686294,6.910249,11.0,AC_3_PHASE,16,230,Type 2 Outlet,True,False,NFC RFID Classic
CH*CCI*E21754,Meublino,Au Voyeboeuf 7,Porrentruy,2900,47.415751,7.092039,22.0,AC_3_PHASE,32,230,Type 2 Outlet,True,False,NFC RFID Classic
CH*CCC*E50650,MOVE Boulangerie Marchon et Favre Sàrl,Route de Fribourg 44,Cottens,1741,46.753191,7.0335,24.0,DC,60,400,CCS Combo 2 Plug (Cable Attached),True,False,NFC RFID Classic
CH*CCI*E20423,MOVE - Romont Route d'Arruffens Parking Bicubic,Route d'Arruffens,Romont,1680,46.686294,6.910249,11.0,AC_3_PHASE,16,230,Type 2 Outlet,True,False,NFC RFID Classic
CH*CCI*E21757,Meublino,Au Voyeboeuf 7,Porrentruy,2900,47.415751,7.092039,22.0,AC_3_PHASE,32,230,Type 2 Outlet,True,False,NFC RFID Classic
CH*CCI*E20426,MOVE - Romont Route d'Arruffens Parking Bicubic,Route d'Arruffens,Romont,1680,46.686294,6.910249,11.0,AC_3_PHASE,16,230,Type 2 Outlet,True,False,NFC RFID Classic
CH*CCI*E21756,Meublino,Au Voyeboeuf 7,Porrentruy,2900,47.415751,7.092039,22.0,AC_3_PHASE,32,230,Type 2 Outlet,True,False,NFC RFID Classic
CH*CCI*E20425,MOVE - Romont Route d'Arruffens Parking Bicubic,Route d'Arruffens,Romont,1680,46.686294,6.910249,11.0,AC_3_PHASE,16,230,Type 2 Outlet,True,False,NFC RFID Classic
CH*CCI*E21759,MOVE - Schubiger Möbel,Pumpwerkstrasse 50,Regensdorf,8105,47.44566,8.46303,50.0,DC,125,400,CCS Combo 2 Plug (Cable Attached),True,False,NFC RFID Classic
CH*CCI*E21758,MOVE - Schubiger Möbel,Pumpwerkstrasse 50,Regensdorf,8105,47.44566,8.46303,50.0,DC,125,400,CCS Combo 2 Plug (Cable Attached),True,False,NFC RFID Classic
CH*CCI*E20429,MOVE - SCHULER Weinwelt,Franzosenstrasse 6,Seewen SZ,6423,47.025254,8.633276,22.0,AC_3_PHASE,32,230,Type 2 Outlet,True,False,NFC RFID Classic
CH*CCI*E21751,Kurplatz Rorschach,Churerstrasse 4,Rorschach,9400,47.478486,9.509415,22.0,AC_3_PHASE,32,230,Type 2 Outlet,True,False,NFC RFID Classic
CH*CCI*E20420,MOVE - Allschwil Tulpenweg,Tulpenweg 3,Allschwil,4123,47.553755,7.554479,22.0,AC_3_PHASE,32,230,Type 2 Outlet,True,False,NFC RFID Classic
CH*CCI*E21750,Kurplatz Rorschach,Churerstrasse 4,Rorschach,9400,47.478486,9.509415,22.0,AC_3_PHASE,32,230,Type 2 Outlet,True,False,NFC RFID Classic
CH*CCI*E21753,SIG CERN Public DC150,Route de Meyrin,Meyrin,1217,46.234819,6.052141,150.0,DC,375,400,CCS Combo 2 Plug (Cable Attached),True,False,NFC RFID Classic
CH*CCI*E21752,SIG CERN Public DC150,Route de Meyrin,Meyrin,1217,46.234819,6.052141,150.0,DC,375,400,CCS Combo 2 Plug (Cable Attached),True,False,NFC RFID Classic
CH*CCC*EBW*8610*1,MOVE - Energie Uster,Braschlergasse 7,Uster,8610,47.348344,8.719594,22.0,AC_3_PHASE,32,230,Type 2 Outlet,True,False,NFC RFID Classic
CH*CCC*EBW*8610*2,MOVE - Energie Uster,Braschlergasse 7,Uster,8610,47.348344,8.719594,20.0,DC,50,400,CHAdeMO,True,False,NFC RFID Classic
CH*CCC*EBW*8610*3,MOVE - Energie Uster,Braschlergasse 7,Uster,8610,47.348344,8.719594,20.0,DC,50,400,CCS Combo 2 Plug (Cable Attached),True,False,NFC RFID Classic
CH*CCC*E50646,MOVE - SH POWER Niklausenplatz,Niklausenplatz,Schaffhausen,8200,47.70497,8.64849,22.0,AC_3_PHASE,32,230,Type 2 Outlet,True,False,NFC RFID Classic
CH*CCC*E50649,MOVE Boulangerie Marchon et Favre Sàrl,Route de Fribourg 44,Cottens,1741,46.753191,7.0335,24.0,DC,60,400,CCS Combo 2 Plug (Cable Attached),True,False,NFC RFID Classic
CH*CCC*E50643,MOVE - SH POWER Niklausenplatz,Niklausenplatz,Schaffhausen,8200,47.70497,8.64849,22.0,AC_3_PHASE,32,230,Type 2 Outlet,True,False,NFC RFID Classic
CH*CCC*E50644,MOVE - SH POWER Niklausenplatz,Niklausenplatz,Schaffhausen,8200,47.70497,8.64849,22.0,AC_3_PHASE,32,230,Type 2 Outlet,True,False,NFC RFID Classic
CH*CCC*E50645,MOVE - SH POWER Niklausenplatz,Niklausenplatz,Schaffhausen,8200,47.70497,8.64849,22.0,AC_3_PHASE,32,230,Type 2 Outlet,True,False,NFC RFID Classic
CH*CCI*E21348,Move-Derrière salle polyvalente,Chemin de la Vieille Laiterie 6,Lugnorre,1789,46.95058,7.07366,22.0,AC_3_PHASE,32,230,Type 2 Outlet,True,False,NFC RFID Classic
CH*CCC*E50220,MOVE - Neuenhof Parkplatz nähe Gemeindeverwaltung,Zürcherstrasse,Neuenhof,5432,47.450979,8.327328,50.0,DC,125,400,CCS Combo 2 Plug (Cable Attached),True,False,NFC RFID Classic
CH*CCC*E50221,MOVE - Neuenhof Parkplatz nähe Gemeindeverwaltung,Zürcherstrasse,Neuenhof,5432,47.450979,8.327328,50.0,DC,125,400,CHAdeMO,True,False,NFC RFID Classic
CH*CCC*E50222,"Primeo Energie - Bulle, Rue de la Toula",Rte de Riaz 3,Bulle,1630,46.621685,7.057855,17.0,DC,75,230,CCS Combo 2 Plug (Cable Attached),True,False,NFC RFID Classic
CH*CCI*E20019,MOVE - Conthey Route de Bassin 12,Route de Bassin 12,Conthey,1964,46.2237,7.2989,22.0,AC_3_PHASE,32,230,Type 2 Outlet,True,False,NFC RFID Classic
CH*CCI*E21349,Hotel GuardaVal Scuol,Vi 383,Scuol,7550,46.797359,10.297567,11.0,AC_3_PHASE,16,230,Type 2 Outlet,True,False,NFC RFID Classic
CH*CCC*E50223,MOVE - Oftringen,Zürichstrasse 52,Oftringen,4665,47.311283,7.935439,24.0,DC,60,400,CCS Combo 2 Plug (Cable Attached),True,False,NFC RFID Classic
CH*CCI*E22672,Ladestation Gemeinde Ried links,Galmizstrasse 37,Ried bei Kerzers,3216,46.95413,7.183126,22.0,AC_3_PHASE,32,230,Type 2 Outlet,True,False,NFC RFID Classic
CH*CCI*E20493,"Zil-Garage, St.Gallen",Zilstrasse 79,St. Gallen,9016,47.442761,9.413105,22.0,AC_3_PHASE,32,230,Type 2 Outlet,True,False,NFC RFID Classic
CH*CCI*E22673,Ladestation Gemeinde Ried rechts,Galmizstrasse 37,Ried bei Kerzers,3216,46.95413,7.183126,22.0,AC_3_PHASE,32,230,Type 2 Outlet,True,False,NFC RFID Classic
CH*CCI*E20495,"Auto Zollikofer, St.Gallen",Rorschacher Strasse 284,St. Gallen,9016,47.443117,9.414715,22.0,AC_3_PHASE,32,230,Type 2 Outlet,True,False,NFC RFID Classic
CH*CCI*E20494,"Zil-Garage, St.Gallen",Zilstrasse 79,St. Gallen,9016,47.442761,9.413105,22.0,AC_3_PHASE,32,230,Type 2 Outlet,True,False,NFC RFID Classic
CH*CCI*E20497,Viehmarktplatz Wil,Tonhallestrasse,Wil,9500,47.466005,9.050401,22.0,AC_3_PHASE,32,230,Type 2 Outlet,True,False,NFC RFID Classic
CH*CCI*E20496,"Auto Zollikofer, St.Gallen",Rorschacher Strasse 284,St. Gallen,9016,47.443117,9.414715,22.0,AC_3_PHASE,32,230,Type 2 Outlet,True,False,NFC RFID Classic
CH*CCI*E21346,Hotel Belvedere Scuol,Stradun 253,Scuol,7550,46.797153,10.299022,11.0,AC_3_PHASE,16,230,Type 2 Outlet,True,False,NFC RFID Classic
CH*CCI*E21345,Hotel Belvedere Scuol,Stradun 253,Scuol,7550,46.797153,10.299022,11.0,AC_3_PHASE,16,230,Type 2 Outlet,True,False,NFC RFID Classic
CH*CCI*E20498,Viehmarktplatz Wil,Tonhallestrasse,Wil,9500,47.466005,9.050401,22.0,AC_3_PHASE,32,230,Type 2 Outlet,True,False,NFC RFID Classic
CH*CCC*E50219,MOVE - Neuenhof Parkplatz nähe Gemeindeverwaltung,Zürcherstrasse,Neuenhof,5432,47.450979,8.327328,22.0,AC_3_PHASE,32,230,Type 2 Outlet,True,False,NFC RFID Classic
CH*CCC*E50213,MOVE -  Dornach,Amtshausstrasse 12,Dornach,4143,47.488509,7.610074,50.0,DC,125,400,CHAdeMO,True,False,NFC RFID Classic
CH*CCC*E50214,Charging Station MOVE Mobility SA,Route de Suisse 77,Versoix,1290,46.280807,6.166412,24.0,DC,60,400,CCS Combo 2 Plug (Cable Attached),True,False,NFC RFID Classic
CH*CCC*E50216,Charging Station MOVE Mobility SA,Route de Suisse 77,Versoix,1290,46.280807,6.166412,24.0,DC,60,400,CCS Combo 2 Plug (Cable Attached),True,False,NFC RFID Classic
CH*CCI*E21337,SIG ICC Aéroport Parking - P-4,Route de Pré-Bois 20,Genève,1215,46.224439,6.100978,22.0,AC_3_PHASE,32,230,Type 2 Outlet,True,False,NFC RFID Classic
CH*CCC*E50232,MOVE - Münchenstein,Weidenstrasse 27,Münchenstein,4142,47.513261,7.616152,176.0,DC,440,400,CCS Combo 2 Plug (Cable Attached),True,False,NFC RFID Classic
CH*CCC*E50233,MOVE - Münchenstein,Weidenstrasse 27,Münchenstein,4142,47.513261,7.616152,176.0,DC,440,400,CHAdeMO,True,False,NFC RFID Classic
CH*CCI*E21313,Tiefgarage Bahnhofstrasse,Bahnhofstrasse 19,Wattwil,9630,47.298701,9.087758,22.0,AC_3_PHASE,32,230,Type 2 Outlet,True,False,NFC RFID Classic
CH*CCI*E20466,MOVE - Hotel Saluver,Via Maistra 128,Celerina/Schlarigna,7505,46.516304,9.862437,11.0,AC_3_PHASE,16,230,Type 2 Outlet,True,False,NFC RFID Classic
CH*CCI*E21796,Borne 3 - Publique,Route de Faoug 85,Courgevaux,1796,46.908004,7.100387,22.0,AC_3_PHASE,32,230,Type 2 Outlet,True,False,NFC RFID Classic
CH*CCI*E21312,MOVE Garage Schafroth AG,Huttwilstrasse 5,Weier,3462,47.06246,7.74914,22.0,AC_3_PHASE,32,230,Type 2 Outlet,True,False,NFC RFID Classic
CH*CCI*E20465,MOVE - Hotel Saluver,Via Maistra 128,Celerina/Schlarigna,7505,46.516304,9.862437,11.0,AC_3_PHASE,16,230,Type 2 Outlet,True,False,NFC RFID Classic
CH*CCC*E50206,MOVE - Baden Hallenbad,Pfisterstrasse 1,Baden,5400,47.46627,8.311256,50.0,DC,125,400,CCS Combo 2 Plug (Cable Attached),True,False,NFC RFID Classic
CH*CCC*E50207,MOVE - Baden Hallenbad,Pfisterstrasse 1,Baden,5400,47.46627,8.311256,50.0,DC,125,400,CHAdeMO,True,False,NFC RFID Classic
CH*CCC*E50202,MOVE - Raststätte Glarnerland Nord,Tschachen 2,Niederurnen,8867,47.138261,9.050816,50.0,DC,125,400,CHAdeMO,True,False,NFC RFID Classic
CH*CCC*E50204,MOVE - Tiefgarage Allmend Center Frauenfeld,Juchstrasse 16,Frauenfeld,8500,47.567413,8.906151,24.0,DC,60,400,CCS Combo 2 Plug (Cable Attached),True,False,NFC RFID Classic
CH*CCC*E50205,MOVE - Baden Hallenbad,Pfisterstrasse 1,Baden,5400,47.46627,8.311256,22.0,AC_3_PHASE,32,230,Type 2 Outlet,True,False,NFC RFID Classic
CH*CCI*E22238,MOVE - Port de Chevroux,Avenue du Port,Chevroux,1545,46.89444,6.90143,22.0,AC_3_PHASE,32,230,Type 2 Outlet,True,False,NFC RFID Classic
CH*CCI*E22239,MOVE - Bösingen FR Dorfplatz 1,Dorfplatz 1,Bösingen,3178,46.89322,7.227666,11.0,AC_3_PHASE,16,230,Type 2 Outlet,True,False,NFC RFID Classic
CH*CCI*E21384,SH POWER Munotparkplatz,Munotstrasse 50,Schaffhausen,8200,47.698872,8.64032,22.0,AC_3_PHASE,32,230,Type 2 Outlet,True,False,NFC RFID Classic
CH*CCI*E22232,MOVE - Relais du St-Bernard,A9 Relais du St. Bernard,Martigny,1920,46.126793,7.060795,50.0,DC,125,400,CHAdeMO,True,False,NFC RFID Classic
CH*CCI*E21383,SH POWER Munotparkplatz,Munotstrasse 50,Schaffhausen,8200,47.698872,8.64032,22.0,AC_3_PHASE,32,230,Type 2 Outlet,True,False,NFC RFID Classic
CH*CCI*E22233,MOVE - Aire de repos Les Îles,Aire de repos Les Îles,Sion,1950,46.213233,7.317259,225.0,DC,563,400,CCS Combo 2 Plug (Cable Attached),True,False,NFC RFID Classic
CH*CCI*E21386,MOVE - Interlaken Jungfraustrasse 53,Jungfraustrasse 53,Interlaken,3800,46.68411,7.857459,11.0,AC_3_PHASE,16,230,Type 2 Outlet,True,False,NFC RFID Classic
CH*CCI*E22230,MOVE - Relais du St-Bernard,A9 Relais du St. Bernard,Martigny,1920,46.126793,7.060795,22.0,AC_3_PHASE,32,230,Type 2 Outlet,True,False,NFC RFID Classic
CH*CCI*E22231,MOVE - Relais du St-Bernard,A9 Relais du St. Bernard,Martigny,1920,46.126793,7.060795,50.0,DC,125,400,CCS Combo 2 Plug (Cable Attached),True,False,NFC RFID Classic
CH*CCI*E22236,MOVE - Hôtel la Prairie,Avenue des Bains 9,Yverdon-les-Bains,1400,46.774743,6.649246,22.0,AC_3_PHASE,32,230,Type 2 Outlet,True,False,NFC RFID Classic
CH*CCI*E22237,MOVE - Port de Chevroux,Avenue du Port,Chevroux,1545,46.89424,6.90144,22.0,AC_3_PHASE,32,230,Type 2 Outlet,True,False,NFC RFID Classic
CH*CCI*E22234,MOVE - Aire de repos Les Îles,Aire de repos Les Îles,Sion,1950,46.213233,7.317259,225.0,DC,563,400,CCS Combo 2 Plug (Cable Attached),True,False,NFC RFID Classic
CH*CCI*E22235,MOVE - MOTOS Centre de L'Ile Boudry,Route du Vignoble 25,Areuse,2015,46.955179,6.847611,22.0,AC_3_PHASE,32,230,Type 2 Outlet,True,False,NFC RFID Classic
CH*CCI*E21382,SH POWER Munotparkplatz,Munotstrasse 50,Schaffhausen,8200,47.698872,8.64032,22.0,AC_3_PHASE,32,230,Type 2 Outlet,True,False,NFC RFID Classic
CH*CCI*E21381,SH POWER Munotparkplatz,Munotstrasse 50,Schaffhausen,8200,47.698872,8.64032,22.0,AC_3_PHASE,32,230,Type 2 Outlet,True,False,NFC RFID Classic
CH*CCI*E22229,Parking Rocheray,Rocheray 37,Le Chenit,1347,46.624893,6.252543,22.0,AC_3_PHASE,32,230,Type 2 Outlet,True,False,NFC RFID Classic
CH*CCI*E22227,MOVE Aare Energie AG - Werkhofstrasse,Werkhofstrasse 2,Olten,4600,47.3501,7.895,50.0,DC,125,400,CCS Combo 2 Plug (Cable Attached),True,False,NFC RFID Classic
CH*CCI*E22228,Parking Rocheray,Rocheray 37,Le Chenit,1347,46.624893,6.252543,22.0,AC_3_PHASE,32,230,Type 2 Outlet,True,False,NFC RFID Classic
CH*CCI*E21373,PP08 - MetroParking,Waisenhausplatz 19,Bern,3011,46.949918,7.445497,11.0,AC_3_PHASE,16,230,Type 2 Outlet,True,False,NFC RFID Classic
CH*CCI*E22221,Restaurant Pizzeria Würe Bronschhofen,Hauptstrasse 43a,Bronschhofen,9552,47.480084,9.03371,50.0,DC,125,400,CCS Combo 2 Plug (Cable Attached),True,False,NFC RFID Classic
CH*CCI*E20042,MOVE - Schönenbuch BL,Brunngasse 2,Schönenbuch,4124,47.536942,7.501033,22.0,AC_3_PHASE,32,230,Type 2 Outlet,True,False,NFC RFID Classic
CH*CCI*E22222,Restaurant Pizzeria Würe Bronschhofen,Hauptstrasse 43a,Bronschhofen,9552,47.480084,9.03371,50.0,DC,125,400,CHAdeMO,True,False,NFC RFID Classic
CH*CCI*E20041,MOVE - Schönenbuch BL,Brunngasse 2,Schönenbuch,4124,47.536942,7.501033,22.0,AC_3_PHASE,32,230,Type 2 Outlet,True,False,NFC RFID Classic
CH*CCI*E21375,PP11 - MetroParking,Waisenhausplatz 19,Bern,3011,46.949918,7.445497,11.0,AC_3_PHASE,16,230,Type 2 Outlet,True,False,NFC RFID Classic
CH*CCI*E22220,Restaurant Pizzeria Würe Bronschhofen,Hauptstrasse 43a,Bronschhofen,9552,47.480084,9.03371,22.0,AC_3_PHASE,32,230,Type 2 Connector (Cable Attached),True,False,NFC RFID Classic
CH*CCI*E22225,MOVE - Düdingen Bahnhofplatz an Hauptstr.,Bahnhofplatz 2a,Düdingen,3186,46.851323,7.191043,50.0,DC,125,400,CCS Combo 2 Plug (Cable Attached),True,False,NFC RFID Classic
CH*CCI*E21376,Metro-Parking- PP10,Waisenhausplatz 19,Bern,3011,46.949918,7.445497,11.0,AC_3_PHASE,16,230,Type 2 Outlet,True,False,NFC RFID Classic
CH*CCC*E50234,MOVE - Münchenstein,Weidenstrasse 27,Münchenstein,4142,47.513261,7.616152,176.0,DC,440,400,CCS Combo 2 Plug (Cable Attached),True,False,NFC RFID Classic
CH*SOC*E5583*3A,SOCAR Knutwil Süd,SOCAR Rastplatz Knutwil Süd,Knutwil,6212,47.189067,8.07671,400.0,DC,1000,400,CCS Combo 2 Plug (Cable Attached),True,False,NFC RFID Classic
CH*SOC*E5583*3B,SOCAR Knutwil Süd,SOCAR Rastplatz Knutwil Süd,Knutwil,6212,47.189067,8.07671,400.0,DC,1000,400,CCS Combo 2 Plug (Cable Attached),True,False,NFC RFID Classic
CH*CCI*E20482,Garage Seeblick Brandes AG,Bahnhofstrasse 19,Berg SG,9305,47.486589,9.40199,22.0,AC_3_PHASE,32,230,Type 2 Outlet,True,False,NFC RFID Classic
CH*CCI*E20481,Garage Seeblick Brandes AG,Bahnhofstrasse 19,Berg SG,9305,47.486589,9.40199,22.0,AC_3_PHASE,32,230,Type 2 Outlet,True,False,NFC RFID Classic
CH*CCI*E21331,Parkplatz Sekundarschule Ägelsee,Engistrasse 94,Wilen,9535,47.446885,9.035897,22.0,AC_3_PHASE,32,230,Type 2 Outlet,True,False,NFC RFID Classic
CH*CCI*E20484,"St. Galler Tagblatt, St.Gallen",Fürstenlandstrasse 122,St. Gallen,9014,47.411487,9.339593,22.0,AC_3_PHASE,32,230,Type 2 Outlet,True,False,NFC RFID Classic
CH*CCI*E20483,"St. Galler Tagblatt, St.Gallen",Fürstenlandstrasse 122,St. Gallen,9014,47.411487,9.339593,22.0,AC_3_PHASE,32,230,Type 2 Outlet,True,False,NFC RFID Classic
CH*CCI*E21333,Parkplatz Sekundarschule Ägelsee,Engistrasse 94,Wilen,9535,47.446885,9.035897,22.0,AC_3_PHASE,32,230,Type 2 Outlet,True,False,NFC RFID Classic
CH*CCI*E21332,Parkplatz Sekundarschule Ägelsee,Engistrasse 94,Wilen,9535,47.446885,9.035897,22.0,AC_3_PHASE,32,230,Type 2 Outlet,True,False,NFC RFID Classic
CH*CCI*E21334,Parkplatz Sekundarschule Ägelsee,Engistrasse 94,Wilen,9535,47.446885,9.035897,22.0,AC_3_PHASE,32,230,Type 2 Outlet,True,False,NFC RFID Classic
CH*CCC*EBS*1183*3,MOVE - A1 SOCAR La Cote Sud,SOCAR La Cote/A1 Sud,Bursins,1183,46.44484,6.297604,50.0,DC,125,400,CCS Combo 2 Plug (Cable Attached),True,False,NFC RFID Classic
CH*CCC*EBS*1183*1,MOVE - A1 SOCAR La Cote Sud,SOCAR La Cote/A1 Sud,Bursins,1183,46.44484,6.297604,22.0,AC_3_PHASE,32,230,Type 2 Outlet,True,False,NFC RFID Classic
CH*CCC*EBS*1183*2,MOVE - A1 SOCAR La Cote Sud,SOCAR La Cote/A1 Sud,Bursins,1183,46.44484,6.297604,50.0,DC,125,400,CHAdeMO,True,False,NFC RFID Classic
CH*CCC*E50224,MOVE - Oftringen,Zürichstrasse 52,Oftringen,4665,47.311283,7.935439,24.0,DC,60,400,CHAdeMO,True,False,NFC RFID Classic
CH*CCC*E50225,MOVE - Allschwil Dürenmattweg 2,Dürenmattweg 2,Allschwil,4123,47.552401,7.546455,22.0,AC_3_PHASE,32,230,Type 2 Connector (Cable Attached),True,False,NFC RFID Classic
CH*CCC*E50226,MOVE - Allschwil Dürenmattweg 2,Dürenmattweg 2,Allschwil,4123,47.552401,7.546455,50.0,DC,125,400,CCS Combo 2 Plug (Cable Attached),True,False,NFC RFID Classic
CH*CCC*E50227,MOVE - Allschwil Dürenmattweg 2,Dürenmattweg 2,Allschwil,4123,47.552401,7.546455,50.0,DC,125,400,CHAdeMO,True,False,NFC RFID Classic
CH*CCI*E21326,SIG Lancy Parking Louis Bertrand,Avenue du Petit-Lancy 7,Grand-Lancy,1213,46.19092,6.117045,22.0,AC_3_PHASE,32,230,Type 2 Outlet,True,False,NFC RFID Classic
CH*CCI*E21325,SIG Lancy Parking Louis Bertrand,Avenue du Petit-Lancy 7,Grand-Lancy,1213,46.19092,6.117045,22.0,AC_3_PHASE,32,230,Type 2 Outlet,True,False,NFC RFID Classic
CH*CCI*E20478,"Baldegger, St.Gallen",Erlacherstrasse 3,St. Gallen,9014,47.410742,9.336991,22.0,AC_3_PHASE,32,230,Type 2 Outlet,True,False,NFC RFID Classic
CH*CCI*E21328,SIG Lancy Parking Louis Bertrand,Avenue du Petit-Lancy 7,Grand-Lancy,1213,46.19092,6.117045,22.0,AC_3_PHASE,32,230,Type 2 Outlet,True,False,NFC RFID Classic
CH*CCC*E50200,MOVE - Raststätte Glarnerland Süd,Nideracher 1,Niederurnen,8867,47.137827,9.049753,50.0,DC,125,400,CHAdeMO,True,False,NFC RFID Classic
CH*CCI*E21327,SIG Lancy Parking Les Rambossons,Chemin des Rambossons 27,Grand-Lancy,1213,46.178288,6.123697,22.0,AC_3_PHASE,32,230,Type 2 Outlet,True,False,NFC RFID Classic
CH*CCC*E50201,MOVE - Raststätte Glarnerland Nord,Tschachen 2,Niederurnen,8867,47.138261,9.050816,50.0,DC,125,400,CCS Combo 2 Plug (Cable Attached),True,False,NFC RFID Classic
CH*SOC*E5583*2A,SOCAR Knutwil Süd,SOCAR Rastplatz Knutwil Süd,Knutwil,6212,47.189067,8.07671,150.0,DC,375,400,CCS Combo 2 Plug (Cable Attached),True,False,NFC RFID Classic
CH*SOC*E5583*2B,SOCAR Knutwil Süd,SOCAR Rastplatz Knutwil Süd,Knutwil,6212,47.189067,8.07671,75.0,DC,188,400,CHAdeMO,True,False,NFC RFID Classic
CH*SOC*E5583*2C,SOCAR Knutwil Süd,SOCAR Rastplatz Knutwil Süd,Knutwil,6212,47.189067,8.07671,22.0,AC_3_PHASE,32,230,Type 2 Outlet,True,False,NFC RFID Classic
CH*CCI*E20470,Parkplatz Seeplatz,Seestrasse 60,Stäfa,8712,47.238871,8.719257,22.0,AC_3_PHASE,32,230,Type 2 Outlet,True,False,NFC RFID Classic
CH*CCI*E21320,Zbinden Garage et Transports,Entre-deux-Rivières,Val-de-Travers,2114,46.90664,6.58632,22.0,AC_3_PHASE,32,230,Type 2 Outlet,True,False,NFC RFID Classic
CH*CCI*E20473,"Bäckerei Füger, Steinach",Schulstrasse 2,Steinach,9323,47.503101,9.442078,22.0,AC_3_PHASE,32,230,Type 2 Outlet,True,False,NFC RFID Classic
CH*CCI*E21322,SIG Lancy Parking Les Rambossons,Chemin des Rambossons 27,Grand-Lancy,1213,46.178288,6.123697,22.0,AC_3_PHASE,32,230,Type 2 Outlet,True,False,NFC RFID Classic
CH*CCI*E20475,"Raiffeisenbank, Wittenbach",Im Zentrum 1,Wittenbach,9300,47.460199,9.388483,22.0,AC_3_PHASE,32,230,Type 2 Outlet,True,False,NFC RFID Classic
CH*CCI*E21321,SIG Lancy Parking Louis Bertrand,Avenue du Petit-Lancy 7,Grand-Lancy,1213,46.19092,6.117045,22.0,AC_3_PHASE,32,230,Type 2 Outlet,True,False,NFC RFID Classic
CH*CCI*E20474,"Bäckerei Füger, Steinach",Schulstrasse 2,Steinach,9323,47.503101,9.442078,22.0,AC_3_PHASE,32,230,Type 2 Outlet,True,False,NFC RFID Classic
CH*CCI*E21324,SIG Lancy Parking Les Rambossons,Chemin des Rambossons 27,Grand-Lancy,1213,46.178288,6.123697,22.0,AC_3_PHASE,32,230,Type 2 Outlet,True,False,NFC RFID Classic
CH*CCI*E20477,"Baldegger, St.Gallen",Erlacherstrasse 3,St. Gallen,9014,47.410742,9.336991,22.0,AC_3_PHASE,32,230,Type 2 Outlet,True,False,NFC RFID Classic
CH*CCI*E21353,MOVE - SI Super-Crans SA,Rte de la Tour 10,Crans-Montana,3963,46.319321,7.490838,11.0,AC_3_PHASE,16,230,Type 2 Outlet,True,False,NFC RFID Classic
CH*CCI*E22682,MOVE - Maltinastrasse,Maltinastrasse 3,Flums,8890,47.090746,9.342091,11.0,AC_3_PHASE,16,230,Type 2 Outlet,True,False,NFC RFID Classic
CH*CCI*E22687,CHMU Ladestation 3,Breitenloh 5.3,Münchwilen,4333,47.542533,7.969202,11.0,AC_3_PHASE,16,230,Type 2 Outlet,True,False,NFC RFID Classic
CH*CCI*E21355,MOVE - Commune Vuadens,Place de la Gare,Vuadens,1628,46.617425,7.02002,22.0,AC_3_PHASE,32,230,Type 2 Outlet,True,False,NFC RFID Classic
CH*CCI*E22203,MOVE - Rastplatz Mumpf Süd,Rastplatz Mumpf Süd,Mumpf,4322,47.545138,7.932071,150.0,DC,375,400,CCS Combo 2 Plug (Cable Attached),True,False,NFC RFID Classic
CH*CCI*E22688,CHMU Ladestation 4,Breitenloh 5.3,Münchwilen,4333,47.542533,7.969202,11.0,AC_3_PHASE,16,230,Type 2 Outlet,True,False,NFC RFID Classic
CH*CCI*E21354,MOVE - SI Super-Crans SA,Rte de la Tour 10,Crans-Montana,3963,46.319321,7.490838,11.0,AC_3_PHASE,16,230,Type 2 Outlet,True,False,NFC RFID Classic
CH*CCI*E22204,MOVE - SkyAccess AG,Dünnernstrasse 24,Oensingen,4702,47.283785,7.716905,22.0,AC_3_PHASE,32,230,Type 2 Outlet,True,False,NFC RFID Classic
CH*CCI*E21323,SIG Lancy Parking Les Rambossons,Chemin des Rambossons 27,Grand-Lancy,1213,46.178288,6.123697,22.0,AC_3_PHASE,32,230,Type 2 Outlet,True,False,NFC RFID Classic
CH*CCI*E20476,"Raiffeisenbank, Wittenbach",Im Zentrum 1,Wittenbach,9300,47.460199,9.388483,22.0,AC_3_PHASE,32,230,Type 2 Outlet,True,False,NFC RFID Classic
CH*CCI*E21799,AC-Charger-1,Via Stradonino 1,Riazzino,6595,46.17432,8.887295,22.0,AC_3_PHASE,32,230,Type 2 Outlet,True,False,NFC RFID Classic
CH*CCI*E20468,MOVE - Randolins St. Moritz,Via Curtins 2,St. Moritz,7500,46.485143,9.811942,22.0,AC_3_PHASE,32,230,Type 2 Outlet,True,False,NFC RFID Classic
CH*CCI*E21798,DC-Charger-1,Via Stradonino 1,Riazzino,6595,46.17432,8.887295,50.0,DC,125,400,CCS Combo 2 Plug (Cable Attached),True,False,NFC RFID Classic
CH*CCI*E21314,Tiefgarage Bahnhofstrasse,Bahnhofstrasse 19,Wattwil,9630,47.298701,9.087758,22.0,AC_3_PHASE,32,230,Type 2 Outlet,True,False,NFC RFID Classic
CH*CCI*E20467,MOVE - Randolins St. Moritz,Via Curtins 2,St. Moritz,7500,46.485143,9.811942,22.0,AC_3_PHASE,32,230,Type 2 Outlet,True,False,NFC RFID Classic
CH*CCC*E50211,MOVE -  Dornach,Amtshausstrasse 12,Dornach,4143,47.488509,7.610074,22.0,AC_3_PHASE,32,230,Type 2 Outlet,True,False,NFC RFID Classic
CH*CCI*E20469,Parkplatz Seeplatz,Seestrasse 60,Stäfa,8712,47.238871,8.719257,22.0,AC_3_PHASE,32,230,Type 2 Outlet,True,False,NFC RFID Classic
CH*CCC*E50212,MOVE -  Dornach,Amtshausstrasse 12,Dornach,4143,47.488509,7.610074,50.0,DC,125,400,CCS Combo 2 Plug (Cable Attached),True,False,NFC RFID Classic
CH*CCI*E21319,Zbinden Garage et Transports,Entre-deux-Rivières,Val-de-Travers,2114,46.90664,6.58632,22.0,AC_3_PHASE,32,230,Type 2 Outlet,True,False,NFC RFID Classic
CH*SOC*E5583*1A,SOCAR Knutwil Süd,SOCAR Rastplatz Knutwil Süd,Knutwil,6212,47.189067,8.07671,150.0,DC,375,400,CCS Combo 2 Plug (Cable Attached),True,False,NFC RFID Classic
CH*SOC*E5583*1B,SOCAR Knutwil Süd,SOCAR Rastplatz Knutwil Süd,Knutwil,6212,47.189067,8.07671,150.0,DC,375,400,CCS Combo 2 Plug (Cable Attached),True,False,NFC RFID Classic
CH*CCI*E21791,Borne AC 3,Rue François-d'Alt,Fribourg,1700,46.810168,7.155438,11.0,AC_3_PHASE,16,230,Type 2 Outlet,True,False,NFC RFID Classic
CH*CCI*E20460,MOVE - SCHULER Weinwelt,Franzosenstrasse 6,Seewen SZ,6423,47.025254,8.633276,22.0,AC_3_PHASE,32,230,Type 2 Outlet,True,False,NFC RFID Classic
CH*CCI*E21790,Borne AC 2,Rue François-d'Alt,Fribourg,1700,46.810168,7.155438,11.0,AC_3_PHASE,16,230,Type 2 Outlet,True,False,NFC RFID Classic
CH*CCI*E20462,Kantonspital Olten - Parkhaus,Baslerstrasse 150,Olten,4600,47.355525,7.902554,22.0,AC_3_PHASE,32,230,Type 2 Connector (Cable Attached),True,False,NFC RFID Classic
CH*CCI*E21792,Borne AC 4,Rue François-d'Alt,Fribourg,1700,46.810168,7.155438,11.0,AC_3_PHASE,16,230,Type 2 Outlet,True,False,NFC RFID Classic
CH*CCI*E20461,Kantonspital Olten - Parkhaus,Baslerstrasse 150,Olten,4600,47.355525,7.902554,22.0,AC_3_PHASE,32,230,Type 2 Connector (Cable Attached),True,False,NFC RFID Classic
CH*CCI*E21795,Golf Limpachtal,Unterdorf 8,Aetingen,4587,47.130912,7.504952,22.0,AC_3_PHASE,32,230,Type 2 Outlet,True,False,NFC RFID Classic
CH*CCI*E21311,MOVE Garage Schafroth AG,Huttwilstrasse 5,Weier,3462,47.06246,7.74914,22.0,AC_3_PHASE,32,230,Type 2 Outlet,True,False,NFC RFID Classic
CH*CCI*E20464,MOVE - Everness Hotel,Les Champs-Blancs,Chavannes-de-Bogis,1279,46.33473,6.161517,22.0,AC_3_PHASE,32,230,Type 2 Outlet,True,False,NFC RFID Classic
CH*CCI*E21794,Golf Limpachtal,Unterdorf 8,Aetingen,4587,47.130912,7.504952,22.0,AC_3_PHASE,32,230,Type 2 Outlet,True,False,NFC RFID Classic
CH*CCI*E21310,SIG Lancy Parking des Courtillets,Chemin des Courtillets 2-6,Petit-Lancy,1212,46.182252,6.119587,11.0,AC_3_PHASE,16,230,Type 2 Outlet,True,False,NFC RFID Classic
CH*CCI*E20463,MOVE - Everness Hotel,Les Champs-Blancs,Chavannes-de-Bogis,1279,46.33473,6.161517,22.0,AC_3_PHASE,32,230,Type 2 Outlet,True,False,NFC RFID Classic
CH*CCI*E21797,DC-Charger-1,Via Stradonino 1,Riazzino,6595,46.17432,8.887295,50.0,DC,125,400,CCS Combo 2 Plug (Cable Attached),True,False,NFC RFID Classic
CH*CCI*E22226,MOVE Aare Energie AG - Werkhofstrasse,Werkhofstrasse 2,Olten,4600,47.3501,7.895,75.0,DC,188,400,CCS Combo 2 Plug (Cable Attached),True,False,NFC RFID Classic
CH*CCI*E22223,Parkgarage Raiffeisen,Schochengasse 5,St. Gallen,9000,47.42126,9.37254,11.0,AC_3_PHASE,16,230,Type 2 Outlet,True,False,NFC RFID Classic
CH*CCI*E22224,MOVE - Düdingen Bahnhofplatz an Hauptstr.,Bahnhofplatz 2a,Düdingen,3186,46.851323,7.191043,50.0,DC,125,400,CCS Combo 2 Plug (Cable Attached),True,False,NFC RFID Classic
CH*CCI*E21370,MOVE - EWB Casino Parking Bern,Kochergasse 1,Bern,3011,46.946526,7.447818,11.0,AC_3_PHASE,16,230,Type 2 Outlet,True,False,NFC RFID Classic
CH*SOC*E5101*2A,SOCAR Effretikon,"Effretikon, Rikonerstrasse 20",Effretikon,8307,47.429418,8.687148,100.0,DC,250,400,CCS Combo 2 Plug (Cable Attached),True,False,NFC RFID Classic
CH*CCI*E22218,Place 114,Chemin Saint-Léonard 7,Fribourg,1700,46.81769,7.156744,11.0,AC_3_PHASE,16,230,Type 2 Outlet,True,False,NFC RFID Classic
CH*CCI*E22219,Place handicapé,Chemin Saint-Léonard 7,Fribourg,1700,46.81769,7.156744,11.0,AC_3_PHASE,16,230,Type 2 Outlet,True,False,NFC RFID Classic
CH*CCI*E22216,Place 112,Chemin Saint-Léonard 7,Fribourg,1700,46.81769,7.156744,11.0,AC_3_PHASE,16,230,Type 2 Outlet,True,False,NFC RFID Classic
CH*CCI*E22217,Place 113,Chemin Saint-Léonard 7,Fribourg,1700,46.81769,7.156744,11.0,AC_3_PHASE,16,230,Type 2 Outlet,True,False,NFC RFID Classic
CH*CCI*E22694,MOVE - Rastplatz Hexentobel Nord (links),Rastplatz Hexentobel Nord,Wängi,9546,47.48977,8.955567,300.0,DC,750,400,CCS Combo 2 Plug (Cable Attached),True,False,NFC RFID Classic
CH*CCI*E22210,Place 106,Chemin Saint-Léonard 7,Fribourg,1700,46.81769,7.156744,11.0,AC_3_PHASE,16,230,Type 2 Outlet,True,False,NFC RFID Classic
CH*CCI*E22695,MOVE - Rastplatz Hexentobel Nord (links),Rastplatz Hexentobel Nord,Wängi,9546,47.48977,8.955567,22.0,AC_3_PHASE,32,230,Type 2 Outlet,True,False,NFC RFID Classic
CH*CCI*E22211,Place 107,Chemin Saint-Léonard 7,Fribourg,1700,46.81769,7.156744,11.0,AC_3_PHASE,16,230,Type 2 Outlet,True,False,NFC RFID Classic
CH*CCI*E22692,MOVE - Rastplatz Hexentobel Nord (links),Rastplatz Hexentobel Nord,Wängi,9546,47.48977,8.955567,300.0,DC,750,400,CCS Combo 2 Plug (Cable Attached),True,False,NFC RFID Classic
CH*CCI*E22693,MOVE - Rastplatz Hexentobel Nord (links),Rastplatz Hexentobel Nord,Wängi,9546,47.48977,8.955567,75.0,DC,188,400,CHAdeMO,True,False,NFC RFID Classic
CH*CCI*E22698,MOVE - Rastplatz Othmarsingen,Rastplatz Othmarsingen,Othmarsingen,5504,47.402428,8.207455,300.0,DC,750,400,CCS Combo 2 Plug (Cable Attached),True,False,NFC RFID Classic
CH*CCI*E22214,Place 110,Chemin Saint-Léonard 7,Fribourg,1700,46.81769,7.156744,11.0,AC_3_PHASE,16,230,Type 2 Outlet,True,False,NFC RFID Classic
CH*CCI*E22699,MOVE - Rastplatz Othmarsingen,Rastplatz Othmarsingen,Othmarsingen,5504,47.402428,8.207455,300.0,DC,750,400,CCS Combo 2 Plug (Cable Attached),True,False,NFC RFID Classic
CH*CCI*E22215,Place 111,Chemin Saint-Léonard 7,Fribourg,1700,46.81769,7.156744,11.0,AC_3_PHASE,16,230,Type 2 Outlet,True,False,NFC RFID Classic
CH*CCI*E21368,Borne 1 - Ch. Brésil Belfaux,Chemin du Brésil 11,Belfaux,1782,46.832078,7.091046,11.0,AC_3_PHASE,16,230,Type 2 Outlet,True,False,NFC RFID Classic
CH*CCI*E22696,MOVE - Rastplatz Birrhard,Rastplatz Birrhard,Birr,5242,47.429519,8.236032,400.0,DC,1000,400,CCS Combo 2 Plug (Cable Attached),True,False,NFC RFID Classic
CH*CCI*E22212,Place 108,Chemin Saint-Léonard 7,Fribourg,1700,46.81769,7.156744,11.0,AC_3_PHASE,16,230,Type 2 Outlet,True,False,NFC RFID Classic
CH*CCI*E22697,MOVE - Rastplatz Birrhard,Rastplatz Birrhard,Birr,5242,47.429519,8.236032,400.0,DC,1000,400,CCS Combo 2 Plug (Cable Attached),True,False,NFC RFID Classic
CH*CCI*E22213,Place 109,Chemin Saint-Léonard 7,Fribourg,1700,46.81769,7.156744,11.0,AC_3_PHASE,16,230,Type 2 Outlet,True,False,NFC RFID Classic
CH*CCI*E22690,MOVE - Rastplatz Hexentobel Nord (rechts),Rastplatz Hexentobel Nord,Wängi,9546,47.48977,8.955567,300.0,DC,750,400,CCS Combo 2 Plug (Cable Attached),True,False,NFC RFID Classic
CH*CCI*E22691,MOVE - Rastplatz Hexentobel Nord (rechts),Rastplatz Hexentobel Nord,Wängi,9546,47.48977,8.955567,300.0,DC,750,400,CCS Combo 2 Plug (Cable Attached),True,False,NFC RFID Classic
CH*CCI*E22208,Place 104,Chemin Saint-Léonard 7,Fribourg,1700,46.81769,7.156744,11.0,AC_3_PHASE,16,230,Type 2 Outlet,True,False,NFC RFID Classic
CH*CCI*E22689,MOVE - Parking P3 château de Gruyères,Route de la Cité,Gruyères,1663,46.58243,7.078416,11.0,AC_3_PHASE,16,230,Type 2 Outlet,True,False,NFC RFID Classic
CH*CCI*E22205,MOVE - SkyAccess AG,Dünnernstrasse 24,Oensingen,4702,47.283785,7.716905,50.0,DC,125,400,CCS Combo 2 Plug (Cable Attached),True,False,NFC RFID Classic
CH*CCI*E22206,MOVE - SkyAccess AG,Dünnernstrasse 24,Oensingen,4702,47.283785,7.716905,50.0,DC,125,400,CHAdeMO,True,False,NFC RFID Classic
CH*CCI*E22209,Place 105,Chemin Saint-Léonard 7,Fribourg,1700,46.81769,7.156744,11.0,AC_3_PHASE,16,230,Type 2 Outlet,True,False,NFC RFID Classic
CH*SOC*E5587*1C,SOCAR Cime de l'est,SOCAR Rastplatz Cime de l'est,Saint-Maurice,1890,46.184507,7.025459,150.0,DC,375,400,CCS Combo 2 Plug (Cable Attached),True,False,NFC RFID Classic
CH*CCI*E22683,MOVE - Maltinastrasse,Maltinastrasse 3,Flums,8890,47.090746,9.342091,11.0,AC_3_PHASE,16,230,Type 2 Outlet,True,False,NFC RFID Classic
CH*CCI*E20020,MOVE - Conthey Route de Bassin 12,Route de Bassin 12,Conthey,1964,46.2237,7.2989,22.0,AC_3_PHASE,32,230,Type 2 Outlet,True,False,NFC RFID Classic
CH*CCI*E22200,Orsat public - Caveau 1,Rue du Levant 99,Martigny,1920,46.101615,7.085567,11.0,AC_3_PHASE,16,230,Type 2 Outlet,True,False,NFC RFID Classic
CH*CCI*E21350,Hotel GuardaVal Scuol,Vi 383,Scuol,7550,46.797359,10.297567,11.0,AC_3_PHASE,16,230,Type 2 Outlet,True,False,NFC RFID Classic
CH*CCI*E22681,Prélyire2 (Fond),Route de Sallaz,Rivaz,1071,46.475885,6.779911,11.0,AC_3_PHASE,16,230,Type 2 Outlet,True,False,NFC RFID Classic
CH*CCI*E22685,CHMU Ladestation 1,Breitenloh 5.3,Münchwilen,4333,47.542533,7.969202,11.0,AC_3_PHASE,16,230,Type 2 Outlet,True,False,NFC RFID Classic
CH*CCI*E22201,Orsat public - Caveau 2,Rue du Levant 99,Martigny,1920,46.101615,7.085567,11.0,AC_3_PHASE,16,230,Type 2 Outlet,True,False,NFC RFID Classic
CH*CCI*E22686,CHMU Ladestation 2,Breitenloh 5.3,Münchwilen,4333,47.542533,7.969202,11.0,AC_3_PHASE,16,230,Type 2 Outlet,True,False,NFC RFID Classic
CH*CCI*E21356,MOVE - Commune Vuadens,Place de la Gare,Vuadens,1628,46.617425,7.02002,22.0,AC_3_PHASE,32,230,Type 2 Outlet,True,False,NFC RFID Classic
CH*CCI*E22202,MOVE - Rastplatz Mumpf Süd,Rastplatz Mumpf Süd,Mumpf,4322,47.545138,7.932071,150.0,DC,375,400,CCS Combo 2 Plug (Cable Attached),True,False,NFC RFID Classic
CH*CCI*E22680,Prélyire1 (Entrée),Route de Sallaz,Rivaz,1071,46.475885,6.779911,11.0,AC_3_PHASE,16,230,Type 2 Outlet,True,False,NFC RFID Classic
CH*SOC*E5587*2B,SOCAR Cime de l'est,SOCAR Rastplatz Cime de l'est,Saint-Maurice,1890,46.184507,7.025459,400.0,DC,1000,400,CCS Combo 2 Plug (Cable Attached),True,False,NFC RFID Classic
CH*SOC*E5587*2A,SOCAR Cime de l'est,SOCAR Rastplatz Cime de l'est,Saint-Maurice,1890,46.184507,7.025459,400.0,DC,1000,400,CCS Combo 2 Plug (Cable Attached),True,False,NFC RFID Classic
CH*SOC*E5101*2B,SOCAR Effretikon,"Effretikon, Rikonerstrasse 20",Effretikon,8307,47.429418,8.687148,100.0,DC,250,400,CCS Combo 2 Plug (Cable Attached),True,False,NFC RFID Classic
CH*CCI*E22276,SIG Thônex Parking des Oiseaux DC50,Route de Jussy 20c,Thônex,1226,46.196036,6.204102,50.0,DC,125,400,CCS Combo 2 Plug (Cable Attached),True,False,NFC RFID Classic
CH*CCI*E22277,SIG Thônex Parking des Oiseaux DC50,Route de Jussy 20c,Thônex,1226,46.196036,6.204102,50.0,DC,125,400,CCS Combo 2 Plug (Cable Attached),True,False,NFC RFID Classic
CH*CCI*E22274,SIG Thônex Parking des Oiseaux,Route de Jussy 20c,Thônex,1226,46.196036,6.204102,22.0,AC_3_PHASE,32,230,Type 2 Outlet,True,False,NFC RFID Classic
CH*CCI*E22275,SIG Thônex Parking des Oiseaux,Route de Jussy 20c,Thônex,1226,46.196036,6.204102,22.0,AC_3_PHASE,32,230,Type 2 Outlet,True,False,NFC RFID Classic
CH*CCI*E22278,SIG Bellevue Parking Gitana DC50,Chemin Des Aiglons 8,Bellevue,1293,46.254292,6.153219,50.0,DC,125,400,CCS Combo 2 Plug (Cable Attached),True,False,NFC RFID Classic
CH*CCI*E22279,SIG Grand-Saconnex Giacometti,Rue Alberto-Giacometti 10,Le Grand-Saconnex,1218,46.227504,6.119558,22.0,AC_3_PHASE,32,230,Type 2 Outlet,True,False,NFC RFID Classic
CH*CCI*E22272,SIG Thônex Parking des Oiseaux,Route de Jussy 20c,Thônex,1226,46.196036,6.204102,22.0,AC_3_PHASE,32,230,Type 2 Outlet,True,False,NFC RFID Classic
CH*CCI*E22273,SIG Thônex Parking des Oiseaux,Route de Jussy 20c,Thônex,1226,46.196036,6.204102,22.0,AC_3_PHASE,32,230,Type 2 Outlet,True,False,NFC RFID Classic
CH*CCI*E22270,SIG Thônex Parking des Oiseaux,Route de Jussy 20c,Thônex,1226,46.196036,6.204102,22.0,AC_3_PHASE,32,230,Type 2 Outlet,True,False,NFC RFID Classic
CH*CCI*E22271,SIG Thônex Parking des Oiseaux,Route de Jussy 20c,Thônex,1226,46.196036,6.204102,22.0,AC_3_PHASE,32,230,Type 2 Outlet,True,False,NFC RFID Classic
CH*SOC*E5587*1A,SOCAR Cime de l'est,SOCAR Rastplatz Cime de l'est,Saint-Maurice,1890,46.184507,7.025459,150.0,DC,375,400,CCS Combo 2 Plug (Cable Attached),True,False,NFC RFID Classic
CH*SOC*E5587*1B,SOCAR Cime de l'est,SOCAR Rastplatz Cime de l'est,Saint-Maurice,1890,46.184507,7.025459,75.0,DC,188,400,CHAdeMO,True,False,NFC RFID Classic
CH*CCC*E50630,Gemeinde Fehraltorf - Kirchgasse,Kirchgasse 1,Fehraltorf,8320,47.386937,8.752719,86.0,DC,375,230,CCS Combo 2 Plug (Cable Attached),True,False,NFC RFID Classic
CH*CCI*E22265,SIG Villette Employés,Avenue de Thônex 105,Thônex,1226,50.0,-15.0,22.0,AC_3_PHASE,32,230,Type 2 Outlet,True,False,NFC RFID Classic
CH*CCI*E22266,SIG Villette Employés,Avenue de Thônex 105,Thônex,1226,50.0,-15.0,22.0,AC_3_PHASE,32,230,Type 2 Outlet,True,False,NFC RFID Classic
CH*CCI*E22263,SIG Villette Employés,Avenue de Thônex 105,Thônex,1226,50.0,-15.0,22.0,AC_3_PHASE,32,230,Type 2 Outlet,True,False,NFC RFID Classic
CH*CCI*E22264,SIG Villette Employés,Avenue de Thônex 105,Thônex,1226,50.0,-15.0,22.0,AC_3_PHASE,32,230,Type 2 Outlet,True,False,NFC RFID Classic
CH*CCI*E22269,SIG Thônex Parking des Oiseaux DC50,Route de Jussy 20c,Thônex,1226,46.196036,6.204102,50.0,DC,125,400,CCS Combo 2 Plug (Cable Attached),True,False,NFC RFID Classic
CH*CCI*E20089,MOVE - Albeuve Route de lIntyamon 103,Route de l'Intyamon 103,Albeuve,1669,46.51848,7.056156,22.0,AC_3_PHASE,32,230,Type 2 Outlet,True,False,NFC RFID Classic
CH*CCI*E22267,SIG Bellevue Parking Gitana DC50,Chemin Des Aiglons 8,Bellevue,1293,46.254292,6.153219,50.0,DC,125,400,CCS Combo 2 Plug (Cable Attached),True,False,NFC RFID Classic
CH*CCI*E22268,SIG Thônex Parking des Oiseaux DC50,Route de Jussy 20c,Thônex,1226,46.196036,6.204102,50.0,DC,125,400,CCS Combo 2 Plug (Cable Attached),True,False,NFC RFID Classic
CH*CCI*E22261,SIG Perly Stade,Chemin de la Mairie,Perly,1258,46.154417,6.091215,22.0,AC_3_PHASE,32,230,Type 2 Outlet,True,False,NFC RFID Classic
CH*CCC*E50628,MOVE - Webipark Aarburg,Strickereistrasse 2b,Aarburg,4663,47.319541,7.906806,22.0,AC_3_PHASE,32,230,Type 2 Outlet,True,False,NFC RFID Classic
CH*CCI*E20082,MOVE - Epagny Route de lAerodrome 1,Route de l'Aerodrome 1,Epagny,1663,46.594795,7.093147,22.0,AC_3_PHASE,32,230,Type 2 Outlet,True,False,NFC RFID Classic
CH*CCI*E22262,SIG Perly Stade,Chemin de la Mairie,Perly,1258,46.154417,6.091215,22.0,AC_3_PHASE,32,230,Type 2 Outlet,True,False,NFC RFID Classic
CH*CCC*E50629,Gemeinde Fehraltorf - Kirchgasse,Kirchgasse 1,Fehraltorf,8320,47.386937,8.752719,86.0,DC,375,230,CCS Combo 2 Plug (Cable Attached),True,False,NFC RFID Classic
CH*CCI*E20081,MOVE - Epagny Route de lAerodrome 1,Route de l'Aerodrome 1,Epagny,1663,46.594795,7.093147,22.0,AC_3_PHASE,32,230,Type 2 Outlet,True,False,NFC RFID Classic
CH*CCI*E22260,SIG Tours du Lignon P10,Avenue du Lignon 10,Le Lignon,1219,46.201345,6.092611,22.0,AC_3_PHASE,32,230,Type 2 Outlet,True,False,NFC RFID Classic
CH*CCC*E50625,MOVE - Neuchâtel Parking du Port,Place du Port 2A,Neuchâtel,2000,46.99182,6.93416,50.0,DC,125,400,CCS Combo 2 Plug (Cable Attached),True,False,NFC RFID Classic
CH*CCC*E50626,MOVE - Neuchâtel Parking du Port,Place du Port 2A,Neuchâtel,2000,46.99182,6.93416,50.0,DC,125,400,CCS Combo 2 Plug (Cable Attached),True,False,NFC RFID Classic
CH*CCC*E50627,MOVE - Webipark Aarburg,Strickereistrasse 2b,Aarburg,4663,47.319541,7.906806,22.0,AC_3_PHASE,32,230,Type 2 Outlet,True,False,NFC RFID Classic
CH*CCC*E50621,MOVE - ETF Parking extérieur,Rue de Battentin 21,Bulle,1630,46.633058,7.047088,90.0,DC,225,400,CCS Combo 2 Plug (Cable Attached),True,False,NFC RFID Classic
CH*CCC*E50622,MOVE - ETF Parking extérieur,Rue de Battentin 21,Bulle,1630,46.633058,7.047088,22.0,AC_3_PHASE,32,230,Type 2 Outlet,True,False,NFC RFID Classic
CH*CCC*E50623,MOVE - ETF Parking extérieur,Rue de Battentin 21,Bulle,1630,46.633058,7.047088,90.0,DC,225,400,CCS Combo 2 Plug (Cable Attached),True,False,NFC RFID Classic
CH*SOC*E5133*1B,SOCAR Affoltern,"Affoltern, Obfelderstrasse 1",Affoltern am Albis,8910,47.274694,8.445779,150.0,DC,375,400,CCS Combo 2 Plug (Cable Attached),True,False,NFC RFID Classic
CH*CCI*E22254,SIG Tours du Lignon P10,Avenue du Lignon 10,Le Lignon,1219,46.201345,6.092611,22.0,AC_3_PHASE,32,230,Type 2 Outlet,True,False,NFC RFID Classic
CH*CCI*E22255,SIG Tours du Lignon P10,Avenue du Lignon 10,Le Lignon,1219,46.201345,6.092611,22.0,AC_3_PHASE,32,230,Type 2 Outlet,True,False,NFC RFID Classic
CH*CCI*E22252,SIG Céligny Temple,Route de Céligny,Céligny,1298,46.35031,6.195364,22.0,AC_3_PHASE,32,230,Type 2 Outlet,True,False,NFC RFID Classic
CH*SOC*E5133*1A,SOCAR Affoltern,"Affoltern, Obfelderstrasse 1",Affoltern am Albis,8910,47.274694,8.445779,150.0,DC,375,400,CCS Combo 2 Plug (Cable Attached),True,False,NFC RFID Classic
CH*CCI*E22253,SIG Tours du Lignon P10,Avenue du Lignon 10,Le Lignon,1219,46.201345,6.092611,22.0,AC_3_PHASE,32,230,Type 2 Outlet,True,False,NFC RFID Classic
CH*CCI*E22258,SIG Tours du Lignon P10,Avenue du Lignon 10,Le Lignon,1219,46.201345,6.092611,22.0,AC_3_PHASE,32,230,Type 2 Outlet,True,False,NFC RFID Classic
CH*CCI*E22259,SIG Tours du Lignon P10,Avenue du Lignon 10,Le Lignon,1219,46.201345,6.092611,22.0,AC_3_PHASE,32,230,Type 2 Outlet,True,False,NFC RFID Classic
CH*CCI*E22256,SIG Tours du Lignon P10,Avenue du Lignon 10,Le Lignon,1219,46.201345,6.092611,22.0,AC_3_PHASE,32,230,Type 2 Outlet,True,False,NFC RFID Classic
CH*CCI*E22257,SIG Tours du Lignon P10,Avenue du Lignon 10,Le Lignon,1219,46.201345,6.092611,22.0,AC_3_PHASE,32,230,Type 2 Outlet,True,False,NFC RFID Classic
CH*CCI*E20071,MOVE - Riaz Route du Temple-Romain 11,Route du Temple-Romain 11,Riaz,1632,46.645231,7.065152,22.0,AC_3_PHASE,32,230,Type 2 Outlet,True,False,NFC RFID Classic
CH*CCI*E22251,SIG Bernex Parking Mairie,Rue de Bernex 311,Bernex,1233,46.174809,6.072507,11.0,AC_3_PHASE,16,230,Type 2 Outlet,True,False,NFC RFID Classic
CH*CCI*E23060,SIG Chancy Route de Bellegarde,Route de Bellegarde 91,Chancy,1284,46.149778,5.970007,22.0,AC_3_PHASE,32,230,Type 2 Outlet,True,False,NFC RFID Classic
CH*CCI*E23061,SIG Chancy Route de Bellegarde,Route de Bellegarde 91,Chancy,1284,46.149778,5.970007,22.0,AC_3_PHASE,32,230,Type 2 Outlet,True,False,NFC RFID Classic
CH*CCI*E23062,SIG Chancy Route de Bellegarde,Route de Bellegarde 91,Chancy,1284,46.149778,5.970007,22.0,AC_3_PHASE,32,230,Type 2 Outlet,True,False,NFC RFID Classic
CH*CCI*E23063,SIG Chancy Route de Bellegarde,Route de Bellegarde 91,Chancy,1284,46.149778,5.970007,22.0,AC_3_PHASE,32,230,Type 2 Outlet,True,False,NFC RFID Classic
CH*CCI*E23057,SIG Palexpo Parking P12,Route François-Peyrot 30,Le Grand-Saconnex,1218,46.234546,6.118034,22.0,AC_3_PHASE,32,230,Type 2 Outlet,True,False,NFC RFID Classic
CH*CCC*EBS*1233*3,SIG P+R Bernex,Rue de Bernex 190,Bernex,1233,46.17871,6.083126,20.0,DC,50,400,CCS Combo 2 Plug (Cable Attached),True,False,NFC RFID Classic
CH*CCI*E23058,SIG Palexpo Parking P12,Route François-Peyrot 30,Le Grand-Saconnex,1218,46.235213,6.118014,22.0,AC_3_PHASE,32,230,Type 2 Outlet,True,False,NFC RFID Classic
CH*CCI*E23055,SIG Palexpo Parking P12,Route François-Peyrot 30,Le Grand-Saconnex,1218,46.235213,6.118014,22.0,AC_3_PHASE,32,230,Type 2 Outlet,True,False,NFC RFID Classic
CH*CCC*EBS*1233*1,SIG P+R Bernex,Rue de Bernex 190,Bernex,1233,46.17871,6.083126,22.0,AC_3_PHASE,32,230,Type 2 Outlet,True,False,NFC RFID Classic
CH*CCI*E23056,SIG Palexpo Parking P12,Route François-Peyrot 30,Le Grand-Saconnex,1218,46.235213,6.118014,22.0,AC_3_PHASE,32,230,Type 2 Outlet,True,False,NFC RFID Classic
CH*CCC*EBS*1233*2,SIG P+R Bernex,Rue de Bernex 190,Bernex,1233,46.17871,6.083126,20.0,DC,50,400,CHAdeMO,True,False,NFC RFID Classic
CH*CCI*E23059,SIG Etang Parking Atmospère,Avenue de l'Etang 65,Le Lignon,1219,46.218528,6.102513,22.0,AC_3_PHASE,32,230,Type 2 Outlet,True,False,NFC RFID Classic
CH*CCI*E23050,Parking Thielle 2,Les Broillets 3,Thielle,2075,47.020991,7.027757,11.0,AC_3_PHASE,16,230,Type 2 Outlet,True,False,NFC RFID Classic
CH*CCI*E23053,SIG Satigny Maison-Carrée,Route de la Maison-Carrée,Satigny,1242,46.20027,6.058841,22.0,AC_3_PHASE,32,230,Type 2 Outlet,True,False,NFC RFID Classic
CH*CCI*E23054,SIG Satigny Maison-Carrée,Route de la Maison-Carrée,Satigny,1242,46.20027,6.058841,22.0,AC_3_PHASE,32,230,Type 2 Outlet,True,False,NFC RFID Classic
CH*CCI*E23051,SIG Satigny Maison-Carrée,Route de la Maison-Carrée,Satigny,1242,46.20027,6.058841,22.0,AC_3_PHASE,32,230,Type 2 Outlet,True,False,NFC RFID Classic
CH*CCI*E23052,SIG Satigny Maison-Carrée,Route de la Maison-Carrée,Satigny,1242,46.20027,6.058841,22.0,AC_3_PHASE,32,230,Type 2 Outlet,True,False,NFC RFID Classic
CH*CCC*E50143,MOVE - Thalwil Bönirainstrasse 4,Bönirainstrasse 4,Thalwil,8800,47.284755,8.564212,22.0,AC_3_PHASE,32,230,Type 2 Outlet,True,False,NFC RFID Classic
CH*CCC*E50144,MOVE - Thalwil Bönirainstrasse 4,Bönirainstrasse 4,Thalwil,8800,47.284755,8.564212,22.0,AC_3_PHASE,32,230,Type 2 Outlet,True,False,NFC RFID Classic
CH*CCC*E50145,MOVE - Thalwil Bönirainstrasse 4,Bönirainstrasse 4,Thalwil,8800,47.284755,8.564212,22.0,AC_3_PHASE,32,230,Type 2 Outlet,True,False,NFC RFID Classic
CH*CCC*E50146,MOVE - Gebenstorf Im Halt 2,Im Halt 2,Gebenstorf,5412,47.489416,8.245731,22.0,AC_3_PHASE,32,230,Type 2 Connector (Cable Attached),True,False,NFC RFID Classic
CH*CCI*E21703,MOVE - Chur Emserstrasse 2,Emserstrasse 2,Chur,7000,46.84631,9.5066,22.0,AC_3_PHASE,32,230,Type 2 Outlet,True,False,NFC RFID Classic
CH*CCC*E50140,Centre Esplanade Porrentruy,Faubourg Saint-Germain 2,Porrentruy,2900,47.415866,7.078527,24.0,DC,60,400,CCS Combo 2 Plug (Cable Attached),True,False,NFC RFID Classic
CH*CCI*E20850,SIG Etang Parking Atmospère,Avenue de l'Etang 65,Le Lignon,1219,46.218528,6.102513,22.0,AC_3_PHASE,32,230,Type 2 Outlet,True,False,NFC RFID Classic
CH*CCI*E20849,SIG Balexert Parking P1,Avenue Louis-Casaï 27,Vernier,1214,46.218695,6.112343,22.0,AC_3_PHASE,32,230,Type 2 Outlet,True,False,NFC RFID Classic
CH*CCC*E50136,MOVE - Chaplin's World,Route de Fenil 2,Corsier-sur-Vevey,1804,46.475761,6.852593,22.0,AC_3_PHASE,32,230,Type 2 Outlet,True,False,NFC RFID Classic
CH*CCC*E50139,MOVE - Porrentruy Centre Esplanade ,Faubourg Saint-Germain 2,Porrentruy,2900,47.415866,7.078527,24.0,DC,60,400,CCS Combo 2 Plug (Cable Attached),True,False,NFC RFID Classic
CH*CCI*E20842,SIG Lancy Parking Louis Bertrand,Avenue du Petit-Lancy 7,Grand-Lancy,1213,46.19092,6.117045,22.0,AC_3_PHASE,32,230,Type 2 Outlet,True,False,NFC RFID Classic
CH*CCI*E20841,SIG Lancy Parking Louis Bertrand,Avenue du Petit-Lancy 7,Grand-Lancy,1213,46.19092,6.117045,22.0,AC_3_PHASE,32,230,Type 2 Outlet,True,False,NFC RFID Classic
CH*CCI*E20844,SIG Lancy Parking Louis Bertrand,Avenue du Petit-Lancy 7,Grand-Lancy,1213,46.19092,6.117045,22.0,AC_3_PHASE,32,230,Type 2 Outlet,True,False,NFC RFID Classic
CH*CCI*E20843,SIG Lancy Parking Louis Bertrand,Avenue du Petit-Lancy 7,Grand-Lancy,1213,46.19092,6.117045,22.0,AC_3_PHASE,32,230,Type 2 Outlet,True,False,NFC RFID Classic
CH*CCC*E50157,MOVE - Garage Zwahlen Lyss,Bielstrasse 98,Lyss,3250,47.081947,7.296926,22.0,AC_3_PHASE,32,230,Type 2 Outlet,True,False,NFC RFID Classic
CH*CCI*E20846,SIG Lancy Parking Les Rambossons,Chemin des Rambossons 27,Grand-Lancy,1213,46.178288,6.123697,22.0,AC_3_PHASE,32,230,Type 2 Outlet,True,False,NFC RFID Classic
CH*CCC*E50150,MOVE - Aquatis Lausanne,Route de Berne 144,Lausanne,1010,46.540969,6.658346,50.0,DC,125,400,CCS Combo 2 Plug (Cable Attached),True,False,NFC RFID Classic
CH*CCI*E20845,SIG Lancy Parking Les Rambossons,Chemin des Rambossons 27,Grand-Lancy,1213,46.178288,6.123697,22.0,AC_3_PHASE,32,230,Type 2 Outlet,True,False,NFC RFID Classic
CH*CCC*E50151,MOVE - Aquatis Lausanne,Route de Berne 144,Lausanne,1010,46.540969,6.658346,50.0,DC,125,400,CHAdeMO,True,False,NFC RFID Classic
CH*CCI*E20848,SIG Lancy Parking Les Rambossons,Chemin des Rambossons 27,Grand-Lancy,1213,46.178288,6.123697,22.0,AC_3_PHASE,32,230,Type 2 Outlet,True,False,NFC RFID Classic
CH*CCI*E20072,MOVE - Riaz Route du Temple-Romain 11,Route du Temple-Romain 11,Riaz,1632,46.645231,7.065152,22.0,AC_3_PHASE,32,230,Type 2 Outlet,True,False,NFC RFID Classic
CH*CCI*E22241,Bahnhof Tägerwilen Dorf HYC 200-2,Stationsstrasse 1,Tägerwilen,8274,47.654077,9.139826,200.0,DC,500,400,CCS Combo 2 Plug (Cable Attached),True,False,NFC RFID Classic
CH*CCI*E22245,Vinothèque La Bouteille Rouge,Industriestrasse 12,Salquenen,3970,46.299586,7.560711,11.0,AC_3_PHASE,16,230,Type 2 Outlet,True,False,NFC RFID Classic
CH*CCI*E22246,Betoncoupe West AG,Industriestrasse 12,Salquenen,3970,46.299586,7.560711,11.0,AC_3_PHASE,16,230,Type 2 Outlet,True,False,NFC RFID Classic
CH*CCI*E22240,Bahnhof Tägerwilen Dorf HYC 200-2,Stationsstrasse 1,Tägerwilen,8274,47.654077,9.139826,200.0,DC,500,400,CCS Combo 2 Plug (Cable Attached),True,False,NFC RFID Classic
CH*CCC*E50600,Rothornbahn Lenzerheide,Via Principala 80,Lenzerheide,7078,46.739607,9.556979,22.0,AC_3_PHASE,32,230,Type 2 Outlet,True,False,NFC RFID Classic
CH*CCI*E22199,MOVE - ETF Parking extérieur,Rue de Battentin 21,Bulle,1630,46.632925,7.047311,22.0,AC_3_PHASE,32,230,Type 2 Outlet,True,False,NFC RFID Classic
CH*CCI*E22197,MOVE - ETF Parking extérieur,Rue de Battentin 21,Bulle,1630,46.632925,7.047311,22.0,AC_3_PHASE,32,230,Type 2 Outlet,True,False,NFC RFID Classic
CH*CCI*E22198,MOVE - ETF Parking extérieur,Rue de Battentin 21,Bulle,1630,46.632925,7.047311,22.0,AC_3_PHASE,32,230,Type 2 Outlet,True,False,NFC RFID Classic
CH*CCI*E23049,Parking Thielle 1,Les Broillets 3,Thielle,2075,47.020991,7.027757,11.0,AC_3_PHASE,16,230,Type 2 Outlet,True,False,NFC RFID Classic
CH*CCI*E22192,MOVE - ETF Parking extérieur,Rue de Battentin 21,Bulle,1630,46.632925,7.047311,22.0,AC_3_PHASE,32,230,Type 2 Outlet,True,False,NFC RFID Classic
CH*CCI*E22195,MOVE - ETF Parking extérieur,Rue de Battentin 21,Bulle,1630,46.632925,7.047311,22.0,AC_3_PHASE,32,230,Type 2 Outlet,True,False,NFC RFID Classic
CH*CCI*E22196,MOVE - ETF Parking extérieur,Rue de Battentin 21,Bulle,1630,46.632925,7.047311,22.0,AC_3_PHASE,32,230,Type 2 Outlet,True,False,NFC RFID Classic
CH*CCI*E22193,MOVE - ETF Parking extérieur,Rue de Battentin 21,Bulle,1630,46.632925,7.047311,22.0,AC_3_PHASE,32,230,Type 2 Outlet,True,False,NFC RFID Classic
CH*CCI*E22194,MOVE - ETF Parking extérieur,Rue de Battentin 21,Bulle,1630,46.632925,7.047311,22.0,AC_3_PHASE,32,230,Type 2 Outlet,True,False,NFC RFID Classic
CH*SOC*E5109*1A,SOCAR Raststätte St. Katharina Süd 1,SOCAR Raststätte St. Katharina Süd,Inwil,6037,47.118701,8.375723,225.0,DC,563,400,CCS Combo 2 Plug (Cable Attached),True,False,NFC RFID Classic
CH*SOC*E5109*1B,SOCAR Raststätte St. Katharina Süd 1,SOCAR Raststätte St. Katharina Süd,Inwil,6037,47.118701,8.375723,225.0,DC,563,400,CCS Combo 2 Plug (Cable Attached),True,False,NFC RFID Classic
CH*CCI*E22189,Tarif Public,Chemin des Orlons 2,Aigle,1860,46.313652,6.940151,120.0,DC,300,400,CCS Combo 2 Plug (Cable Attached),True,False,NFC RFID Classic
CH*CCI*E23033,"Helvetiaplatz 4 (Ladepunkt 2, rechts)",Helvetiaplatz 4,Bern,3005,46.944058,7.448286,11.0,AC_3_PHASE,16,230,Type 2 Outlet,True,False,NFC RFID Classic
CH*CCI*E22180,Eli10 – Stade de Football - Bôle,Rue de la Gare,Milvignes,2014,46.969983,6.83412,22.0,AC_3_PHASE,32,230,Type 2 Outlet,True,False,NFC RFID Classic
CH*CCI*E22181,Eli10 – Stade de Football - Bôle,Rue de la Gare,Milvignes,2014,46.969983,6.83412,22.0,AC_3_PHASE,32,230,Type 2 Outlet,True,False,NFC RFID Classic
CH*CCI*E22184,Eli10 - Route des Graviers 21,Route des Graviers 21,Auvernier,2012,46.973331,6.875835,22.0,AC_3_PHASE,32,230,Type 2 Outlet,True,False,NFC RFID Classic
CH*CCI*E23032,"Helvetiaplatz 4 (Ladepunkt 1, links)",Helvetiaplatz 4,Bern,3005,46.944058,7.448286,11.0,AC_3_PHASE,16,230,Type 2 Outlet,True,False,NFC RFID Classic
CH*CCI*E22185,Eli10 - Route des Graviers 21,Route des Graviers 21,Auvernier,2012,46.973331,6.875835,22.0,AC_3_PHASE,32,230,Type 2 Outlet,True,False,NFC RFID Classic
CH*CCI*E22182,Eli10 - Bois-Coinchiez,Bois-Coinchiez,Bôle,2014,46.961947,6.837512,22.0,AC_3_PHASE,32,230,Type 2 Outlet,True,False,NFC RFID Classic
CH*CCI*E22183,Eli10 - Bois-Coinchiez,Bois-Coinchiez,Bôle,2014,46.961947,6.837512,22.0,AC_3_PHASE,32,230,Type 2 Outlet,True,False,NFC RFID Classic
CH*CCI*E22177,MOVE - Granges-Paccot Route de Morat 135,Route de Morat 135,Granges-Paccot,1763,46.823144,7.149136,11.0,AC_3_PHASE,16,230,Type 2 Outlet,True,False,NFC RFID Classic
CH*CCI*E22178,Eli10 – Route des Clos 154,Route des Clos 154,Milvignes,2014,46.98001,6.893051,22.0,AC_3_PHASE,32,230,Type 2 Outlet,True,False,NFC RFID Classic
CH*CCI*E22175,"Heuwinkelstrasse 3, 8606 Nänikon",Heuwinkelstrasse 3,Nänikon,8606,47.367395,8.68594,24.0,DC,60,400,CHAdeMO,True,False,NFC RFID Classic
CH*CCI*E22176,MOVE - Payerne Rue de la Gare,Rue de la Gare,Payerne,1530,46.81931,6.93896,11.0,AC_3_PHASE,16,230,Type 2 Outlet,True,False,NFC RFID Classic
CH*SOC*E5110*1A,SOCAR Wädenswil,"Wädenswil, Seestrasse 198",Wädenswil,8820,47.237847,8.660108,150.0,DC,375,400,CCS Combo 2 Plug (Cable Attached),True,False,NFC RFID Classic
CH*CCI*E22179,Eli10 – Route des Clos 154,Route des Clos 154,Milvignes,2014,46.98001,6.893051,22.0,AC_3_PHASE,32,230,Type 2 Outlet,True,False,NFC RFID Classic
CH*SOC*E5110*1B,SOCAR Wädenswil,"Wädenswil, Seestrasse 198",Wädenswil,8820,47.237847,8.660108,150.0,DC,375,400,CCS Combo 2 Plug (Cable Attached),True,False,NFC RFID Classic
CH*CCI*E22170,MOVE - Cortaillod Garage Lanthemann,Chemin des Echelles 1,Cortaillod,2016,46.94358,6.84119,50.0,DC,125,400,CCS Combo 2 Plug (Cable Attached),True,False,NFC RFID Classic
CH*CCI*E23020,MOVE - Parkhaus Sportzentrum Grindelwald,Dorfstrasse 110,Grindelwald,3818,46.622783,8.035302,22.0,AC_3_PHASE,32,230,Type 2 Outlet,True,False,NFC RFID Classic
CH*CCI*E22173,"Heuwinkelstrasse 3, 8606 Nänikon",Heuwinkelstrasse 3,Nänikon,8606,47.367395,8.68594,22.0,AC_3_PHASE,32,230,Type 2 Outlet,True,False,NFC RFID Classic
CH*CCI*E23021,MOVE - Parkhaus Sportzentrum Grindelwald,Dorfstrasse 110,Grindelwald,3818,46.622783,8.035302,22.0,AC_3_PHASE,32,230,Type 2 Outlet,True,False,NFC RFID Classic
CH*CCI*E21744,Oberlandstr. 78,Neugrütstrasse 14,Uster,8610,47.358672,8.730357,22.0,AC_3_PHASE,32,230,Type 2 Outlet,True,False,NFC RFID Classic
CH*CCI*E20897,SIG Sézegnin,Route du Creux-du-Loup 44,Sézegnin,1285,46.144767,6.007476,22.0,AC_3_PHASE,32,230,Type 2 Outlet,True,False,NFC RFID Classic
CH*CCI*E20413,Charging Station MOVE Mobility SA,Rue de Vigner 9,St. Blaise,2072,47.01354,6.98977,22.0,AC_3_PHASE,32,230,Type 2 Outlet,True,False,NFC RFID Classic
CH*CCI*E21743,Hôtel du Parc,Rue du Mont-Terri 11,Alle,2942,47.424589,7.121785,11.0,AC_3_PHASE,16,230,Type 2 Outlet,True,False,NFC RFID Classic
CH*CCI*E20896,SIG Athenaz Salle communale,Route d'Athenaz 35,Athenaz (Avusy),1285,46.155139,6.003511,22.0,AC_3_PHASE,32,230,Type 2 Outlet,True,False,NFC RFID Classic
CH*CCI*E20412,Charging Station MOVE Mobility SA,Rue de Vigner 9,St. Blaise,2072,47.01354,6.98977,22.0,AC_3_PHASE,32,230,Type 2 Outlet,True,False,NFC RFID Classic
CH*CCI*E21746,Gasthof Sonne Horriwil,Hauptstrasse 20,Horriwil,4557,47.181892,7.621694,22.0,AC_3_PHASE,32,230,Type 2 Outlet,True,False,NFC RFID Classic
CH*CCI*E22174,"Heuwinkelstrasse 3, 8606 Nänikon",Heuwinkelstrasse 3,Nänikon,8606,47.367395,8.68594,24.0,DC,60,400,CCS Combo 2 Plug (Cable Attached),True,False,NFC RFID Classic
CH*CCI*E22171,MOVE - Cortaillod Garage Lanthemann,Chemin des Echelles 1,Cortaillod,2016,46.94358,6.84119,50.0,DC,125,400,CHAdeMO,True,False,NFC RFID Classic
CH*CCI*E23019,MOVE - Hotel Egerkingen,Oltnerstrasse 22,Egerkingen,4622,47.321851,7.796933,50.0,DC,125,400,CCS Combo 2 Plug (Cable Attached),True,False,NFC RFID Classic
CH*CCI*E22166,MOVE - Marly Innovation Center parking Carolyn,Route Ancienne Papeterie 581,Marly,1723,46.777972,7.152278,50.0,DC,125,400,CHAdeMO,True,False,NFC RFID Classic
CH*CCI*E22167,MOVE - Aire autoroute Lavaux nord,Autoroute du Rhône,Bourg-en-Lavaux,1091,46.505273,6.710488,175.0,DC,438,400,CCS Combo 2 Plug (Cable Attached),True,False,NFC RFID Classic
CH*CCI*E22164,MOVE - Marly Innovation Center parking Carolyn,Route Ancienne Papeterie 581,Marly,1723,46.777972,7.152278,22.0,AC_3_PHASE,32,230,Type 2 Connector (Cable Attached),True,False,NFC RFID Classic
CH*CCI*E22165,MOVE - Marly Innovation Center parking Carolyn,Route Ancienne Papeterie 581,Marly,1723,46.777972,7.152278,50.0,DC,125,400,CCS Combo 2 Plug (Cable Attached),True,False,NFC RFID Classic
CH*CCI*E23017,Borne 1 Paradis-Plage,Allée du Port 8,Milvignes,2013,46.967082,6.870644,11.0,AC_3_PHASE,16,230,Type 2 Outlet,True,False,NFC RFID Classic
CH*CCI*E23018,Borne 2 Paradis-Plage,Allée du Port 8,Milvignes,2013,46.967082,6.870644,11.0,AC_3_PHASE,16,230,Type 2 Outlet,True,False,NFC RFID Classic
CH*CCI*E22168,MOVE - MOTOS Centre de L'Ile Boudry,Route du Vignoble 25,Areuse,2015,46.955179,6.847611,22.0,AC_3_PHASE,32,230,Type 2 Outlet,True,False,NFC RFID Classic
CH*CCI*E23016,MOVE - Hotel Egerkingen,Oltnerstrasse 22,Egerkingen,4622,47.321851,7.796933,50.0,DC,125,400,CCS Combo 2 Plug (Cable Attached),True,False,NFC RFID Classic
CH*CCI*E22169,MOVE - Cortaillod Garage Lanthemann,Chemin des Echelles 1,Cortaillod,2016,46.94358,6.84119,22.0,AC_3_PHASE,32,230,Type 2 Outlet,True,False,NFC RFID Classic
CH*CCI*E22162,MOVE - A1 Aire Bavois,Autoroute A1,Bavois,1372,46.674727,6.569302,224.0,DC,560,400,CCS Combo 2 Plug (Cable Attached),True,False,NFC RFID Classic
CH*SOC*E5109*2A,SOCAR Raststätte St. Katharina Süd 2,SOCAR Raststätte St. Katharina Süd,Inwil,6037,47.118701,8.375723,225.0,DC,563,400,CCS Combo 2 Plug (Cable Attached),True,False,NFC RFID Classic
CH*CCI*E22163,MOVE - A1 Aire Bavois,Autoroute A1,Bavois,1372,46.674727,6.569302,224.0,DC,560,400,CCS Combo 2 Plug (Cable Attached),True,False,NFC RFID Classic
CH*CCI*E22161,MOVE - A1 Aire Bavois,Autoroute A1,Bavois,1372,46.674727,6.569302,160.0,DC,400,400,CHAdeMO,True,False,NFC RFID Classic
CH*SOC*E5109*2B,SOCAR Raststätte St. Katharina Süd 2,SOCAR Raststätte St. Katharina Süd,Inwil,6037,47.118701,8.375723,225.0,DC,563,400,CCS Combo 2 Plug (Cable Attached),True,False,NFC RFID Classic
CH*CCI*E20811,SIG Avully Epeisses,Route d'Epeisses 31,Avully,1237,46.167612,5.991642,22.0,AC_3_PHASE,32,230,Type 2 Outlet,True,False,NFC RFID Classic
CH*CCI*E20812,SIG Avully Epeisses,Route d'Epeisses 31,Avully,1237,46.167612,5.991642,22.0,AC_3_PHASE,32,230,Type 2 Outlet,True,False,NFC RFID Classic
CH*CCI*E20815,ewb - Wankdorf Parkplatz - zugänglich 17:00 - 8:00,Papiermühlestrasse,Bern,3014,46.963821,7.466938,11.0,AC_3_PHASE,16,230,Type 2 Outlet,True,False,NFC RFID Classic
CH*CCI*E20806,SIG Franchises 34 Vieussieux,Route des Franchises 34,Genève,1203,46.213458,6.120519,22.0,AC_3_PHASE,32,230,Type 2 Outlet,True,False,NFC RFID Classic
CH*CCI*E20808,MOVE - Parkplatz Dulezi,Via Alpsu 68,Sedrun,7188,46.679034,8.77255,22.0,AC_3_PHASE,32,230,Type 2 Outlet,True,False,NFC RFID Classic
CH*CCI*E20807,MOVE - Parkplatz Dulezi,Via Alpsu 68,Sedrun,7188,46.679034,8.77255,22.0,AC_3_PHASE,32,230,Type 2 Outlet,True,False,NFC RFID Classic
CH*CCI*E20800,Regio Energie Solothurn - Mehrzweckhalle,Mehrzweckhalle Eyacker,Lüterkofen,4571,47.161669,7.508292,22.0,AC_3_PHASE,32,230,Type 2 Outlet,True,False,NFC RFID Classic
CH*CCI*E20802,Löwenplatz,Gasenzenstrasse 16,Gams,9473,47.205404,9.442111,22.0,AC_3_PHASE,32,230,Type 2 Outlet,True,False,NFC RFID Classic
CH*CCI*E20803,Löwenplatz,Gasenzenstrasse 16,Gams,9473,47.205404,9.442111,22.0,AC_3_PHASE,32,230,Type 2 Outlet,True,False,NFC RFID Classic
CH*CCI*E20847,SIG Lancy Parking Les Rambossons,Chemin des Rambossons 27,Grand-Lancy,1213,46.178288,6.123697,22.0,AC_3_PHASE,32,230,Type 2 Outlet,True,False,NFC RFID Classic
CH*CCI*E20840,SIG Versoix Colombières,Parking Colombières,Versoix,1290,46.280143,6.160972,22.0,AC_3_PHASE,32,230,Type 2 Outlet,True,False,NFC RFID Classic
CH*CCI*E20839,SIG Versoix Colombières,Parking Colombières,Versoix,1290,46.280143,6.160972,22.0,AC_3_PHASE,32,230,Type 2 Outlet,True,False,NFC RFID Classic
CH*CCI*E20838,SIG Versoix Bordier,Place Bordier,Versoix,1290,46.2849,6.16616,22.0,AC_3_PHASE,32,230,Type 2 Outlet,True,False,NFC RFID Classic
CH*CCC*E50147,MOVE - Gebenstorf Im Halt 2,Im Halt 2,Gebenstorf,5412,47.489416,8.245731,50.0,DC,125,400,CCS Combo 2 Plug (Cable Attached),True,False,NFC RFID Classic
CH*CCC*E50148,MOVE - Gebenstorf Im Halt 2,Im Halt 2,Gebenstorf,5412,47.489416,8.245731,50.0,DC,125,400,CHAdeMO,True,False,NFC RFID Classic
CH*CCC*E50149,MOVE - Aquatis Lausanne,Route de Berne 144,Lausanne,1010,46.540969,6.658346,22.0,AC_3_PHASE,32,230,Type 2 Outlet,True,False,NFC RFID Classic
CH*CCI*E20831,SIG Versoix Colombières,Parking Colombières,Versoix,1290,46.280143,6.160972,22.0,AC_3_PHASE,32,230,Type 2 Outlet,True,False,NFC RFID Classic
CH*CCI*E20830,MOVE - Ecuvillens,Route des Condémines 5,Ecuvillens,1730,46.7574,7.0865,22.0,AC_3_PHASE,32,230,Type 2 Outlet,True,False,NFC RFID Classic
CH*CCI*E20833,SIG Versoix Centre Sportif,Route de l'Etraz 201,Versoix,1290,46.295433,6.156189,22.0,AC_3_PHASE,32,230,Type 2 Outlet,True,False,NFC RFID Classic
CH*CCI*E20832,SIG Versoix Colombières,Parking Colombières,Versoix,1290,46.280143,6.160972,22.0,AC_3_PHASE,32,230,Type 2 Outlet,True,False,NFC RFID Classic
CH*CCI*E20835,SIG Versoix Centre Sportif,Route de l'Etraz 201,Versoix,1290,46.295433,6.156189,22.0,AC_3_PHASE,32,230,Type 2 Outlet,True,False,NFC RFID Classic
CH*CCI*E20834,SIG Versoix Centre Sportif,Route de l'Etraz 201,Versoix,1290,46.295433,6.156189,22.0,AC_3_PHASE,32,230,Type 2 Outlet,True,False,NFC RFID Classic
CH*CCI*E20837,SIG Versoix Bordier,Place Bordier,Versoix,1290,46.2849,6.16616,22.0,AC_3_PHASE,32,230,Type 2 Outlet,True,False,NFC RFID Classic
CH*CCI*E20836,SIG Versoix Centre Sportif,Route de l'Etraz 201,Versoix,1290,46.295433,6.156189,22.0,AC_3_PHASE,32,230,Type 2 Outlet,True,False,NFC RFID Classic
CH*CCI*E20828,MOVE - Starrkirch-Wil Gemeindeverwaltung,Untere Schulstrasse 28,Starrkirch-Wil,4656,47.348632,7.926806,11.0,AC_3_PHASE,16,230,Type 2 Outlet,True,False,NFC RFID Classic
CH*CCC*E50118,MOVE - EWB Bahnhofparking (3. OG),Parkterrasse 14,Bern,3012,46.949661,7.43813,11.0,AC_3_PHASE,16,230,Type 2 Outlet,True,False,NFC RFID Classic
CH*CCI*E20827,MOVE - Starrkirch-Wil Gemeindeverwaltung,Untere Schulstrasse 28,Starrkirch-Wil,4656,47.348632,7.926806,11.0,AC_3_PHASE,16,230,Type 2 Outlet,True,False,NFC RFID Classic
CH*CCI*E20829,MOVE - Ecuvillens,Route des Condémines 5,Ecuvillens,1730,46.7574,7.0865,22.0,AC_3_PHASE,32,230,Type 2 Outlet,True,False,NFC RFID Classic
CH*CCC*E50598,Riedplatz Churwalden,Hauptstrasse,Churwalden,7075,46.777904,9.544083,22.0,AC_3_PHASE,32,230,Type 2 Outlet,True,False,NFC RFID Classic
CH*CCC*E50599,Riedplatz Churwalden,Hauptstrasse,Churwalden,7075,46.777904,9.544083,22.0,AC_3_PHASE,32,230,Type 2 Outlet,True,False,NFC RFID Classic
CH*CCC*E50115,MOVE - EWB Bahnhofparking (3. OG),Parkterrasse 14,Bern,3012,46.949661,7.43813,11.0,AC_3_PHASE,16,230,Type 2 Outlet,True,False,NFC RFID Classic
CH*CCC*E50116,MOVE - EWB Bahnhofparking (3. OG),Parkterrasse 14,Bern,3012,46.949661,7.43813,11.0,AC_3_PHASE,16,230,Type 2 Outlet,True,False,NFC RFID Classic
CH*CCC*E50117,MOVE - EWB Bahnhofparking (3. OG),Parkterrasse 14,Bern,3012,46.949661,7.43813,11.0,AC_3_PHASE,16,230,Type 2 Outlet,True,False,NFC RFID Classic
CH*CCI*E20820,Sonnhalde - Gempen,Haglenweg 13,Gempen,4145,47.476177,7.664139,22.0,AC_3_PHASE,32,230,Type 2 Outlet,True,False,NFC RFID Classic
CH*CCC*E50132,MOVE - A1 Aire Bavois,Autoroute A1,Bavois,1372,46.674727,6.569302,150.0,DC,375,400,CCS Combo 2 Plug (Cable Attached),True,False,NFC RFID Classic
CH*CCC*E50134,MOVE - A1 Aire Bavois,Autoroute A1,Bavois,1372,46.674727,6.569302,150.0,DC,375,400,CHAdeMO,True,False,NFC RFID Classic
CH*CCI*E20826,Kurhaus Oberwaid,Rorschacher Strasse 311,St. Gallen,9016,47.45132,9.42016,11.0,AC_3_PHASE,16,230,Type 2 Outlet,True,False,NFC RFID Classic
CH*CCC*E50130,MOVE - A1 Aire Bavois,Autoroute A1,Bavois,1372,46.674727,6.569302,150.0,DC,375,400,CHAdeMO,True,False,NFC RFID Classic
CH*CCI*E20825,Kurhaus Oberwaid,Rorschacher Strasse 311,St. Gallen,9016,47.45132,9.42016,11.0,AC_3_PHASE,16,230,Type 2 Outlet,True,False,NFC RFID Classic
CH*SOC*E5592*4A,SOCAR Teufengraben,SOCAR Rastplatz Teufengraben,Hägendorf,4614,47.33317,7.821479,400.0,DC,1000,400,CCS Combo 2 Plug (Cable Attached),True,False,NFC RFID Classic
CH*SOC*E5592*4B,SOCAR Teufengraben,SOCAR Rastplatz Teufengraben,Hägendorf,4614,47.33317,7.821479,400.0,DC,1000,400,CCS Combo 2 Plug (Cable Attached),True,False,NFC RFID Classic
CH*CCI*E20817,ewb - Wankdorf Parkplatz - zugänglich 17:00 - 8:00,Papiermühlestrasse,Bern,3014,46.963821,7.466938,11.0,AC_3_PHASE,16,230,Type 2 Outlet,True,False,NFC RFID Classic
CH*CCC*E50129,MOVE - A1 Aire Bavois,Autoroute A1,Bavois,1372,46.674727,6.569302,150.0,DC,375,400,CCS Combo 2 Plug (Cable Attached),True,False,NFC RFID Classic
CH*CCI*E20816,ewb - Wankdorf Parkplatz - zugänglich 17:00 - 8:00,Papiermühlestrasse,Bern,3014,46.963821,7.466938,11.0,AC_3_PHASE,16,230,Type 2 Outlet,True,False,NFC RFID Classic
CH*CCI*E20819,MOVE - Gempen (Sonnenhalde),Haglenweg 13,Gempen,4145,47.476177,7.664139,22.0,AC_3_PHASE,32,230,Type 2 Outlet,True,False,NFC RFID Classic
CH*CCI*E20818,ewb - Wankdorf Parkplatz - zugänglich 17:00 - 8:00,Papiermühlestrasse,Bern,3014,46.963821,7.466938,11.0,AC_3_PHASE,16,230,Type 2 Outlet,True,False,NFC RFID Classic
CH*CCI*E20899,MOVE - Röm. Kath. Kirchgemeinde Allschwil,Baslerstrasse 49,Allschwil,4123,47.55261,7.53957,11.0,AC_3_PHASE,16,230,Type 2 Outlet,True,False,NFC RFID Classic
CH*CCI*E20415,Psychiatrische Dienste,Dürrbachstrasse 2,Langendorf,4513,47.218552,7.521976,22.0,AC_3_PHASE,32,230,Type 2 Outlet,True,False,NFC RFID Classic
CH*CCI*E21745,Oberlandstr. 78,Neugrütstrasse 14,Uster,8610,47.358672,8.730357,22.0,AC_3_PHASE,32,230,Type 2 Outlet,True,False,NFC RFID Classic
CH*CCI*E20898,SIG Sézegnin,Route du Creux-du-Loup 44,Sézegnin,1285,46.144767,6.007476,22.0,AC_3_PHASE,32,230,Type 2 Outlet,True,False,NFC RFID Classic
CH*CCI*E20414,Charging Station MOVE Mobility SA,Rue de Vigner 9,St. Blaise,2072,47.01354,6.98977,22.0,AC_3_PHASE,32,230,Type 2 Outlet,True,False,NFC RFID Classic
CH*CCI*E21748,Kurplatz Rorschach,Churerstrasse 4,Rorschach,9400,47.47849,9.5095,22.0,AC_3_PHASE,32,230,Type 2 Outlet,True,False,NFC RFID Classic
CH*CCC*E50183,MOVE - Trasfor Monteggio,Via Cantonale 11 23,Monteggio,6998,45.99097,8.816887,22.0,AC_3_PHASE,32,230,Type 2 Outlet,True,False,NFC RFID Classic
CH*CCI*E21747,Gasthof Sonne Horriwil,Hauptstrasse 20,Horriwil,4557,47.181892,7.621694,22.0,AC_3_PHASE,32,230,Type 2 Outlet,True,False,NFC RFID Classic
CH*CCI*E20416,Psychiatrische Dienste,Dürrbachstrasse 2,Langendorf,4513,47.218552,7.521976,22.0,AC_3_PHASE,32,230,Type 2 Outlet,True,False,NFC RFID Classic
CH*CCC*E50184,MOVE - Trasfor Monteggio,Via Cantonale 11 23,Monteggio,6998,45.99097,8.816887,50.0,DC,125,400,CHAdeMO,True,False,NFC RFID Classic
CH*CCI*E20419,MOVE - Allschwil Tulpenweg,Tulpenweg 3,Allschwil,4123,47.553755,7.554479,22.0,AC_3_PHASE,32,230,Type 2 Outlet,True,False,NFC RFID Classic
CH*CCC*E50185,MOVE - Trasfor Monteggio,Via Cantonale 11 23,Monteggio,6998,45.99097,8.816887,50.0,DC,125,400,CCS Combo 2 Plug (Cable Attached),True,False,NFC RFID Classic
CH*CCI*E21749,Kurplatz Rorschach,Churerstrasse 4,Rorschach,9400,47.47849,9.5095,22.0,AC_3_PHASE,32,230,Type 2 Outlet,True,False,NFC RFID Classic
CH*CCC*E50186,MOVE - Rastplatz Chilchbühl A2,Rastplatz Chilchbühl Autobahn A2,Sempach,6204,47.144187,8.184216,176.0,DC,440,400,CCS Combo 2 Plug (Cable Attached),True,False,NFC RFID Classic
CH*CCC*E50180,MOVE - Raststätte Glarnerland Nord,Tschachen 2,Niederurnen,8867,47.138261,9.050816,22.0,AC_3_PHASE,32,230,Type 2 Outlet,True,False,NFC RFID Classic
CH*CCI*E20891,MOVE - CHUV Crousaz 10,Av. de Crousaz 10,Lausanne,1010,46.540441,6.651517,22.0,AC_3_PHASE,32,230,Type 2 Outlet,True,False,NFC RFID Classic
CH*CCI*E20890,CKW Ladestation Pilatusmarkt Kriens,Ringstrasse 19,Kriens,6010,47.01743,8.30015,11.0,AC_3_PHASE,16,230,Type 2 Outlet,True,False,NFC RFID Classic
CH*CCI*E20893,SIG Genève Rue Dancet,Rue Dancet 21,Genève,1205,46.192828,6.142361,22.0,AC_3_PHASE,32,230,Type 2 Outlet,True,False,NFC RFID Classic
CH*CCI*E20892,MOVE - CHUV Crousaz 10,Av. de Crousaz 10,Lausanne,1010,46.540441,6.651517,22.0,AC_3_PHASE,32,230,Type 2 Outlet,True,False,NFC RFID Classic
CH*CCI*E21742,Hôtel du Parc,Rue du Mont-Terri 11,Alle,2942,47.424589,7.121785,11.0,AC_3_PHASE,16,230,Type 2 Outlet,True,False,NFC RFID Classic
CH*CCI*E20895,SIG Athenaz Salle communale,Route d'Athenaz 35,Athenaz (Avusy),1285,46.15514,6.003511,22.0,AC_3_PHASE,32,230,Type 2 Outlet,True,False,NFC RFID Classic
CH*CCI*E20411,MOVE - Grisigenstrasse 1,Grisigenstrasse 1,Horw,6048,47.015715,8.303117,11.0,AC_3_PHASE,16,230,Type 2 Outlet,True,False,NFC RFID Classic
CH*CCI*E20894,SIG Genève Rue Dancet,Rue Dancet 21,Genève,1205,46.192828,6.142361,22.0,AC_3_PHASE,32,230,Type 2 Outlet,True,False,NFC RFID Classic
CH*SOC*E5592*3B,SOCAR Teufengraben,SOCAR Rastplatz Teufengraben,Hägendorf,4614,47.33317,7.821479,75.0,DC,188,400,CHAdeMO,True,False,NFC RFID Classic
CH*SOC*E5592*3A,SOCAR Teufengraben,SOCAR Rastplatz Teufengraben,Hägendorf,4614,47.33317,7.821479,225.0,DC,563,400,CCS Combo 2 Plug (Cable Attached),True,False,NFC RFID Classic
CH*SOC*E5592*3C,SOCAR Teufengraben,SOCAR Rastplatz Teufengraben,Hägendorf,4614,47.33317,7.821479,225.0,DC,563,400,CCS Combo 2 Plug (Cable Attached),True,False,NFC RFID Classic
CH*CCI*E20409,Regio Energie Solothurn - Gemeindhaus,Schänzlistrasse 2,Selzach,2545,47.206648,7.452125,11.0,AC_3_PHASE,16,230,Type 2 Outlet,True,False,NFC RFID Classic
CH*SOC*E5105*1B,SOCAR Stäfa,"Stäfa, Seestrasse 1",Stäfa,8712,47.240833,8.714675,50.0,DC,125,400,CHAdeMO,True,False,NFC RFID Classic
CH*SOC*E5105*1A,SOCAR Stäfa,"Stäfa, Seestrasse 1",Stäfa,8712,47.240833,8.714675,75.0,DC,188,400,CCS Combo 2 Plug (Cable Attached),True,False,NFC RFID Classic
CH*SOC*E5105*1C,SOCAR Stäfa,"Stäfa, Seestrasse 1",Stäfa,8712,47.240833,8.714675,22.0,AC_3_PHASE,32,230,Type 2 Outlet,True,False,NFC RFID Classic
CH*CCI*E20886,CKW Ladestation Pilatusmarkt Kriens,Ringstrasse 19,Kriens,6010,47.01743,8.30015,11.0,AC_3_PHASE,16,230,Type 2 Outlet,True,False,NFC RFID Classic
CH*CCI*E20402,SIG Genève Parking Hôtel Mandarin,Quai Turrettini 1,Genève,1201,46.205696,6.140263,22.0,AC_3_PHASE,32,230,Type 2 Outlet,True,False,NFC RFID Classic
CH*CCC*E50198,MOVE - Raststätte Glarnerland Süd,Nideracher 1,Niederurnen,8867,47.137827,9.049753,22.0,AC_3_PHASE,32,230,Type 2 Outlet,True,False,NFC RFID Classic
CH*CCI*E20885,CKW Ladestation Pilatusmarkt Kriens,Ringstrasse 19,Kriens,6010,47.01743,8.30015,11.0,AC_3_PHASE,16,230,Type 2 Outlet,True,False,NFC RFID Classic
CH*CCI*E20401,SIG Genève Parking Hôtel Mandarin,Quai Turrettini 1,Genève,1201,46.205696,6.140263,22.0,AC_3_PHASE,32,230,Type 2 Outlet,True,False,NFC RFID Classic
CH*CCC*E50199,MOVE - Raststätte Glarnerland Süd,Nideracher 1,Niederurnen,8867,47.137827,9.049753,50.0,DC,125,400,CCS Combo 2 Plug (Cable Attached),True,False,NFC RFID Classic
CH*CCI*E20888,CKW Ladestation Pilatusmarkt Kriens,Ringstrasse 19,Kriens,6010,47.01743,8.30015,11.0,AC_3_PHASE,16,230,Type 2 Outlet,True,False,NFC RFID Classic
CH*CCI*E20404,SIG Genève Parking Hôtel Mandarin,Quai Turrettini 1,Genève,1201,46.205696,6.140263,22.0,AC_3_PHASE,32,230,Type 2 Outlet,True,False,NFC RFID Classic
CH*CCI*E20887,CKW Ladestation Pilatusmarkt Kriens,Ringstrasse 19,Kriens,6010,47.01743,8.30015,11.0,AC_3_PHASE,16,230,Type 2 Outlet,True,False,NFC RFID Classic
CH*CCI*E20403,SIG Genève Parking Hôtel Mandarin,Quai Turrettini 1,Genève,1201,46.205696,6.140263,22.0,AC_3_PHASE,32,230,Type 2 Outlet,True,False,NFC RFID Classic
CH*CCC*E50194,MOVE - Rastplatz Chilchbühl A2,Rastplatz Chilchbühl Autobahn A2,Sempach,6204,47.144187,8.184216,176.0,DC,440,400,CCS Combo 2 Plug (Cable Attached),True,False,NFC RFID Classic
CH*CCI*E20889,CKW Ladestation Pilatusmarkt Kriens,Ringstrasse 19,Kriens,6010,47.01743,8.30015,11.0,AC_3_PHASE,16,230,Type 2 Outlet,True,False,NFC RFID Classic
CH*CCI*E20408,Regio Energie Solothurn - Gemeindhaus,Schänzlistrasse 2,Selzach,2545,47.206648,7.452125,11.0,AC_3_PHASE,16,230,Type 2 Outlet,True,False,NFC RFID Classic
CH*CCC*E50196,MOVE - Rastplatz Inseli A2,Rastplatz Inseli Autobahn A2,Eich,6205,47.155836,8.15718,176.0,DC,440,400,CCS Combo 2 Plug (Cable Attached),True,False,NFC RFID Classic
CH*CCC*E50192,MOVE - Rastplatz Inseli A2,Rastplatz Inseli Autobahn A2,Eich,6205,47.155836,8.15718,176.0,DC,440,400,CCS Combo 2 Plug (Cable Attached),True,False,NFC RFID Classic
CH*CCI*E20882,CKW Ladestation Pilatusmarkt Kriens,Ringstrasse 19,Kriens,6010,47.01743,8.30015,11.0,AC_3_PHASE,16,230,Type 2 Outlet,True,False,NFC RFID Classic
CH*CCI*E20881,CKW Ladestation Pilatusmarkt Kriens,Ringstrasse 19,Kriens,6010,47.01743,8.30015,11.0,AC_3_PHASE,16,230,Type 2 Outlet,True,False,NFC RFID Classic
CH*CCI*E20884,CKW Ladestation Pilatusmarkt Kriens,Ringstrasse 19,Kriens,6010,47.01743,8.30015,11.0,AC_3_PHASE,16,230,Type 2 Outlet,True,False,NFC RFID Classic
CH*CCI*E20400,MOVE -  Noiraigue,Rue de l'Areuse,Noiraigue,2103,46.953742,6.724183,22.0,AC_3_PHASE,32,230,Type 2 Outlet,True,False,NFC RFID Classic
CH*CCC*EBS*3280*3,MOVE - Industrielle Betriebe Murten,Irisweg 10,Murten,3280,46.922495,7.113134,50.0,DC,125,400,CCS Combo 2 Plug (Cable Attached),True,False,NFC RFID Classic
CH*CCI*E21730,Parking de la Couronne,Le Boulevard 5,Yvorne,1853,46.329315,6.961825,22.0,DC,55,400,CCS Combo 2 Plug (Cable Attached),True,False,NFC RFID Classic
CH*SOC*E5592*2A,SOCAR Teufengraben,SOCAR Rastplatz Teufengraben,Hägendorf,4614,47.33317,7.821479,150.0,DC,375,400,CCS Combo 2 Plug (Cable Attached),True,False,NFC RFID Classic
CH*SOC*E5592*2C,SOCAR Teufengraben,SOCAR Rastplatz Teufengraben,Hägendorf,4614,47.33317,7.821479,150.0,DC,375,400,CCS Combo 2 Plug (Cable Attached),True,False,NFC RFID Classic
CH*SOC*E5592*2B,SOCAR Teufengraben,SOCAR Rastplatz Teufengraben,Hägendorf,4614,47.33317,7.821479,75.0,DC,188,400,CHAdeMO,True,False,NFC RFID Classic
CH*SOC*E5592*2D,SOCAR Teufengraben,SOCAR Rastplatz Teufengraben,Hägendorf,4614,47.33317,7.821479,22.0,AC_3_PHASE,32,230,Type 2 Outlet,True,False,NFC RFID Classic
CH*CCI*E21729,Restaurant/ Hotel Florida,Grienweg 14,Studen (BE),2557,47.114159,7.316786,22.0,AC_3_PHASE,32,230,Type 2 Outlet,True,False,NFC RFID Classic
CH*CCC*E50538,SIG Confignon Edouard Vallet,Rue Edouard-Vallet,Confignon,1232,46.182028,6.089896,22.0,AC_3_PHASE,32,230,Type 2 Outlet,True,False,NFC RFID Classic
CH*CCC*E50539,SIG Balexert Parking P2,Avenue Louis-Casaï 27,Vernier,1214,46.218466,6.112292,22.0,AC_3_PHASE,32,230,Type 2 Outlet,True,False,NFC RFID Classic
CH*CCC*E50532,SIG Step d'Aïre Employés,Chemin de la Verseuse 17,Aïre,1219,50.0,-15.0,22.0,AC_3_PHASE,32,230,Type 2 Outlet,True,False,NFC RFID Classic
CH*CCC*E50533,SIG Step d'Aïre Employés,Chemin de la Verseuse 17,Aïre,1219,50.0,-15.0,22.0,AC_3_PHASE,32,230,Type 2 Outlet,True,False,NFC RFID Classic
CH*CCC*E50534,SIG Step d'Aïre Employés,Chemin de la Verseuse 17,Aïre,1219,50.0,-15.0,22.0,AC_3_PHASE,32,230,Type 2 Outlet,True,False,NFC RFID Classic
CH*CCC*E50535,SIG Troinex Centre Sportif,Chemin du Claiset 24,Troinex,1256,46.163235,6.144644,22.0,AC_3_PHASE,32,230,Type 2 Outlet,True,False,NFC RFID Classic
CH*CCI*E22988,MOVE - Aire de repos Les Muèses (Links),Aire de repos Les Mueses,Hauterive,1725,46.773264,7.09317,150.0,DC,375,400,CCS Combo 2 Plug (Cable Attached),True,False,NFC RFID Classic
CH*SOC*E5126*1A,SOCAR Kölliken,SOCAR Raststätte Kölliken,Kölliken,5742,47.330132,8.029941,400.0,DC,1000,400,CCS Combo 2 Plug (Cable Attached),True,False,NFC RFID Classic
CH*CCI*E21656,MOVE - Aire d'autoroute la Côte Lac A1,Aire d'autoroute la Côte Lac A1,Bursins,1183,46.445,6.2979,225.0,DC,563,400,CCS Combo 2 Plug (Cable Attached),True,False,NFC RFID Classic
CH*CCI*E22504,Technische Betriebe Grabs,Lindenweg 2,Grabs,9472,47.182523,9.444981,22.0,AC_3_PHASE,32,230,Type 2 Outlet,True,False,NFC RFID Classic
CH*CCI*E20325,MOVE - Tissot Arena,Boulevard des Sports 18,Biel,2504,47.156015,7.282329,24.0,DC,60,400,CCS Combo 2 Plug (Cable Attached),True,False,NFC RFID Classic
CH*CCI*E22989,MOVE - Aire de repos Les Muèses (Links),Aire de repos Les Mueses,Hauterive,1725,46.773264,7.09317,150.0,DC,375,400,CCS Combo 2 Plug (Cable Attached),True,False,NFC RFID Classic
CH*CCI*E21655,MOVE - Corcelles-Cormondrèche Rue de la croix 4,Rue de la croix 4,Corcelles-Cormondrèche,2035,46.983778,6.875136,22.0,AC_3_PHASE,32,230,Type 2 Outlet,True,False,NFC RFID Classic
CH*CCI*E22505,Technische Betriebe Grabs,Lindenweg 2,Grabs,9472,47.182523,9.444981,50.0,DC,125,400,CHAdeMO,True,False,NFC RFID Classic
CH*CCI*E22502,Bürgerspital - Parkplatz West,Schöngrünstrasse 38,Solothurn,4500,47.199006,7.53682,22.0,AC_3_PHASE,32,230,Type 2 Outlet,True,False,NFC RFID Classic
CH*CCI*E22986,Move - Peggy Energy,Route des Vernettes 2,Saint-Aubin (FR),1566,46.882826,6.988823,50.0,DC,125,400,CCS Combo 2 Plug (Cable Attached),True,False,NFC RFID Classic
CH*CCI*E21658,MOVE - CentreEx Groupe E,Le Sécheron 1,Boudevilliers,2043,47.031666,6.870033,200.0,DC,500,400,CCS Combo 2 Plug (Cable Attached),True,False,NFC RFID Classic
CH*CCI*E22503,Bürgerspital - Parkplatz West,Schöngrünstrasse 38,Solothurn,4500,47.199006,7.53682,22.0,AC_3_PHASE,32,230,Type 2 Outlet,True,False,NFC RFID Classic
CH*CCI*E22987,Move - Peggy Energy,Route des Vernettes 2,Saint-Aubin (FR),1566,46.882826,6.988823,50.0,DC,125,400,CCS Combo 2 Plug (Cable Attached),True,False,NFC RFID Classic
CH*SOC*E5126*1B,SOCAR Kölliken,SOCAR Raststätte Kölliken,Kölliken,5742,47.330132,8.029941,400.0,DC,1000,400,CCS Combo 2 Plug (Cable Attached),True,False,NFC RFID Classic
CH*CCI*E21657,Borne 1 Forgerons 20,Forgerons 20,Savagnier,2065,47.047492,6.953939,22.0,AC_3_PHASE,32,230,Type 2 Outlet,True,False,NFC RFID Classic
CH*CCI*E20326,MOVE - Tissot Arena,Boulevard des Sports 18,Biel,2504,47.156015,7.282329,24.0,DC,60,400,CCS Combo 2 Plug (Cable Attached),True,False,NFC RFID Classic
CH*CCI*E22508,BEKB - Liebefeld Aussen Technik 1,Schwarzenburgstrasse 160,Liebefeld,3097,46.93114,7.41979,22.0,AC_3_PHASE,32,230,Type 2 Outlet,True,False,NFC RFID Classic
CH*CCI*E22509,BEKB - Liebefeld Aussen Technik 2,Schwarzenburgstrasse 160,Liebefeld,3097,46.93114,7.41979,22.0,AC_3_PHASE,32,230,Type 2 Outlet,True,False,NFC RFID Classic
CH*CCI*E20328,MOVE - Tissot Arena,Boulevard des Sports 18,Biel,2504,47.156015,7.282329,24.0,DC,60,400,CCS Combo 2 Plug (Cable Attached),True,False,NFC RFID Classic
CH*CCI*E22506,Technische Betriebe Grabs,Lindenweg 2,Grabs,9472,47.182523,9.444981,50.0,DC,125,400,CCS Combo 2 Plug (Cable Attached),True,False,NFC RFID Classic
CH*CCI*E22507,CKW Ladestation Pilatusmarkt Kriens,Ringstrasse 19,Kriens,6010,47.01743,8.30015,11.0,AC_3_PHASE,16,230,Type 2 Outlet,True,False,NFC RFID Classic
CH*CCI*E21650,Camping Schiffenen,Schiffenen 15,Düdingen,3186,46.879514,7.192632,22.0,AC_3_PHASE,32,230,Type 2 Outlet,True,False,NFC RFID Classic
CH*CCI*E22500,Bürgerspital - Parkplatz West,Schöngrünstrasse 38,Solothurn,4500,47.199006,7.53682,22.0,AC_3_PHASE,32,230,Type 2 Outlet,True,False,NFC RFID Classic
CH*SOC*E5596*3B,SOCAR Stegen,SOCAR Rastplatz Stegen,Wiesendangen,8543,47.530691,8.852214,400.0,DC,1000,400,CCS Combo 2 Plug (Cable Attached),True,False,NFC RFID Classic
CH*CCI*E21652,Borne visiteur Place 4,Le Sécheron 1,Val-de-Ruz,2043,47.032123,6.87079,11.0,AC_3_PHASE,16,230,Type 2 Outlet,True,False,NFC RFID Classic
CH*CCI*E20321,MOVE - Muttenz Rennbahnklinik,Kriegackerstrasse 100,Muttenz,4132,47.535342,7.634217,22.0,AC_3_PHASE,32,230,Type 2 Outlet,True,False,NFC RFID Classic
CH*CCI*E22501,Bürgerspital - Parkplatz West,Schöngrünstrasse 38,Solothurn,4500,47.199006,7.53682,22.0,AC_3_PHASE,32,230,Type 2 Outlet,True,False,NFC RFID Classic
CH*SOC*E5596*3A,SOCAR Stegen,SOCAR Rastplatz Stegen,Wiesendangen,8543,47.530691,8.852214,400.0,DC,1000,400,CCS Combo 2 Plug (Cable Attached),True,False,NFC RFID Classic
CH*CCI*E22985,Borne 1 en façade Nord,Rue Charles-L'Eplattenier 1,Les Geneveys-sur-Coffrane,2206,47.01729,6.852839,22.0,AC_3_PHASE,32,230,Type 2 Outlet,True,False,NFC RFID Classic
CH*CCI*E21654,MOVE - Corcelles-Cormondrèche Rue de la croix 4,Rue de la croix 4,Corcelles-Cormondrèche,2035,46.983778,6.875136,22.0,AC_3_PHASE,32,230,Type 2 Outlet,True,False,NFC RFID Classic
CH*CCI*E21653,Borne visiteur Place 3,Le Sécheron 1,Val-de-Ruz,2043,47.032123,6.87079,11.0,AC_3_PHASE,16,230,Type 2 Outlet,True,False,NFC RFID Classic
CH*CCI*E20875,MOVE - Schenkon Zellgut 8,Zellgut 8,Schenkon,6214,47.177573,8.123571,22.0,AC_3_PHASE,32,230,Type 2 Outlet,True,False,NFC RFID Classic
CH*CCC*E50165,MOVE - Laufen,Naustrasse,Laufen,4242,47.420908,7.503054,50.0,DC,125,400,CCS Combo 2 Plug (Cable Attached),True,False,NFC RFID Classic
CH*CCI*E20874,MOVE - parking communal Puidoux,Rte du Village 38,Puidoux,1070,46.501352,6.78355,11.0,AC_3_PHASE,16,230,Type 2 Outlet,True,False,NFC RFID Classic
CH*CCC*E50166,MOVE - Laufen,Naustrasse,Laufen,4242,47.420908,7.503054,50.0,DC,125,400,CHAdeMO,True,False,NFC RFID Classic
CH*CCI*E20877,MOVE - Aesch Löhrenacker,Löhrenacker,Aesch,4147,47.47303,7.5853,11.0,AC_3_PHASE,16,230,Type 2 Outlet,True,False,NFC RFID Classic
CH*CCI*E20876,MOVE - Schenkon Zellgut 8,Zellgut 8,Schenkon,6214,47.177573,8.123571,22.0,AC_3_PHASE,32,230,Type 2 Outlet,True,False,NFC RFID Classic
CH*CCI*E21728,Restaurant/ Hotel Florida,Grienweg 14,Studen (BE),2557,47.114159,7.316786,22.0,AC_3_PHASE,32,230,Type 2 Outlet,True,False,NFC RFID Classic
CH*CCC*E50163,MOVE - Arni Harley Davidson Hessigkofen,Hauptstrasse 18,Hessigkofen,4577,47.142699,7.469025,24.0,DC,60,400,CCS Combo 2 Plug (Cable Attached),True,False,NFC RFID Classic
CH*CCC*E50164,MOVE - Laufen,Naustrasse,Laufen,4242,47.420908,7.503054,22.0,AC_3_PHASE,32,230,Type 2 Outlet,True,False,NFC RFID Classic
CH*CCI*E20871,MOVE - Pationoire Les Paccots,Rte des Dailles 19-15,Châtel-Saint-Denis,1619,46.52171,6.949929,22.0,AC_3_PHASE,32,230,Type 2 Outlet,True,False,NFC RFID Classic
CH*CCI*E20873,MOVE - parking communal Puidoux,Rte du Village 38,Puidoux,1070,46.501349,6.783545,22.0,AC_3_PHASE,32,230,Type 2 Outlet,True,False,NFC RFID Classic
CH*CCI*E20872,MOVE - Pationoire Les Paccots,Rte des Dailles 19-15,Châtel-Saint-Denis,1619,46.52171,6.949929,22.0,AC_3_PHASE,32,230,Type 2 Outlet,True,False,NFC RFID Classic
CH*CCC*EBS*3280*1,MOVE - Industrielle Betriebe Murten,Irisweg 10,Murten,3280,46.922495,7.113134,22.0,AC_3_PHASE,32,230,Type 2 Outlet,True,False,NFC RFID Classic
CH*CCC*EBS*3280*2,MOVE - Industrielle Betriebe Murten,Irisweg 10,Murten,3280,46.922495,7.113134,50.0,DC,125,400,CHAdeMO,True,False,NFC RFID Classic
CH*SOC*E5592*1B,SOCAR Teufengraben,SOCAR Rastplatz Teufengraben,Hägendorf,4614,47.33317,7.821479,300.0,DC,750,400,CCS Combo 2 Plug (Cable Attached),True,False,NFC RFID Classic
CH*SOC*E5592*1A,SOCAR Teufengraben,SOCAR Rastplatz Teufengraben,Hägendorf,4614,47.33317,7.821479,300.0,DC,750,400,CCS Combo 2 Plug (Cable Attached),True,False,NFC RFID Classic
CH*CCC*E50158,MOVE - Garage Zwahlen Lyss,Bielstrasse 98,Lyss,3250,47.081947,7.296926,50.0,DC,125,400,CCS Combo 2 Plug (Cable Attached),True,False,NFC RFID Classic
CH*CCC*E50159,MOVE - Garage Zwahlen Lyss,Bielstrasse 98,Lyss,3250,47.081947,7.296926,50.0,DC,125,400,CHAdeMO,True,False,NFC RFID Classic
CH*CCI*E20864,Hotel Belvedere Scuol,Stradun 330,Scuol,7550,46.79726,10.29904,22.0,AC_3_PHASE,32,230,Type 2 Outlet,True,False,NFC RFID Classic
CH*CCI*E20863,Hotel Belvedere Scuol,Stradun 330,Scuol,7550,46.79726,10.29904,22.0,AC_3_PHASE,32,230,Type 2 Outlet,True,False,NFC RFID Classic
CH*CCI*E20866,ELI10 - Cort'Agora,Route de Boudry,Cortaillod,2016,46.944279,6.843812,22.0,AC_3_PHASE,32,230,Type 2 Outlet,True,False,NFC RFID Classic
CH*CCI*E21713,MOVE - Aire de repos Les Îles,Aire de repos Les Îles,Sion,1950,46.213233,7.317259,225.0,DC,563,400,CCS Combo 2 Plug (Cable Attached),True,False,NFC RFID Classic
CH*CCI*E20865,ELI10 - Cort'Agora,Route de Boudry,Cortaillod,2016,46.944279,6.843812,22.0,AC_3_PHASE,32,230,Type 2 Outlet,True,False,NFC RFID Classic
CH*CCI*E21712,MOVE - Aire de repos Les Îles,Aire de repos Les Îles,Sion,1950,46.213233,7.317259,225.0,DC,563,400,CCS Combo 2 Plug (Cable Attached),True,False,NFC RFID Classic
CH*CCI*E20868,Move - Polytype,Route de la Glâne 26,Fribourg,1700,46.79267,7.143967,22.0,AC_3_PHASE,32,230,Type 2 Outlet,True,False,NFC RFID Classic
CH*CCI*E21715,MOVE - Aire de repos Les Îles,Aire de repos Les Îles,Sion,1950,46.213233,7.317259,100.0,DC,250,400,CHAdeMO,True,False,NFC RFID Classic
CH*CCI*E20867,Move - Polytype,Route de la Glâne 26,Fribourg,1700,46.79267,7.143967,22.0,AC_3_PHASE,32,230,Type 2 Outlet,True,False,NFC RFID Classic
CH*CCI*E21714,MOVE - Aire de repos Les Îles,Aire de repos Les Îles,Sion,1950,46.213233,7.317259,225.0,DC,563,400,CCS Combo 2 Plug (Cable Attached),True,False,NFC RFID Classic
CH*CCI*E21716,MOVE - Aire de repos Les Îles,Aire de repos Les Îles,Sion,1950,46.213233,7.317259,225.0,DC,563,400,CCS Combo 2 Plug (Cable Attached),True,False,NFC RFID Classic
CH*CCC*E50175,MOVE - Lenk Oberriedstrasse 17,Oberriedstrasse 17,Lenk,3775,46.454518,7.444273,24.0,DC,60,400,CCS Combo 2 Plug (Cable Attached),True,False,NFC RFID Classic
CH*CCI*E20862,MOVE - Sumiswald Grünenstrasse 10,Grünenstrasse 10,Sumiswald,3455,47.025145,7.741078,22.0,AC_3_PHASE,32,230,Type 2 Outlet,True,False,NFC RFID Classic
CH*CCI*E20861,MOVE - Gemeindehaus Wittenbach,Dottenwilerstrasse 2,Wittenbach,9300,47.46394,9.38518,22.0,AC_3_PHASE,32,230,Type 2 Outlet,True,False,NFC RFID Classic
CH*SOC*E5126*2B,SOCAR Kölliken Nord,SOCAR Raststätte Kölliken,Kölliken,5742,47.330132,8.029941,200.0,DC,500,400,CCS Combo 2 Plug (Cable Attached),True,False,NFC RFID Classic
CH*CCI*E21667,Alparthotel Relais D'or,chemin du verger 5,Collombey-Muraz,1868,46.266461,6.948144,22.0,AC_3_PHASE,32,230,Type 2 Connector (Cable Attached),True,False,NFC RFID Classic
CH*SOC*E5126*2A,SOCAR Kölliken Nord,SOCAR Raststätte Kölliken,Kölliken,5742,47.330132,8.029941,200.0,DC,500,400,CCS Combo 2 Plug (Cable Attached),True,False,NFC RFID Classic
CH*CCI*E21666,Alparthotel Relais D'or,chemin du verger 5,Collombey-Muraz,1868,46.266461,6.948144,22.0,AC_3_PHASE,32,230,Type 2 Connector (Cable Attached),True,False,NFC RFID Classic
CH*CCC*E50540,SIG Balexert Parking P2,Avenue Louis-Casaï 27,Vernier,1214,46.218466,6.112292,22.0,AC_3_PHASE,32,230,Type 2 Outlet,True,False,NFC RFID Classic
CH*CCI*E20789,MOVE - Parkplatz Drun,Via Alpsu 69,Sedrun,7188,46.680293,8.774234,22.0,AC_3_PHASE,32,230,Type 2 Outlet,True,False,NFC RFID Classic
CH*CCI*E22965,MOVE - Neuenkirch West,Autobahnraststätte West 1,Rothenburg,6023,47.110673,8.233973,22.0,AC_3_PHASE,32,230,Type 2 Connector (Cable Attached),True,False,NFC RFID Classic
CH*CCI*E21635,MOVE - Electrobroc,Route du Lac 1,Broc,1636,46.60967,7.109007,11.0,AC_3_PHASE,16,230,Type 2 Outlet,True,False,NFC RFID Classic
CH*CCC*E50531,SIG Step d'Aïre Employés,Chemin de la Verseuse 17,Aïre,1219,50.0,-15.0,22.0,AC_3_PHASE,32,230,Type 2 Outlet,True,False,NFC RFID Classic
CH*CCI*E20788,MOVE - Gemeindeverwaltung Dulliken,Alte Landstrasse 3,Dulliken,4657,47.349688,7.944326,22.0,AC_3_PHASE,32,230,Type 2 Outlet,True,False,NFC RFID Classic
CH*CCI*E20304,Charging Station MOVE Mobility SA,Route de Berne 6,Avenches,1580,46.88319,7.045747,11.0,AC_3_PHASE,16,230,Type 2 Outlet,True,False,NFC RFID Classic
CH*SOC*E5126*3A,SOCAR Kölliken Nord,SOCAR Raststätte Kölliken,Kölliken,5742,47.330132,8.029941,200.0,DC,500,400,CCS Combo 2 Plug (Cable Attached),True,False,NFC RFID Classic
CH*CCI*E22968,MOVE - Fribourg Passage du Cardinal 1,Passage du Cardinal 1,Fribourg,1700,46.798101,7.147405,11.0,AC_3_PHASE,16,230,Type 2 Outlet,True,False,NFC RFID Classic
CH*CCI*E20781,BEKB Liebefeld,Kohlenweg,Liebefeld,3097,46.93144,7.42002,22.0,AC_3_PHASE,32,230,Type 2 Outlet,True,False,NFC RFID Classic
CH*CCI*E20335,MOVE - Däniken Erlimatt,Erlimattstrasse 17,Däniken,4658,47.353119,7.980177,22.0,AC_3_PHASE,32,230,Type 2 Outlet,True,False,NFC RFID Classic
CH*CCI*E21669,Cisma,Rte de la Sablière 1,Matran,1753,46.782161,7.096423,11.0,AC_3_PHASE,16,230,Type 2 Outlet,True,False,NFC RFID Classic
CH*CCI*E21668,Cisma,Rte de la Sablière 1,Matran,1753,46.782161,7.096423,11.0,AC_3_PHASE,16,230,Type 2 Outlet,True,False,NFC RFID Classic
CH*CCI*E22991,MOVE  - Aire de repos les Muèses (Rechts),Aire de repos Les Mueses,Hauterive,1725,46.773264,7.09317,150.0,DC,375,400,CCS Combo 2 Plug (Cable Attached),True,False,NFC RFID Classic
CH*CCI*E22992,MOVE - Aire de repos La Tuffière,Aire de repos La Tuffière,Hauterive,1730,46.754026,7.090834,150.0,DC,375,400,CCS Combo 2 Plug (Cable Attached),True,False,NFC RFID Classic
CH*CCI*E21661,MOVE - CentreEx Groupe E,Le Sécheron 1,Boudevilliers,2043,47.031666,6.870033,200.0,DC,500,400,CCS Combo 2 Plug (Cable Attached),True,False,NFC RFID Classic
CH*CCI*E20330,BEKB - BCBE Liebefeld,Schwarzenburgstrasse 160,Liebefeld,3097,46.93114,7.41979,22.0,AC_3_PHASE,32,230,Type 2 Outlet,True,False,NFC RFID Classic
CH*CCI*E22990,MOVE  - Aire de repos les Muèses (Rechts),Aire de repos Les Mueses,Hauterive,1725,46.773264,7.09317,150.0,DC,375,400,CCS Combo 2 Plug (Cable Attached),True,False,NFC RFID Classic
CH*CCI*E21660,MOVE - Aire d'autoroute la Côte Lac A1,Aire d'autoroute la Côte Lac A1,Bursins,1183,46.445,6.2979,225.0,DC,563,400,CCS Combo 2 Plug (Cable Attached),True,False,NFC RFID Classic
CH*CCI*E22995,MOVE - Aire de repos La Tuffière (Rechts),Aire de repos La Tuffière,Hauterive,1730,46.754026,7.090834,150.0,DC,375,400,CCS Combo 2 Plug (Cable Attached),True,False,NFC RFID Classic
CH*CCI*E21663,MOVE - SkyAccess AG Bechburgerstrasse 21,Bechburgerstrasse 21,Balsthal,4710,47.31031,7.69418,22.0,AC_3_PHASE,32,230,Type 2 Outlet,True,False,NFC RFID Classic
CH*CCI*E20332,Bürgerspital - Parkhaus,Schöngrünstrasse 42,Solothurn,4500,47.198804,7.541184,22.0,AC_3_PHASE,32,230,Type 2 Outlet,True,False,NFC RFID Classic
CH*SOC*E5596*4B,SOCAR Stegen,SOCAR Rastplatz Stegen,Wiesendangen,8543,47.530691,8.852214,400.0,DC,1000,400,CCS Combo 2 Plug (Cable Attached),True,False,NFC RFID Classic
CH*CCI*E21662,MOVE - SkyAccess AG Bechburgerstrasse 21,Bechburgerstrasse 21,Balsthal,4710,47.31031,7.69418,22.0,AC_3_PHASE,32,230,Type 2 Outlet,True,False,NFC RFID Classic
CH*CCI*E20331,BEKB - BCBE Liebefeld,Schwarzenburgstrasse 160,Liebefeld,3097,46.93114,7.41979,22.0,AC_3_PHASE,32,230,Type 2 Outlet,True,False,NFC RFID Classic
CH*SOC*E5596*4A,SOCAR Stegen,SOCAR Rastplatz Stegen,Wiesendangen,8543,47.530691,8.852214,400.0,DC,1000,400,CCS Combo 2 Plug (Cable Attached),True,False,NFC RFID Classic
CH*CCI*E22993,MOVE - Aire de repos La Tuffière,Aire de repos La Tuffière,Hauterive,1730,46.754026,7.090834,150.0,DC,375,400,CCS Combo 2 Plug (Cable Attached),True,False,NFC RFID Classic
CH*CCI*E21665,MOVE - Bahnhofstr. Kerzers,Bahnhofstrasse,Kerzers,3210,46.975127,7.193889,22.0,AC_3_PHASE,32,230,Type 2 Outlet,True,False,NFC RFID Classic
CH*CCI*E20334,MOVE - Däniken Erlimatt,Erlimattstrasse 17,Däniken,4658,47.353119,7.980177,22.0,AC_3_PHASE,32,230,Type 2 Outlet,True,False,NFC RFID Classic
CH*CCI*E22994,MOVE - Aire de repos La Tuffière (Rechts),Aire de repos La Tuffière,Hauterive,1730,46.754026,7.090834,150.0,DC,375,400,CCS Combo 2 Plug (Cable Attached),True,False,NFC RFID Classic
CH*CCI*E21664,MOVE - Bahnhofstr. Kerzers,Bahnhofstrasse,Kerzers,3210,46.975127,7.193889,22.0,AC_3_PHASE,32,230,Type 2 Outlet,True,False,NFC RFID Classic
CH*CCI*E20333,Bürgerspital - Parkhaus,Schöngrünstrasse 42,Solothurn,4500,47.198804,7.541184,22.0,AC_3_PHASE,32,230,Type 2 Outlet,True,False,NFC RFID Classic
CH*SOC*E5138*1A,SOCAR Hohlstrasse,"Hohlstrasse, Hohlstrasse 544",Zürich,8048,47.39044,8.491181,150.0,DC,375,400,CCS Combo 2 Plug (Cable Attached),True,False,NFC RFID Classic
CH*SOC*E5138*1B,SOCAR Hohlstrasse,"Hohlstrasse, Hohlstrasse 544",Zürich,8048,47.39044,8.491181,150.0,DC,375,400,CCS Combo 2 Plug (Cable Attached),True,False,NFC RFID Classic
CH*CCC*E50536,SIG Troinex Centre Sportif,Chemin du Claiset 24,Troinex,1256,46.163235,6.144644,22.0,AC_3_PHASE,32,230,Type 2 Outlet,True,False,NFC RFID Classic
CH*CCC*E50537,SIG Confignon Edouard Vallet,Rue Edouard-Vallet,Confignon,1232,46.182028,6.089896,22.0,AC_3_PHASE,32,230,Type 2 Outlet,True,False,NFC RFID Classic
CH*CCI*E20322,MOVE - Muttenz Rennbahnklinik,Kriegackerstrasse 100,Muttenz,4132,47.535342,7.634217,22.0,AC_3_PHASE,32,230,Type 2 Outlet,True,False,NFC RFID Classic
CH*SOC*E5596*2C,SOCAR Stegen,SOCAR Rastplatz Stegen,Wiesendangen,8543,47.530691,8.852214,225.0,DC,563,400,CCS Combo 2 Plug (Cable Attached),True,False,NFC RFID Classic
CH*SOC*E5596*2B,SOCAR Stegen,SOCAR Rastplatz Stegen,Wiesendangen,8543,47.530691,8.852214,75.0,DC,188,400,CHAdeMO,True,False,NFC RFID Classic
CH*CCI*E21647,Camping Schiffenen,Schiffenen 15,Düdingen,3186,46.879514,7.192632,22.0,AC_3_PHASE,32,230,Type 2 Outlet,True,False,NFC RFID Classic
CH*CCC*E50520,SIG Etang Parking Atmospère,Avenue de l'Etang 65,Le Lignon,1219,46.21947,6.10257,22.0,AC_3_PHASE,32,230,Type 2 Outlet,True,False,NFC RFID Classic
CH*CCI*E20799,Regio Energie Solothurn - Mehrzweckhalle,Mehrzweckhalle Eyacker,Lüterkofen,4571,47.161669,7.508292,22.0,AC_3_PHASE,32,230,Type 2 Outlet,True,False,NFC RFID Classic
CH*CCI*E21649,Camping Schiffenen,Schiffenen 15,Düdingen,3186,46.879514,7.192632,22.0,AC_3_PHASE,32,230,Type 2 Outlet,True,False,NFC RFID Classic
CH*CCI*E21648,Camping Schiffenen,Schiffenen 15,Düdingen,3186,46.879514,7.192632,22.0,AC_3_PHASE,32,230,Type 2 Outlet,True,False,NFC RFID Classic
CH*SOC*E5126*4B,SOCAR Kölliken Nord,SOCAR Raststätte Kölliken,Kölliken,5742,47.330132,8.029941,200.0,DC,500,400,CCS Combo 2 Plug (Cable Attached),True,False,NFC RFID Classic
CH*SOC*E5126*4A,SOCAR Kölliken Nord,SOCAR Raststätte Kölliken,Kölliken,5742,47.330132,8.029941,200.0,DC,500,400,CCS Combo 2 Plug (Cable Attached),True,False,NFC RFID Classic
CH*CCI*E20790,MOVE - Parkplatz Drun,Via Alpsu 69,Sedrun,7188,46.680293,8.774234,22.0,AC_3_PHASE,32,230,Type 2 Outlet,True,False,NFC RFID Classic
CH*CCC*EBS*2542*2,MOVE - A5 SOCAR Pieterlen,SOCAR Autobahnraststätte Pieterlen A5,Pieterlen,2542,47.16885,7.3513,50.0,DC,125,400,CHAdeMO,True,False,NFC RFID Classic
CH*CCC*EBS*2542*1,MOVE - A5 SOCAR Pieterlen,SOCAR Autobahnraststätte Pieterlen A5,Pieterlen,2542,47.16885,7.3513,22.0,AC_3_PHASE,32,230,Type 2 Outlet,True,False,NFC RFID Classic
CH*CCI*E20792,MOVE - Allschwil Gewerbestrasse,Gewerbestrasse 16,Allschwil,4123,47.557827,7.544717,22.0,AC_3_PHASE,32,230,Type 2 Outlet,True,False,NFC RFID Classic
CH*CCC*EBS*2542*3,MOVE - A5 SOCAR Pieterlen,SOCAR Autobahnraststätte Pieterlen A5,Pieterlen,2542,47.16885,7.3513,50.0,DC,125,400,CCS Combo 2 Plug (Cable Attached),True,False,NFC RFID Classic
CH*SOC*E5596*2A,SOCAR Stegen,SOCAR Rastplatz Stegen,Wiesendangen,8543,47.530691,8.852214,225.0,DC,563,400,CCS Combo 2 Plug (Cable Attached),True,False,NFC RFID Classic
CH*CCI*E20794,Abvent SA,Champ de la Vigne 7,Estavayer-le-Lac,1470,46.848615,6.85775,11.0,AC_3_PHASE,16,230,Type 2 Outlet,True,False,NFC RFID Classic
CH*CCI*E20793,MOVE - Allschwil Gewerbestrasse,Gewerbestrasse 16,Allschwil,4123,47.557827,7.544717,22.0,AC_3_PHASE,32,230,Type 2 Outlet,True,False,NFC RFID Classic
CH*SOC*E5596*1C,SOCAR Stegen,SOCAR Rastplatz Stegen,Wiesendangen,8543,47.530691,8.852214,300.0,DC,750,400,CCS Combo 2 Plug (Cable Attached),True,False,NFC RFID Classic
CH*SOC*E5596*1B,SOCAR Stegen,SOCAR Rastplatz Stegen,Wiesendangen,8543,47.530691,8.852214,75.0,DC,188,400,CHAdeMO,True,False,NFC RFID Classic
CH*SOC*E5596*1A,SOCAR Stegen,SOCAR Rastplatz Stegen,Wiesendangen,8543,47.530691,8.852214,300.0,DC,750,400,CCS Combo 2 Plug (Cable Attached),True,False,NFC RFID Classic
CH*CCC*E50518,SIG Pregny Bibliothèque,Chemin de la Fontaine 77,Chambésy,1292,46.2437,6.14091,22.0,AC_3_PHASE,32,230,Type 2 Outlet,True,False,NFC RFID Classic
CH*CCC*E50519,SIG Etang Parking Atmospère,Avenue de l'Etang 65,Le Lignon,1219,46.21947,6.10257,22.0,AC_3_PHASE,32,230,Type 2 Outlet,True,False,NFC RFID Classic
CH*CCC*E50517,SIG Pregny Bibliothèque,Chemin de la Fontaine 77,Chambésy,1292,46.2437,6.14091,22.0,AC_3_PHASE,32,230,Type 2 Outlet,True,False,NFC RFID Classic
CH*CCI*EBB*4857*0,MOVE - Peseux NE Rue Ernest-Roulet 4,Rue Ernest-Roulet 4,Peseux NE,2034,46.9856,6.8877,22.0,AC_3_PHASE,32,230,Type 2 Outlet,True,False,NFC RFID Classic
CH*CCC*E50510,SIG Hôpital La Tour Parking,Avenue J.-D. Maillard 3,Meyrin,1217,46.228018,6.066377,22.0,AC_3_PHASE,32,230,Type 2 Outlet,True,False,NFC RFID Classic
CH*CCC*E50511,SIG Hôpital La Tour Parking,Avenue J.-D. Maillard 3,Meyrin,1217,46.228018,6.066377,22.0,AC_3_PHASE,32,230,Type 2 Outlet,True,False,NFC RFID Classic
CH*CCI*E22966,MOVE - Neuenkirch West,Autobahnraststätte West 1,Rothenburg,6023,47.110673,8.233973,50.0,DC,125,400,CCS Combo 2 Plug (Cable Attached),True,False,NFC RFID Classic
CH*CCI*E21634,MOVE - Parkplatz Militärkantine,Kreuzbleicheweg 2,St. Gallen,9000,47.420849,9.360128,11.0,AC_3_PHASE,16,230,Type 2 Outlet,True,False,NFC RFID Classic
CH*CCI*E20787,MOVE - Gemeindeverwaltung Dulliken,Alte Landstrasse 3,Dulliken,4657,47.349688,7.944326,22.0,AC_3_PHASE,32,230,Type 2 Outlet,True,False,NFC RFID Classic
CH*CCI*E22967,MOVE - Neuenkirch West,Autobahnraststätte West 1,Rothenburg,6023,47.110673,8.233973,50.0,DC,125,400,CHAdeMO,True,False,NFC RFID Classic
CH*SOC*E5126*3B,SOCAR Kölliken Nord,SOCAR Raststätte Kölliken,Kölliken,5742,47.330132,8.029941,200.0,DC,500,400,CCS Combo 2 Plug (Cable Attached),True,False,NFC RFID Classic
CH*CCI*E21633,MOVE - Parkplatz Militärkantine,Kreuzbleicheweg 2,St. Gallen,9000,47.420849,9.360095,11.0,AC_3_PHASE,16,230,Type 2 Outlet,True,False,NFC RFID Classic
CH*CCI*E20786,MOVE Aare Energie AG - Amthausquai Olten,Amthausquai 24,Olten,4600,47.35317,7.90526,22.0,AC_3_PHASE,32,230,Type 2 Outlet,True,False,NFC RFID Classic
CH*CCI*E22964,MOVE - Rastplatz Glooten Süd (2/2),Rastplatz Glooten Süd,Iseltwald,3807,46.720291,7.99018,400.0,DC,1000,400,CCS Combo 2 Plug (Cable Attached),True,False,NFC RFID Classic
CH*CCI*E21636,MOVE - Electrobroc,Route du Lac 1,Broc,1636,46.60967,7.109007,11.0,AC_3_PHASE,16,230,Type 2 Outlet,True,False,NFC RFID Classic
CH*CCC*E50530,SIG Etang Parking Atmospère,Avenue de l'Etang 65,Le Lignon,1219,46.21947,6.10257,22.0,AC_3_PHASE,32,230,Type 2 Outlet,True,False,NFC RFID Classic
CH*CCI*E22962,MOVE - Rastplatz Glooten Süd (1/2),Rastplatz Glooten Süd,Iseltwald,3807,46.720291,7.99018,400.0,DC,1000,400,CCS Combo 2 Plug (Cable Attached),True,False,NFC RFID Classic
CH*CCI*E21630,Primeo Energie - Gemeinde Spreitenbach,Bahnhofstrasse 2,Spreitenbach,8957,47.419445,8.367208,22.0,AC_3_PHASE,32,230,Type 2 Outlet,True,False,NFC RFID Classic
CH*CCI*E20783,MOVE Aare Energie AG - Bifangplatz Olten,Aarauerstrasse 68,Olten,4600,47.34843,7.9111,22.0,AC_3_PHASE,32,230,Type 2 Outlet,True,False,NFC RFID Classic
CH*CCI*E22963,MOVE - Rastplatz Glooten Süd (2/2),Rastplatz Glooten Süd,Iseltwald,3807,46.720291,7.99018,400.0,DC,1000,400,CCS Combo 2 Plug (Cable Attached),True,False,NFC RFID Classic
CH*CCI*E22960,MOVE - Rastplatz Glooten Süd (1/2),Rastplatz Glooten Süd,Iseltwald,3807,46.720291,7.99018,400.0,DC,1000,400,CCS Combo 2 Plug (Cable Attached),True,False,NFC RFID Classic
CH*CCI*E21632,Regio Energie Solothurn - Bellevue Lüsslingen,Bürenstrasse 63,Lüsslingen,4574,47.19262,7.50446,11.0,AC_3_PHASE,16,230,Type 2 Outlet,True,False,NFC RFID Classic
CH*CCI*E20785,MOVE Aare Energie AG - Amthausquai Olten,Amthausquai 24,Olten,4600,47.35317,7.90526,22.0,AC_3_PHASE,32,230,Type 2 Outlet,True,False,NFC RFID Classic
CH*CCI*E22961,MOVE - Rastplatz Glooten Süd (1/2),Rastplatz Glooten Süd,Iseltwald,3807,46.720291,7.99018,75.0,DC,188,400,CHAdeMO,True,False,NFC RFID Classic
CH*CCI*E21631,Regio Energie Solothurn - Bellevue Lüsslingen,Bürenstrasse 63,Lüsslingen,4574,47.19262,7.50446,11.0,AC_3_PHASE,16,230,Type 2 Outlet,True,False,NFC RFID Classic
CH*CCI*E20784,MOVE Aare Energie AG - Bifangplatz Olten,Aarauerstrasse 68,Olten,4600,47.34843,7.9111,22.0,AC_3_PHASE,32,230,Type 2 Outlet,True,False,NFC RFID Classic
CH*CCI*E20300,MOVE – Lucens,Avenue de la Gare 13,Lucens,1522,46.707746,6.841576,11.0,AC_3_PHASE,16,230,Type 2 Outlet,True,False,NFC RFID Classic
CH*CCC*E50529,SIG Etang Parking Atmospère,Avenue de l'Etang 65,Le Lignon,1219,46.21947,6.10257,22.0,AC_3_PHASE,32,230,Type 2 Outlet,True,False,NFC RFID Classic
CH*CCC*E50525,SIG Etang Parking Atmospère,Avenue de l'Etang 65,Le Lignon,1219,46.21947,6.10257,22.0,AC_3_PHASE,32,230,Type 2 Outlet,True,False,NFC RFID Classic
CH*CCC*E50526,SIG Etang Parking Atmospère,Avenue de l'Etang 65,Le Lignon,1219,46.21947,6.10257,22.0,AC_3_PHASE,32,230,Type 2 Outlet,True,False,NFC RFID Classic
CH*CCC*E50527,SIG Etang Parking Atmospère,Avenue de l'Etang 65,Le Lignon,1219,46.21947,6.10257,22.0,AC_3_PHASE,32,230,Type 2 Outlet,True,False,NFC RFID Classic
CH*CCC*E50528,SIG Etang Parking Atmospère,Avenue de l'Etang 65,Le Lignon,1219,46.21947,6.10257,22.0,AC_3_PHASE,32,230,Type 2 Outlet,True,False,NFC RFID Classic
CH*CCC*E50521,SIG Etang Parking Atmospère,Avenue de l'Etang 65,Le Lignon,1219,46.21947,6.10257,22.0,AC_3_PHASE,32,230,Type 2 Outlet,True,False,NFC RFID Classic
CH*CCC*E50522,SIG Etang Parking Atmospère,Avenue de l'Etang 65,Le Lignon,1219,46.21947,6.10257,22.0,AC_3_PHASE,32,230,Type 2 Outlet,True,False,NFC RFID Classic
CH*CCC*E50523,SIG Etang Parking Atmospère,Avenue de l'Etang 65,Le Lignon,1219,46.21947,6.10257,22.0,AC_3_PHASE,32,230,Type 2 Outlet,True,False,NFC RFID Classic
CH*CCC*E50524,SIG Etang Parking Atmospère,Avenue de l'Etang 65,Le Lignon,1219,46.21947,6.10257,22.0,AC_3_PHASE,32,230,Type 2 Outlet,True,False,NFC RFID Classic
CH*SOC*E5102*1A,SOCAR Schlieren,"Schlieren, Badenerstrasse 41",Schlieren,8952,47.396309,8.440028,90.0,DC,225,400,CCS Combo 2 Plug (Cable Attached),True,False,NFC RFID Classic
CH*CCI*E21226,MOVE - Chaplin's World,Route de Fenil 2,Corsier-sur-Vevey,1804,46.475761,6.852593,22.0,AC_3_PHASE,32,230,Type 2 Outlet,True,False,NFC RFID Classic
CH*CCI*E20379,SIG ICC Aéroport Parking - P-4,Route de Pré-Bois 20,Genève,1215,46.224439,6.100978,22.0,AC_3_PHASE,32,230,Type 2 Outlet,True,False,NFC RFID Classic
CH*CCC*E50100,MOVE - Sumiswald,Spitalstrasse 7,Sumiswald,3454,47.028957,7.744739,22.0,AC_3_PHASE,32,230,Type 2 Outlet,True,False,NFC RFID Classic
CH*CCI*E21229,MOVE-Parkplatz Bahnhof Staad,Poststrasse,Staad SG,9422,47.48012,9.53425,22.0,AC_3_PHASE,32,230,Type 2 Outlet,True,False,NFC RFID Classic
CH*CCC*E50101,MOVE - Sumiswald,Spitalstrasse 7,Sumiswald,3454,47.028957,7.744739,22.0,AC_3_PHASE,32,230,Type 2 Outlet,True,False,NFC RFID Classic
CH*CCC*E50102,MOVE - Hôtel La Source,Av. des Bains 21,Yverdon-les-Bains,1400,46.773701,6.649475,22.0,AC_3_PHASE,32,230,Type 2 Outlet,True,False,NFC RFID Classic
CH*CCC*E50580,MOVE - Energie Uster,Bankstrasse 44,Uster,8610,47.352935,8.713364,20.0,DC,50,400,CHAdeMO,True,False,NFC RFID Classic
CH*CCC*E50581,CDS Automobiles SA,Rue Edouard-Dubied 12,Val-de-Travers,2108,46.928934,6.636862,50.0,DC,125,400,CCS Combo 2 Plug (Cable Attached),True,False,NFC RFID Classic
CH*CCI*E20372,SIG ICC Aéroport Parking - P-3,Route de Pré-Bois 20,Genève,1215,46.22441,6.100902,22.0,AC_3_PHASE,32,230,Type 2 Outlet,True,False,NFC RFID Classic
CH*CCI*E20371,SIG ICC Aéroport Parking - P-3,Route de Pré-Bois 20,Genève,1215,46.22441,6.100902,22.0,AC_3_PHASE,32,230,Type 2 Outlet,True,False,NFC RFID Classic
CH*CCI*E21221,MOVE - Binningen Schlossparking,Schlossgasse 4,Binningen,4102,47.537648,7.573943,22.0,AC_3_PHASE,32,230,Type 2 Outlet,True,False,NFC RFID Classic
CH*CCI*E20374,SIG ICC Aéroport Parking - P-3,Route de Pré-Bois 20,Genève,1215,46.22441,6.100902,22.0,AC_3_PHASE,32,230,Type 2 Outlet,True,False,NFC RFID Classic
CH*CCI*E21220,Primeo Energie - Winzerpark Allschwil,Winzerweg 5,Allschwil,4123,47.547636,7.538879,22.0,AC_3_PHASE,32,230,Type 2 Outlet,True,False,NFC RFID Classic
CH*CCI*E20373,SIG ICC Aéroport Parking - P-3,Route de Pré-Bois 20,Genève,1215,46.22441,6.100902,22.0,AC_3_PHASE,32,230,Type 2 Outlet,True,False,NFC RFID Classic
CH*CCI*E21223,MOVE - Binningen Schlossparking,Schlossgasse 4,Binningen,4102,47.537648,7.573943,22.0,AC_3_PHASE,32,230,Type 2 Outlet,True,False,NFC RFID Classic
CH*CCI*E20376,SIG ICC Aéroport Parking - P-3 XXL,Route de Pré-Bois 20,Genève,1215,46.224098,6.100777,22.0,AC_3_PHASE,32,230,Type 2 Outlet,True,False,NFC RFID Classic
CH*CCI*E21222,MOVE - Binningen Schlossparking,Schlossgasse 4,Binningen,4102,47.537648,7.573943,22.0,AC_3_PHASE,32,230,Type 2 Outlet,True,False,NFC RFID Classic
CH*CCI*E20375,SIG ICC Aéroport Parking - P-3 XXL,Route de Pré-Bois 20,Genève,1215,46.224098,6.100777,22.0,AC_3_PHASE,32,230,Type 2 Outlet,True,False,NFC RFID Classic
CH*CCI*E20378,SIG ICC Aéroport Parking - P-3 XXL,Route de Pré-Bois 20,Genève,1215,46.224098,6.100777,22.0,AC_3_PHASE,32,230,Type 2 Outlet,True,False,NFC RFID Classic
CH*CCI*E21224,MOVE - Binningen Schlossparking,Schlossgasse 4,Binningen,4102,47.537648,7.573943,22.0,AC_3_PHASE,32,230,Type 2 Outlet,True,False,NFC RFID Classic
CH*CCI*E20377,SIG ICC Aéroport Parking - P-3 XXL,Route de Pré-Bois 20,Genève,1215,46.224098,6.100777,22.0,AC_3_PHASE,32,230,Type 2 Outlet,True,False,NFC RFID Classic
CH*CCI*E20370,SIG ICC Aéroport Parking - P-3,Route de Pré-Bois 20,Genève,1215,46.22441,6.100902,22.0,AC_3_PHASE,32,230,Type 2 Outlet,True,False,NFC RFID Classic
CH*CCC*E50579,MOVE - Energie Uster,Bankstrasse 44,Uster,8610,47.352935,8.713364,22.0,AC_3_PHASE,32,230,Type 2 Outlet,True,False,NFC RFID Classic
CH*SOC*E5102*2B,SOCAR Schlieren,Badenerstrasse 41,Schlieren,8952,47.396337,8.440021,150.0,DC,375,400,CCS Combo 2 Plug (Cable Attached),True,False,NFC RFID Classic
CH*CCI*E21216,MOVE Raiffenbank Sensetal (Flamatt),Bernstrasse 15,Wünnewil-Flamatt,3175,46.890355,7.31413,22.0,AC_3_PHASE,32,230,Type 2 Outlet,True,False,NFC RFID Classic
CH*CCC*E50594,City Parking Bahnhof St.Gallen,Lagerstrasse 6,St. Gallen,9000,47.422804,9.367154,22.0,AC_3_PHASE,32,230,Type 2 Outlet,True,False,NFC RFID Classic
CH*CCI*E20369,SIG ICC Aéroport Parking - P-3,Route de Pré-Bois 20,Genève,1215,46.22441,6.100902,22.0,AC_3_PHASE,32,230,Type 2 Outlet,True,False,NFC RFID Classic
CH*CCC*E50110,MOVE Aare Energie - Munzingerplatz Olten,Munzingerplatz / Konradstrasse 1,Olten,4600,47.350537,7.901594,22.0,AC_3_PHASE,32,230,Type 2 Outlet,True,False,NFC RFID Classic
CH*SOC*E5102*2A,SOCAR Schlieren,Badenerstrasse 41,Schlieren,8952,47.396337,8.440021,150.0,DC,375,400,CCS Combo 2 Plug (Cable Attached),True,False,NFC RFID Classic
CH*CCI*E21215,MOVE Raiffenbank Sensetal (Flamatt),Bernstrasse 15,Wünnewil-Flamatt,3175,46.890355,7.31413,22.0,AC_3_PHASE,32,230,Type 2 Outlet,True,False,NFC RFID Classic
CH*CCC*E50595,City Parking Bahnhof St.Gallen,Lagerstrasse 6,St. Gallen,9000,47.422804,9.367154,22.0,AC_3_PHASE,32,230,Type 2 Outlet,True,False,NFC RFID Classic
CH*CCI*E20368,SIG ICC Aéroport Parking - P-3,Route de Pré-Bois 20,Genève,1215,46.22441,6.100902,22.0,AC_3_PHASE,32,230,Type 2 Outlet,True,False,NFC RFID Classic
CH*CCI*E22546,Restoroute de Lavaux Lac,Autoroute A9,Bourg-en-Lavaux,1091,46.505275,6.70945,400.0,DC,1000,400,CCS Combo 2 Plug (Cable Attached),True,False,NFC RFID Classic
CH*CCI*E22527,MOVE - Schwarzsee,Seestrasse,Plaffeien,1716,46.670415,7.287903,22.0,AC_3_PHASE,32,230,Type 2 Outlet,True,False,NFC RFID Classic
CH*CCI*E21677,MOVE - Murten Bernstrasse 3,Bernstrasse 3,Murten,3280,46.929343,7.119326,22.0,AC_3_PHASE,32,230,Type 2 Outlet,True,False,NFC RFID Classic
CH*CCC*E50573,Hotel Hermitage,Seeburgstrasse 72,Luzern,6006,47.04339,8.349767,50.0,DC,125,400,CHAdeMO,True,False,NFC RFID Classic
CH*CCI*E20346,Regio Energie Solothurn - AFEG Areal,"Bleichenmattstrasse, AFEG Areal .",Biberist,4562,47.181167,7.557286,22.0,AC_3_PHASE,32,230,Type 2 Outlet,True,False,NFC RFID Classic
CH*CCI*E22524,MOVE - Matran Ch. de la Cornache 1,Ch. de la Cornache 1,Matran,1753,46.783118,7.087291,22.0,AC_3_PHASE,32,230,Type 2 Outlet,True,False,NFC RFID Classic
CH*CCC*E50574,MOVE - Rastplatz Birrhard,Rastplatz Birrhard,Birr,5242,47.429519,8.236032,200.0,DC,200,1000,CCS Combo 2 Plug (Cable Attached),True,False,NFC RFID Classic
CH*CCI*E22525,MOVE - Schwarzsee,Seestrasse,Plaffeien,1716,46.670415,7.287903,22.0,AC_3_PHASE,32,230,Type 2 Outlet,True,False,NFC RFID Classic
CH*CCI*E21679,MOVE - Murten Irisweg 12,Irisweg 12,Murten,3280,46.921923,7.113164,22.0,AC_3_PHASE,32,230,Type 2 Outlet,True,False,NFC RFID Classic
CH*CCC*E50575,MOVE - Rastplatz Birrhard,Rastplatz Birrhard,Birr,5242,47.429519,8.236032,200.0,DC,200,1000,CCS Combo 2 Plug (Cable Attached),True,False,NFC RFID Classic
CH*CCI*E22528,MOVE - Schwarzsee,Seestrasse,Plaffeien,1716,46.670415,7.287903,22.0,AC_3_PHASE,32,230,Type 2 Outlet,True,False,NFC RFID Classic
CH*CCC*E50571,Hotel Hermitage,Seeburgstrasse 72,Luzern,6006,47.04339,8.349767,22.0,AC_3_PHASE,32,230,Type 2 Outlet,True,False,NFC RFID Classic
CH*CCI*E21670,Cisma,Rte de la Sablière 1,Matran,1753,46.782161,7.096423,11.0,AC_3_PHASE,16,230,Type 2 Outlet,True,False,NFC RFID Classic
CH*CCI*E21672,Bobst Mex SA,Route de Faraz 3,Mex,1031,46.56823,6.552573,50.0,DC,125,400,CCS Combo 2 Plug (Cable Attached),True,False,NFC RFID Classic
CH*CCI*E21671,Bobst Mex SA,Route de Faraz 3,Mex,1031,46.56823,6.552573,50.0,DC,125,400,CCS Combo 2 Plug (Cable Attached),True,False,NFC RFID Classic
CH*CCI*E21674,Karting Indoor Attractions SA,Route de Berne 14,Payerne,1530,46.813436,6.953655,22.0,AC_3_PHASE,32,230,Type 2 Outlet,True,False,NFC RFID Classic
CH*CCI*E20343,Regio Energie Solothurn - Dorfplatz,Dorfplatz,Langendorf,4513,47.220058,7.514042,11.0,AC_3_PHASE,16,230,Type 2 Outlet,True,False,NFC RFID Classic
CH*CCI*E22523,MOVE - Matran Ch. de la Cornache 1,Ch. de la Cornache 1,Matran,1753,46.783118,7.087291,22.0,AC_3_PHASE,32,230,Type 2 Outlet,True,False,NFC RFID Classic
CH*CCI*E21673,Karting Indoor Attractions SA,Route de Berne 14,Payerne,1530,46.813436,6.953655,22.0,AC_3_PHASE,32,230,Type 2 Outlet,True,False,NFC RFID Classic
CH*CCI*E22520,MOVE Schlossfeldstrasse Willisau (Rechts),Schlossfeldstrasse,Willisau,6130,47.116097,7.988505,22.0,AC_3_PHASE,32,230,Type 2 Outlet,True,False,NFC RFID Classic
CH*CCI*E21676,MOVE - Murten Bernstrasse 3,Bernstrasse 3,Murten,3280,46.929343,7.119326,22.0,AC_3_PHASE,32,230,Type 2 Outlet,True,False,NFC RFID Classic
CH*CCI*E20345,Regio Energie Solothurn - AFEG Areal,"Bleichenmattstrasse, AFEG Areal .",Biberist,4562,47.181167,7.557286,22.0,AC_3_PHASE,32,230,Type 2 Outlet,True,False,NFC RFID Classic
CH*CCI*E22521,MOVE Schlossfeldstrasse Willisau (Links),Schlossfeldstrasse,Willisau,6130,47.116097,7.988505,22.0,AC_3_PHASE,32,230,Type 2 Outlet,True,False,NFC RFID Classic
CH*CCI*E20344,Regio Energie Solothurn - Dorfplatz,Dorfplatz,Langendorf,4513,47.220058,7.514042,11.0,AC_3_PHASE,16,230,Type 2 Outlet,True,False,NFC RFID Classic
CH*CCI*EBA*6772*8,MOVE - Fribourg Route de la Heitera 13,Route de la Heitera 13,Fribourg,1700,46.810436,7.173066,11.0,AC_3_PHASE,16,230,Type 2 Outlet,True,False,NFC RFID Classic
CH*CCI*E21263,MOVE - Parking Kursaal Bern,Kornhausstrasse 3,Bern,3013,46.953133,7.448084,11.0,AC_3_PHASE,16,230,Type 2 Outlet,True,False,NFC RFID Classic
CH*CCI*E21265,MOVE - Parking Kursaal Bern,Kornhausstrasse 3,Bern,3013,46.953133,7.448084,11.0,AC_3_PHASE,16,230,Type 2 Outlet,True,False,NFC RFID Classic
CH*CCI*E21264,MOVE - Parking Kursaal Bern,Kornhausstrasse 3,Bern,3013,46.953133,7.448084,11.0,AC_3_PHASE,16,230,Type 2 Outlet,True,False,NFC RFID Classic
CH*CCI*E21267,MOVE - Parkplatz Speck Staad,Hauptstrasse 70a,Staad SG,9422,47.48239,9.5423,22.0,AC_3_PHASE,32,230,Type 2 Outlet,True,False,NFC RFID Classic
CH*CCI*EBA*7721*5,MOVE - Fleurier Rue de la Place dArme 17,Fleurier Rue de la Place d'Arme 17,Fleurier,2114,46.90372,6.576673,22.0,AC_3_PHASE,32,230,Type 2 Outlet,True,False,NFC RFID Classic
CH*CCI*E21266,MOVE - Parking Kursaal Bern,Kornhausstrasse 3,Bern,3013,46.953133,7.448084,11.0,AC_3_PHASE,16,230,Type 2 Outlet,True,False,NFC RFID Classic
CH*CCI*E21269,MOVE-Hengetenplatz Thal,Tobelmülistrasse 2,Thal SG,9425,47.46531,9.56764,22.0,AC_3_PHASE,32,230,Type 2 Outlet,True,False,NFC RFID Classic
CH*CCI*E21268,MOVE - Parkplatz Speck Staad,Hauptstrasse 70a,Staad SG,9422,47.48239,9.5423,22.0,AC_3_PHASE,32,230,Type 2 Outlet,True,False,NFC RFID Classic
CH*CCI*E21261,MOVE - Parking Kursaal Bern,Kornhausstrasse 3,Bern,3013,46.953133,7.448084,11.0,AC_3_PHASE,16,230,Type 2 Outlet,True,False,NFC RFID Classic
CH*CCI*E21260,Direction DEE,Boulevard de Pérolles 25,Fribourg,1700,46.799151,7.152059,22.0,AC_3_PHASE,32,230,Type 2 Outlet,True,False,NFC RFID Classic
CH*CCI*E22108,SIG Lancy Parking Louis Bertrand,Avenue du Petit-Lancy 7,Grand-Lancy,1213,46.19092,6.117045,22.0,AC_3_PHASE,32,230,Type 2 Outlet,True,False,NFC RFID Classic
CH*CCI*E22109,SIG PLO Parking du Vélodrome,Chemin de Champ-Joly 2,Plan-les-Ouates,1228,46.169531,6.113294,22.0,AC_3_PHASE,32,230,Type 2 Outlet,True,False,NFC RFID Classic
CH*CCI*E21259,Direction DEE,Boulevard de Pérolles 25,Fribourg,1700,46.799151,7.152059,22.0,AC_3_PHASE,32,230,Type 2 Outlet,True,False,NFC RFID Classic
CH*CCI*E21218,Primeo Energie - Winzerpark Allschwil,Winzerweg 5,Allschwil,4123,47.547636,7.538879,11.0,AC_3_PHASE,16,230,Type 2 Outlet,True,False,NFC RFID Classic
CH*CCC*E50596,City Parking Bahnhof St.Gallen,Lagerstrasse 6,St. Gallen,9000,47.422804,9.367154,22.0,AC_3_PHASE,32,230,Type 2 Outlet,True,False,NFC RFID Classic
CH*CCI*E22547,Restoroute de Lavaux Lac,Autoroute A9,Bourg-en-Lavaux,1091,46.505275,6.70945,400.0,DC,1000,400,CCS Combo 2 Plug (Cable Attached),True,False,NFC RFID Classic
CH*CCI*E21217,Primeo Energie - Winzerpark Allschwil,Winzerweg 5,Allschwil,4123,47.547636,7.538879,22.0,AC_3_PHASE,32,230,Type 2 Outlet,True,False,NFC RFID Classic
CH*CCC*E50597,City Parking Bahnhof St.Gallen,Lagerstrasse 6,St. Gallen,9000,47.422804,9.367154,22.0,AC_3_PHASE,32,230,Type 2 Outlet,True,False,NFC RFID Classic
CH*CCI*E21219,Primeo Energie - Winzerpark Allschwil,Winzerweg 5,Allschwil,4123,47.547636,7.538879,22.0,AC_3_PHASE,32,230,Type 2 Outlet,True,False,NFC RFID Classic
CH*CCC*E50592,Biathlon Arena Lenzerheide,Voia da Bual 1,Lantsch/Lenz,7083,46.692158,9.558685,22.0,AC_3_PHASE,32,230,Type 2 Outlet,True,False,NFC RFID Classic
CH*CCC*E50593,Biathlon Arena Lenzerheide,Voia da Bual 1,Lantsch/Lenz,7083,46.692158,9.558685,22.0,AC_3_PHASE,32,230,Type 2 Outlet,True,False,NFC RFID Classic
CH*CCI*E22540,Restoroute de Lavaux Lac,Autoroute A9,Bourg-en-Lavaux,1091,46.505275,6.70945,400.0,DC,1000,400,CCS Combo 2 Plug (Cable Attached),True,False,NFC RFID Classic
CH*CCI*E22541,Restoroute de Lavaux Lac,Autoroute A9,Bourg-en-Lavaux,1091,46.505275,6.70945,400.0,DC,1000,400,CCS Combo 2 Plug (Cable Attached),True,False,NFC RFID Classic
CH*CCI*E22544,Restoroute de Lavaux Lac,Autoroute A9,Bourg-en-Lavaux,1091,46.505275,6.70945,400.0,DC,1000,400,CCS Combo 2 Plug (Cable Attached),True,False,NFC RFID Classic
CH*CCI*E21212,Eingang Restaurant,Bergstrasse 202,Stäfa,8712,47.254523,8.721337,22.0,AC_3_PHASE,32,230,Type 2 Outlet,True,False,NFC RFID Classic
CH*CCI*E20365,MOVE - Gemeindehaus Zuchwil,Hauptstrasse 65,Zuchwil,4528,47.203834,7.557104,11.0,AC_3_PHASE,16,230,Type 2 Outlet,True,False,NFC RFID Classic
CH*CCI*E22545,Restoroute de Lavaux Lac,Autoroute A9,Bourg-en-Lavaux,1091,46.505275,6.70945,400.0,DC,1000,400,CCS Combo 2 Plug (Cable Attached),True,False,NFC RFID Classic
CH*CCI*E22542,Restoroute de Lavaux Lac,Autoroute A9,Bourg-en-Lavaux,1091,46.505275,6.70945,400.0,DC,1000,400,CCS Combo 2 Plug (Cable Attached),True,False,NFC RFID Classic
CH*CCI*E21214,MOVE - Parkhaus Gartenstrasse 8,Gartenstrasse 8,St. Gallen,9000,47.42245,9.374,22.0,AC_3_PHASE,32,230,Type 2 Outlet,True,False,NFC RFID Classic
CH*CCI*E20367,SIG ICC Aéroport Parking - P-3,Route de Pré-Bois 20,Genève,1215,46.22441,6.100902,22.0,AC_3_PHASE,32,230,Type 2 Outlet,True,False,NFC RFID Classic
CH*CCI*E22543,Restoroute de Lavaux Lac,Autoroute A9,Bourg-en-Lavaux,1091,46.505275,6.70945,400.0,DC,1000,400,CCS Combo 2 Plug (Cable Attached),True,False,NFC RFID Classic
CH*CCI*E21213,MOVE - Parkhaus Gartenstrasse 8,Gartenstrasse 8,St. Gallen,9000,47.42245,9.374,22.0,AC_3_PHASE,32,230,Type 2 Outlet,True,False,NFC RFID Classic
CH*CCI*E20366,MOVE - Gemeindehaus Zuchwil,Hauptstrasse 65,Zuchwil,4528,47.203834,7.557104,11.0,AC_3_PHASE,16,230,Type 2 Outlet,True,False,NFC RFID Classic
CH*CCC*E50107,MOVE -  BLT Baselland Transport AG,Grenzweg 1,Oberwil,4104,47.507381,7.555654,22.0,AC_3_PHASE,32,230,Type 2 Outlet,True,False,NFC RFID Classic
CH*CCC*E50108,MOVE -  BLT Baselland Transport AG,Grenzweg 1,Oberwil,4104,47.507381,7.555654,22.0,AC_3_PHASE,32,230,Type 2 Outlet,True,False,NFC RFID Classic
CH*CCC*E50109,MOVE Aare Energie - Munzingerplatz Olten,Munzingerplatz / Konradstrasse 1,Olten,4600,47.350537,7.901594,22.0,AC_3_PHASE,32,230,Type 2 Outlet,True,False,NFC RFID Classic
CH*CCC*E50103,MOVE - Hôtel La Source,Av. des Bains 21,Yverdon-les-Bains,1400,46.773701,6.649475,22.0,AC_3_PHASE,32,230,Type 2 Outlet,True,False,NFC RFID Classic
CH*SOC*E5102*1B,SOCAR Schlieren,"Schlieren, Badenerstrasse 41",Schlieren,8952,47.396309,8.440028,90.0,DC,225,400,CCS Combo 2 Plug (Cable Attached),True,False,NFC RFID Classic
CH*CCI*E22537,HYC50,Chemin des Lieugex 4,Aigle,1860,46.319832,6.960674,50.0,DC,125,400,CCS Combo 2 Plug (Cable Attached),True,False,NFC RFID Classic
CH*CCI*E21205,MOVE SPZ Parkhaus A,Guido A. Zäch Strasse 1.2,Nottwil,6207,47.14141,8.12936,22.0,AC_3_PHASE,32,230,Type 2 Outlet,True,False,NFC RFID Classic
CH*CCI*E22538,Celliers-Borne Public Gauche,Route d'Italie,Sion,1950,46.251104,7.408397,22.0,AC_3_PHASE,32,230,Type 2 Outlet,True,False,NFC RFID Classic
CH*CCI*E20357,MOVE - Bretzwil Gemeindeverwaltung,Kirchgasse 3,Bretzwil,4207,47.398858,7.654121,22.0,AC_3_PHASE,32,230,Type 2 Outlet,True,False,NFC RFID Classic
CH*CCI*E21207,MOVE SPZ Parkhaus D,Guido A. Zäch Strasse 2e.2,Nottwil,6207,47.14067,8.1279,22.0,AC_3_PHASE,32,230,Type 2 Outlet,True,False,NFC RFID Classic
CH*CCI*E22536,HYC50,Chemin des Lieugex 4,Aigle,1860,46.319832,6.960674,50.0,DC,125,400,CCS Combo 2 Plug (Cable Attached),True,False,NFC RFID Classic
CH*CCI*E21206,MOVE SPZ Parkhaus A,Guido A. Zäch Strasse 1.2,Nottwil,6207,47.14141,8.12936,22.0,AC_3_PHASE,32,230,Type 2 Outlet,True,False,NFC RFID Classic
CH*CCI*E21208,MOVE SPZ Parkhaus D,Guido A. Zäch Strasse 2e.2,Nottwil,6207,47.14067,8.1279,22.0,AC_3_PHASE,32,230,Type 2 Outlet,True,False,NFC RFID Classic
CH*CCI*E22539,Celliers-Borne Public Droite,Route d'Italie,Sion,1950,46.251104,7.408397,22.0,AC_3_PHASE,32,230,Type 2 Outlet,True,False,NFC RFID Classic
CH*CCI*E21681,MOVE - La Côte Jura,La Côte/A1 nord,Bursins,1183,46.446593,6.297621,225.0,DC,563,400,CCS Combo 2 Plug (Cable Attached),True,False,NFC RFID Classic
CH*CCI*E20350,Swisscom - Thalwil,Gewerbestrasse 22,Thalwil,8800,47.286225,8.566286,22.0,AC_3_PHASE,32,230,Type 2 Outlet,True,False,NFC RFID Classic
CH*CCI*E21680,MOVE - La Côte Jura,La Côte/A1 nord,Bursins,1183,46.446593,6.297621,225.0,DC,563,400,CCS Combo 2 Plug (Cable Attached),True,False,NFC RFID Classic
CH*CCI*E20388,MOVE - Oftringen,Zürichstrasse 52,Oftringen,4665,47.311283,7.935439,22.0,AC_3_PHASE,32,230,Type 2 Outlet,True,False,NFC RFID Classic
CH*CCI*E20380,SIG ICC Aéroport Parking - P-4,Route de Pré-Bois 20,Genève,1215,46.224439,6.100978,22.0,AC_3_PHASE,32,230,Type 2 Outlet,True,False,NFC RFID Classic
CH*CCI*E23008,Werke am Zürichsee,Freihofstrasse 30a,Küsnacht,8700,47.309895,8.586073,200.0,DC,500,400,CCS Combo 2 Plug (Cable Attached),True,False,NFC RFID Classic
CH*CCI*E23009,Werke am Zürichsee,Freihofstrasse 30a,Küsnacht,8700,47.309895,8.586073,200.0,DC,500,400,CCS Combo 2 Plug (Cable Attached),True,False,NFC RFID Classic
CH*CCI*E22155,Hotel & Restaurant Jäger Jeuss,Dorfstrasse 25,Jeuss,1793,46.904591,7.161915,11.0,AC_3_PHASE,16,230,Type 2 Outlet,True,False,NFC RFID Classic
CH*CCI*E22154,Hotel & Restaurant Jäger Jeuss,Dorfstrasse 25,Jeuss,1793,46.904591,7.161915,11.0,AC_3_PHASE,16,230,Type 2 Outlet,True,False,NFC RFID Classic
CH*CCI*E21683,MOVE - La Côte Jura,La Côte/A1 nord,Bursins,1183,46.446593,6.297621,75.0,DC,188,400,CHAdeMO,True,False,NFC RFID Classic
CH*CCI*E20352,MOVE - A1 Autoservice AG Kirchberg,Industrie Neuhof 1a,Kirchberg,3422,47.09311,7.572529,50.0,DC,125,400,CCS Combo 2 Plug (Cable Attached),True,False,NFC RFID Classic
CH*CCI*E21682,MOVE - La Côte Jura,La Côte/A1 nord,Bursins,1183,46.446593,6.297621,225.0,DC,563,400,CCS Combo 2 Plug (Cable Attached),True,False,NFC RFID Classic
CH*CCI*E20351,MOVE - A1 Autoservice AG Kirchberg,Industrie Neuhof 1a,Kirchberg,3422,47.09311,7.572529,22.0,AC_3_PHASE,32,230,Type 2 Outlet,True,False,NFC RFID Classic
CH*CCI*E22533,Werke am Zürichsee,Freihofstrasse 30,Küsnacht,8700,47.30994,8.58603,50.0,DC,125,400,CCS Combo 2 Plug (Cable Attached),True,False,NFC RFID Classic
CH*CCI*E21201,MOVE - Wasserkraftwerk Merlen,Murgtalstrasse,Murg,8877,47.07293,9.197767,22.0,AC_3_PHASE,32,230,Type 2 Outlet,True,False,NFC RFID Classic
CH*CCI*E20354,MOVE - Nunningen Roderis,Eichelbergstrasse 6,Nunningen,4208,47.408698,7.594472,22.0,AC_3_PHASE,32,230,Type 2 Outlet,True,False,NFC RFID Classic
CH*CCI*E22534,Borne maison,Ducenet 34,Villarsiviriaux,1694,46.697844,7.005664,22.0,AC_3_PHASE,32,230,Type 2 Outlet,True,False,NFC RFID Classic
CH*CCI*E21684,MOVE - La Côte Jura,La Côte/A1 nord,Bursins,1183,46.446593,6.297621,225.0,DC,563,400,CCS Combo 2 Plug (Cable Attached),True,False,NFC RFID Classic
CH*CCI*E21200,MOVE-Gemeindparkplatz Wattwil,Grüenaustrasse 7,Wattwil,9630,47.30309,9.08445,22.0,AC_3_PHASE,32,230,Type 2 Outlet,True,False,NFC RFID Classic
CH*CCI*E20353,MOVE - A1 Autoservice AG Kirchberg,Industrie Neuhof 1a,Kirchberg,3422,47.09311,7.572529,50.0,DC,125,400,CHAdeMO,True,False,NFC RFID Classic
CH*CCI*E22531,Werke am Zürichsee,Freihofstrasse 30,Küsnacht,8700,47.30994,8.58603,22.0,AC_3_PHASE,32,230,Type 2 Connector (Cable Attached),True,False,NFC RFID Classic
CH*CCI*E21203,MOVE - Röm. Kath. Kirchgemeinde Allschwil,Baslerstrasse 49,Allschwil,4123,47.55261,7.53957,22.0,AC_3_PHASE,32,230,Type 2 Outlet,True,False,NFC RFID Classic
CH*CCI*E20356,MOVE - Bretzwil Gemeindeverwaltung,Kirchgasse 3,Bretzwil,4207,47.398858,7.654121,22.0,AC_3_PHASE,32,230,Type 2 Outlet,True,False,NFC RFID Classic
CH*CCI*E22532,Werke am Zürichsee,Freihofstrasse 30,Küsnacht,8700,47.30994,8.58603,50.0,DC,125,400,CHAdeMO,True,False,NFC RFID Classic
CH*CCI*E21202,MOVE - Wasserkraftwerk Merlen,Murgtalstrasse,Murg,8877,47.07293,9.197767,22.0,AC_3_PHASE,32,230,Type 2 Outlet,True,False,NFC RFID Classic
CH*CCI*E20355,MOVE - Nunningen Roderis,Eichelbergstrasse 6,Nunningen,4208,47.408698,7.594472,22.0,AC_3_PHASE,32,230,Type 2 Outlet,True,False,NFC RFID Classic
CH*CCC*E50558,MOVE - Centre de L'Ile Boudry,Route du Vignoble 25,Areuse,2015,46.95507,6.847463,150.0,DC,375,400,CCS Combo 2 Plug (Cable Attached),True,False,NFC RFID Classic
CH*CCC*E50559,MOVE - Energie Uster,Bankstrasse 44,Uster,8610,47.352935,8.713364,20.0,DC,50,400,CCS Combo 2 Plug (Cable Attached),True,False,NFC RFID Classic
CH*CCC*E50554,MOVE - Centre de L'Ile Boudry,Route du Vignoble 25,Areuse,2015,46.95507,6.847463,150.0,DC,375,400,CCS Combo 2 Plug (Cable Attached),True,False,NFC RFID Classic
CH*CCC*E50555,MOVE - Centre de L'Ile Boudry,Route du Vignoble 25,Areuse,2015,46.95507,6.847463,150.0,DC,375,400,CHAdeMO,True,False,NFC RFID Classic
CH*CCC*E50556,MOVE - Centre de L'Ile Boudry,Route du Vignoble 25,Areuse,2015,46.95507,6.847463,150.0,DC,375,400,CCS Combo 2 Plug (Cable Attached),True,False,NFC RFID Classic
CH*CCC*E50557,MOVE - Centre de L'Ile Boudry,Route du Vignoble 25,Areuse,2015,46.95507,6.847463,150.0,DC,375,400,CCS Combo 2 Plug (Cable Attached),True,False,NFC RFID Classic
CH*CCI*E22526,MOVE - Schwarzsee,Seestrasse,Plaffeien,1716,46.670415,7.287903,22.0,AC_3_PHASE,32,230,Type 2 Outlet,True,False,NFC RFID Classic
CH*CCI*E21678,MOVE - Murten Irisweg 12,Irisweg 12,Murten,3280,46.921923,7.113164,22.0,AC_3_PHASE,32,230,Type 2 Outlet,True,False,NFC RFID Classic
CH*CCC*E50572,Hotel Hermitage,Seeburgstrasse 72,Luzern,6006,47.04339,8.349767,50.0,DC,125,400,CCS Combo 2 Plug (Cable Attached),True,False,NFC RFID Classic
CH*CCI*E22106,SIG Lancy Parking Les Rambossons,Chemin des Rambossons 27,Grand-Lancy,1213,46.178288,6.123697,22.0,AC_3_PHASE,32,230,Type 2 Outlet,True,False,NFC RFID Classic
CH*CCI*E22107,SIG Lancy Parking Louis Bertrand,Avenue du Petit-Lancy 7,Grand-Lancy,1213,46.19092,6.117045,22.0,AC_3_PHASE,32,230,Type 2 Outlet,True,False,NFC RFID Classic
CH*CCI*E22100,SIG Villette Employés,Avenue de Thônex 105,Thônex,1226,50.0,-15.0,22.0,AC_3_PHASE,32,230,Type 2 Outlet,True,False,NFC RFID Classic
CH*CCI*E22101,SIG Villette Employés,Avenue de Thônex 105,Thônex,1226,50.0,-15.0,22.0,AC_3_PHASE,32,230,Type 2 Outlet,True,False,NFC RFID Classic
CH*CCI*E21256,"Parkplatz Sesselbahn, Ftan",Fionas 134,Ftan,7551,46.795125,10.246215,22.0,AC_3_PHASE,32,230,Type 2 Outlet,True,False,NFC RFID Classic
CH*CCC*EBV*8610*3,MOVE - Energie Uster,Ackerstrasse,Uster,8610,47.356096,8.70747,20.0,DC,50,400,CCS Combo 2 Plug (Cable Attached),True,False,NFC RFID Classic
CH*CCI*E22105,SIG Lancy Parking Les Rambossons,Chemin des Rambossons 27,Grand-Lancy,1213,46.178288,6.123697,22.0,AC_3_PHASE,32,230,Type 2 Outlet,True,False,NFC RFID Classic
CH*CCI*E21255,"Parkplatz Sesselbahn, Ftan",Fionas 134,Ftan,7551,46.795125,10.246215,22.0,AC_3_PHASE,32,230,Type 2 Outlet,True,False,NFC RFID Classic
CH*CCC*EBV*8610*2,MOVE - Energie Uster,Ackerstrasse,Uster,8610,47.356096,8.70747,20.0,DC,50,400,CHAdeMO,True,False,NFC RFID Classic
CH*CCI*E22102,SIG Villette Employés,Avenue de Thônex 105,Thônex,1226,50.0,-15.0,22.0,AC_3_PHASE,32,230,Type 2 Outlet,True,False,NFC RFID Classic
CH*CCI*E21258,Ladestation Ostringstrasse 10,Ostringstrasse 10,Oensingen,4702,47.28414,7.71919,22.0,AC_3_PHASE,32,230,Type 2 Outlet,True,False,NFC RFID Classic
CH*CCC*EBV*8610*1,MOVE - Energie Uster,Ackerstrasse,Uster,8610,47.356096,8.70747,22.0,AC_3_PHASE,32,230,Type 2 Outlet,True,False,NFC RFID Classic
CH*CCI*E22103,SIG Villette Employés,Avenue de Thônex 105,Thônex,1226,50.0,-15.0,22.0,AC_3_PHASE,32,230,Type 2 Outlet,True,False,NFC RFID Classic
CH*CCI*E21257,Ladestation Ostringstrasse 10,Ostringstrasse 10,Oensingen,4702,47.28414,7.71919,22.0,AC_3_PHASE,32,230,Type 2 Outlet,True,False,NFC RFID Classic
CH*CCI*E21241,"Parkplatz Bergbahnen, Scuol",Via da la staziun 514 A,Scuol,7550,46.794321,10.288265,22.0,AC_3_PHASE,32,230,Type 2 Outlet,True,False,NFC RFID Classic
CH*CCI*E20394,SIG Chêne-Bourg Parking Antoine-Floquet,Rue Antoine-Floquet 6,Chêne-Bourg,1225,46.194697,6.194943,22.0,AC_3_PHASE,32,230,Type 2 Outlet,True,False,NFC RFID Classic
CH*CCI*E21243,"Parkplatz Schulhaus, Scuol",Bagnera 170,Scuol,7550,46.796847,10.302437,22.0,AC_3_PHASE,32,230,Type 2 Outlet,True,False,NFC RFID Classic
CH*CCI*E21242,"Parkplatz Bergbahnen, Scuol",Via da la staziun 514 A,Scuol,7550,46.794321,10.288265,22.0,AC_3_PHASE,32,230,Type 2 Outlet,True,False,NFC RFID Classic
CH*CCI*E20398,MOVE -  Noiraigue,Rue de l'Areuse,Noiraigue,2103,46.953742,6.724183,22.0,AC_3_PHASE,32,230,Type 2 Outlet,True,False,NFC RFID Classic
CH*CCI*E21244,"Parkplatz Schulhaus, Scuol",Bagnera 170,Scuol,7550,46.796847,10.302437,22.0,AC_3_PHASE,32,230,Type 2 Outlet,True,False,NFC RFID Classic
CH*CCI*E20397,MOVE -  Noiraigue,Rue de l'Areuse,Noiraigue,2103,46.953742,6.724183,22.0,AC_3_PHASE,32,230,Type 2 Outlet,True,False,NFC RFID Classic
CH*CCI*E20399,MOVE -  Noiraigue,Rue de l'Areuse,Noiraigue,2103,46.953742,6.724183,22.0,AC_3_PHASE,32,230,Type 2 Outlet,True,False,NFC RFID Classic
CH*CCI*E20392,MOVE Aare Energie AG - Schützi Olten,Schützenmattweg 18,Olten,4600,47.34891,7.90275,22.0,AC_3_PHASE,32,230,Type 2 Outlet,True,False,NFC RFID Classic
CH*CCI*E20391,MOVE Aare Energie AG - Schützi Olten,Schützenmattweg 18,Olten,4600,47.34891,7.90275,22.0,AC_3_PHASE,32,230,Type 2 Outlet,True,False,NFC RFID Classic
CH*CCI*E21238,MOVE Altenmattenweg Besucher,Altenmattenweg,Arlesheim,4144,47.494236,7.607881,11.0,AC_3_PHASE,16,230,Type 2 Outlet,True,False,NFC RFID Classic
CH*CCI*E21237,MOVE Altenmattenweg Besucher,Altenmattenweg,Arlesheim,4144,47.494236,7.607881,11.0,AC_3_PHASE,16,230,Type 2 Outlet,True,False,NFC RFID Classic
CH*CCI*E21239,MOVE Zehentenplatz 1 Willisau,Zehntenpl. 2,Willisau,6130,47.119726,7.988063,22.0,AC_3_PHASE,32,230,Type 2 Outlet,True,False,NFC RFID Classic
CH*CCI*E21230,MOVE-Parkplatz Bahnhof Staad,Poststrasse,Staad SG,9422,47.48012,9.53425,22.0,AC_3_PHASE,32,230,Type 2 Outlet,True,False,NFC RFID Classic
CH*CCI*E20383,SIG ICC Aéroport Parking - P-4,Route de Pré-Bois 20,Genève,1215,46.224439,6.100978,22.0,AC_3_PHASE,32,230,Type 2 Outlet,True,False,NFC RFID Classic
CH*CCI*E20382,SIG ICC Aéroport Parking - P-4,Route de Pré-Bois 20,Genève,1215,46.224439,6.100978,22.0,AC_3_PHASE,32,230,Type 2 Outlet,True,False,NFC RFID Classic
CH*CCI*E21232,MOVE - Im Zentrum Goldach,Blumenstrasse 2,Goldach,9403,47.47493,9.46645,22.0,AC_3_PHASE,32,230,Type 2 Outlet,True,False,NFC RFID Classic
CH*CCI*E20385,SIG ICC Aéroport Parking - P-4,Route de Pré-Bois 20,Genève,1215,46.224439,6.100978,22.0,AC_3_PHASE,32,230,Type 2 Outlet,True,False,NFC RFID Classic
CH*CCI*E21231,MOVE - Im Zentrum Goldach,Blumenstrasse 2,Goldach,9403,47.47493,9.46645,22.0,AC_3_PHASE,32,230,Type 2 Outlet,True,False,NFC RFID Classic
CH*CCI*E20384,SIG ICC Aéroport Parking - P-4,Route de Pré-Bois 20,Genève,1215,46.224439,6.100978,22.0,AC_3_PHASE,32,230,Type 2 Outlet,True,False,NFC RFID Classic
CH*CCI*E20387,MOVE - Oftringen,Zürichstrasse 52,Oftringen,4665,47.311283,7.935439,22.0,AC_3_PHASE,32,230,Type 2 Outlet,True,False,NFC RFID Classic
CH*CCI*E20386,SIG ICC Aéroport Parking - P-4,Route de Pré-Bois 20,Genève,1215,46.224439,6.100978,22.0,AC_3_PHASE,32,230,Type 2 Outlet,True,False,NFC RFID Classic
CH*CCI*E20389,MOVE - Oftringen,Zürichstrasse 52,Oftringen,4665,47.311283,7.935439,22.0,AC_3_PHASE,32,230,Type 2 Outlet,True,False,NFC RFID Classic
CH*CCI*E23006,Energie Kreuzlingen Marktstrasse,Marktstrasse,Kreuzlingen,8280,47.648504,9.172974,60.0,DC,150,400,CCS Combo 2 Plug (Cable Attached),True,False,NFC RFID Classic
CH*CCI*E23007,Energie Kreuzlingen Marktstrasse,Marktstrasse,Kreuzlingen,8280,47.648504,9.172974,43.0,AC_3_PHASE,62,230,Type 2 Outlet,True,False,NFC RFID Classic
CH*CCI*E22157,Borne EST gauche,Route du Triboulet 10,Monthey,1870,46.245895,6.959808,22.0,AC_3_PHASE,32,230,Type 2 Outlet,True,False,NFC RFID Classic
CH*CCI*E23004,Energie Kreuzlingen Marktstrasse,Marktstrasse,Kreuzlingen,8280,47.648504,9.172974,22.0,AC_3_PHASE,32,230,Type 2 Outlet,True,False,NFC RFID Classic
CH*CCI*E22158,Borne EST droite,Route du Triboulet 10,Monthey,1870,46.245895,6.959808,22.0,AC_3_PHASE,32,230,Type 2 Outlet,True,False,NFC RFID Classic
CH*CCI*E23005,Energie Kreuzlingen Marktstrasse,Marktstrasse,Kreuzlingen,8280,47.648504,9.172974,60.0,DC,150,400,CHAdeMO,True,False,NFC RFID Classic
CH*CCI*E21296,ELI10 - Parking de la Gouille,chemin des Graviers,Cortaillod,2016,46.94128,6.85283,22.0,AC_3_PHASE,32,230,Type 2 Outlet,True,False,NFC RFID Classic
CH*CCI*E22144,MOVE - Maestrani Flawil,Toggenburgerstrasse 41,Flawil,9230,47.413193,9.165126,22.0,AC_3_PHASE,32,230,Type 2 Outlet,True,False,NFC RFID Classic
CH*CCI*E21295,ELI10 - Parking de la Gouille,chemin des Graviers,Cortaillod,2016,46.94128,6.85283,22.0,AC_3_PHASE,32,230,Type 2 Outlet,True,False,NFC RFID Classic
CH*CCI*E22145,MOVE - Lindensaal Flawil,Lindenstrasse,Flawil,9230,47.411857,9.193646,22.0,AC_3_PHASE,32,230,Type 2 Outlet,True,False,NFC RFID Classic
CH*CCI*E21298,ELI10 - Parking des Vergers,Rue des Vergers,Cortaillod,2016,46.94174,6.84456,22.0,AC_3_PHASE,32,230,Type 2 Outlet,True,False,NFC RFID Classic
CH*CCI*E21297,ELI10 - Parking des Vergers,Rue des Vergers,Cortaillod,2016,46.94174,6.84456,22.0,AC_3_PHASE,32,230,Type 2 Outlet,True,False,NFC RFID Classic
CH*CCI*E22143,MOVE - Maestrani Flawil,Toggenburgerstrasse 41,Flawil,9230,47.413193,9.165126,22.0,AC_3_PHASE,32,230,Type 2 Outlet,True,False,NFC RFID Classic
CH*CCI*E22148,MOVE - Tennisplatz Flawil,Sonnegg,Flawil,9230,47.417587,9.16878,22.0,AC_3_PHASE,32,230,Type 2 Outlet,True,False,NFC RFID Classic
CH*CCI*E21299,ELI10 - Parking du Carraz,Impasse de Carraz 1,Cortaillod,2016,46.94706,6.85258,22.0,AC_3_PHASE,32,230,Type 2 Outlet,True,False,NFC RFID Classic
CH*CCI*E22149,MOVE - Tennisplatz Flawil,Sonnegg,Flawil,9230,47.417587,9.16878,22.0,AC_3_PHASE,32,230,Type 2 Outlet,True,False,NFC RFID Classic
CH*CCI*E22146,MOVE - Lindensaal Flawil,Lindenstrasse,Flawil,9230,47.411857,9.193646,22.0,AC_3_PHASE,32,230,Type 2 Outlet,True,False,NFC RFID Classic
CH*CCI*E21290,ELI10 - Administration communale,chemin des Draizes 2,Cortaillod,2016,46.94308,6.84355,22.0,AC_3_PHASE,32,230,Type 2 Outlet,True,False,NFC RFID Classic
CH*CCI*E22140,Géronde,Chemin des Bernardines 45,Sierre,3960,46.285617,7.545196,22.0,AC_3_PHASE,32,230,Type 2 Outlet,True,False,NFC RFID Classic
CH*CCC*E50507,SIG Hôpital La Tour Parking,Avenue J.-D. Maillard 3,Meyrin,1217,46.228018,6.066377,22.0,AC_3_PHASE,32,230,Type 2 Outlet,True,False,NFC RFID Classic
CH*CCI*E21292,"MOVE - Parkhaus Hofmatt, Kriens",Hofmattweg 4,Kriens,6010,47.032998,8.282416,22.0,AC_3_PHASE,32,230,Type 2 Outlet,True,False,NFC RFID Classic
CH*CCC*E50508,SIG Hôpital La Tour Parking,Avenue J.-D. Maillard 3,Meyrin,1217,46.228018,6.066377,22.0,AC_3_PHASE,32,230,Type 2 Outlet,True,False,NFC RFID Classic
CH*CCI*E21291,"MOVE - Parkhaus Hofmatt, Kriens",Hofmattweg 4,Kriens,6010,47.032998,8.282416,22.0,AC_3_PHASE,32,230,Type 2 Outlet,True,False,NFC RFID Classic
CH*CCC*E50509,SIG Hôpital La Tour Parking,Avenue J.-D. Maillard 3,Meyrin,1217,46.228018,6.066377,22.0,AC_3_PHASE,32,230,Type 2 Outlet,True,False,NFC RFID Classic
CH*CCI*E21294,"MOVE - Parkhaus Hofmatt, Kriens",Hofmattweg 4,Kriens,6010,47.032998,8.282416,22.0,AC_3_PHASE,32,230,Type 2 Outlet,True,False,NFC RFID Classic
CH*CCI*E21293,"MOVE - Parkhaus Hofmatt, Kriens",Hofmattweg 4,Kriens,6010,47.032998,8.282416,22.0,AC_3_PHASE,32,230,Type 2 Outlet,True,False,NFC RFID Classic
CH*CCC*E50503,SIG Hôpital La Tour Parking,Avenue J.-D. Maillard 3,Meyrin,1217,46.228018,6.066377,22.0,AC_3_PHASE,32,230,Type 2 Outlet,True,False,NFC RFID Classic
CH*CCC*E50504,SIG Hôpital La Tour Parking,Avenue J.-D. Maillard 3,Meyrin,1217,46.228018,6.066377,22.0,AC_3_PHASE,32,230,Type 2 Outlet,True,False,NFC RFID Classic
CH*CCC*E50505,SIG Hôpital La Tour Parking,Avenue J.-D. Maillard 3,Meyrin,1217,46.228018,6.066377,22.0,AC_3_PHASE,32,230,Type 2 Outlet,True,False,NFC RFID Classic
CH*CCC*E50506,SIG Hôpital La Tour Parking,Avenue J.-D. Maillard 3,Meyrin,1217,46.228018,6.066377,22.0,AC_3_PHASE,32,230,Type 2 Outlet,True,False,NFC RFID Classic
CH*CCC*E50500,MOVE - Aigle parking Chevron 2,Av. du Cloitre,Aigle,1860,46.317123,6.970925,24.0,DC,60,400,CCS Combo 2 Plug (Cable Attached),True,False,NFC RFID Classic
CH*CCC*E50501,SIG Hôpital La Tour Parking,Avenue J.-D. Maillard 3,Meyrin,1217,46.228018,6.066377,22.0,AC_3_PHASE,32,230,Type 2 Outlet,True,False,NFC RFID Classic
CH*CCC*E50502,SIG Hôpital La Tour Parking,Avenue J.-D. Maillard 3,Meyrin,1217,46.228018,6.066377,22.0,AC_3_PHASE,32,230,Type 2 Outlet,True,False,NFC RFID Classic
CH*CCI*E22139,Villa Moncalme / J.-P.Beuret,Les Lignières 16,Travers,2105,46.944176,6.678698,11.0,AC_3_PHASE,16,230,Type 2 Outlet,True,False,NFC RFID Classic
CH*CCI*E22133,Sport- und Erholungsanlage Kellen,Sportfeldstrasse,Tübach,9327,47.477966,9.457749,22.0,AC_3_PHASE,32,230,Type 2 Outlet,True,False,NFC RFID Classic
CH*CCI*E22134,Sport- und Erholungsanlage Kellen,Sportfeldstrasse,Tübach,9327,47.477966,9.457749,22.0,AC_3_PHASE,32,230,Type 2 Outlet,True,False,NFC RFID Classic
CH*CCI*E22131,Sport- und Erholungsanlage Kellen,Sportfeldstrasse,Tübach,9327,47.477966,9.457749,22.0,AC_3_PHASE,32,230,Type 2 Outlet,True,False,NFC RFID Classic
CH*CCI*E22132,Sport- und Erholungsanlage Kellen,Sportfeldstrasse,Tübach,9327,47.477966,9.457749,22.0,AC_3_PHASE,32,230,Type 2 Outlet,True,False,NFC RFID Classic
CH*CCI*E21289,ELI10 - Administration communale,chemin des Draizes 2,Cortaillod,2016,46.94308,6.84355,22.0,AC_3_PHASE,32,230,Type 2 Outlet,True,False,NFC RFID Classic
CH*CCI*E22135,Géronde,Chemin des Bernardines 45,Sierre,3960,46.285617,7.545196,22.0,AC_3_PHASE,32,230,Type 2 Outlet,True,False,NFC RFID Classic
CH*CCI*E22130,MOVE - Wyna Garage,Hauptstrasse 15,Menziken,5737,47.24576,8.18844,22.0,AC_3_PHASE,32,230,Type 2 Outlet,True,False,NFC RFID Classic
CH*CCI*E21280,MOVE - Parking Poste - Montbrillant,Rue de Montbrillant 38,Genève,1201,46.214323,6.142729,22.0,AC_3_PHASE,32,230,Type 2 Outlet,True,False,NFC RFID Classic
CH*CCI*E22128,MOVE - Bern Forsthaus (Compatible with older Tesla,Murtenstrasse 98,Bern,3008,46.95226,7.416771,50.0,DC,125,400,CHAdeMO,True,False,NFC RFID Classic
CH*CCI*E22129,MOVE - Bern Forsthaus (Compatible with older Tesla,Murtenstrasse 98,Bern,3008,46.95226,7.416771,43.0,AC_3_PHASE,62,230,Type 2 Connector (Cable Attached),True,False,NFC RFID Classic
CH*CCI*E22122,MOVE - Bern-Niederwangen,Wangenstrasse 102,Bern,3018,46.932968,7.386128,100.0,DC,250,400,CCS Combo 2 Plug (Cable Attached),True,False,NFC RFID Classic
CH*CCI*E21274,MOVE - Parking Poste - Montbrillant,Rue de Montbrillant 38,Genève,1201,46.214323,6.142729,22.0,AC_3_PHASE,32,230,Type 2 Outlet,True,False,NFC RFID Classic
CH*CCI*E22123,MOVE - Bern-Niederwangen,Wangenstrasse 102,Bern,3018,46.932968,7.386128,50.0,DC,125,400,CHAdeMO,True,False,NFC RFID Classic
CH*CCI*E21273,MOVE - Parking Poste - Montbrillant,Rue de Montbrillant 38,Genève,1201,46.214323,6.142729,22.0,AC_3_PHASE,32,230,Type 2 Outlet,True,False,NFC RFID Classic
CH*CCI*E22120,MOVE - Bern-Niederwangen,Wangenstrasse 102,Bern,3018,46.932968,7.386128,100.0,DC,250,400,CCS Combo 2 Plug (Cable Attached),True,False,NFC RFID Classic
CH*CCI*E21276,MOVE - Parking Poste - Montbrillant,Rue de Montbrillant 38,Genève,1201,46.214323,6.142729,22.0,AC_3_PHASE,32,230,Type 2 Outlet,True,False,NFC RFID Classic
CH*CCI*E22121,MOVE - Bern-Niederwangen,Wangenstrasse 102,Bern,3018,46.932968,7.386128,22.0,AC_3_PHASE,32,230,Type 2 Outlet,True,False,NFC RFID Classic
CH*CCI*E21275,MOVE - Parking Poste - Montbrillant,Rue de Montbrillant 38,Genève,1201,46.214323,6.142729,22.0,AC_3_PHASE,32,230,Type 2 Outlet,True,False,NFC RFID Classic
CH*CCI*E22126,MOVE - Bern Forsthaus (Compatible with older Tesla,Murtenstrasse 98,Bern,3008,46.95226,7.416771,22.0,AC_3_PHASE,32,230,Type 2 Outlet,True,False,NFC RFID Classic
CH*CCI*E21278,MOVE - Parking Poste - Montbrillant,Rue de Montbrillant 38,Genève,1201,46.214323,6.142729,22.0,AC_3_PHASE,32,230,Type 2 Outlet,True,False,NFC RFID Classic
CH*CCI*E22127,MOVE - Bern Forsthaus (Compatible with older Tesla,Murtenstrasse 98,Bern,3008,46.95226,7.416771,150.0,DC,375,400,CCS Combo 2 Plug (Cable Attached),True,False,NFC RFID Classic
CH*CCI*E21277,MOVE - Parking Poste - Montbrillant,Rue de Montbrillant 38,Genève,1201,46.214323,6.142729,22.0,AC_3_PHASE,32,230,Type 2 Outlet,True,False,NFC RFID Classic
CH*CCI*E22124,MOVE - Bern Forsthaus (Compatible with older Tesla,Murtenstrasse 98,Bern,3008,46.95226,7.416771,150.0,DC,375,400,CCS Combo 2 Plug (Cable Attached),True,False,NFC RFID Classic
CH*CCI*E22125,MOVE - Bern Forsthaus (Compatible with older Tesla,Murtenstrasse 98,Bern,3008,46.95226,7.416771,50.0,DC,125,400,Type 2 Connector (Cable Attached),True,False,NFC RFID Classic
CH*CCI*E21279,MOVE - Parking Poste - Montbrillant,Rue de Montbrillant 38,Genève,1201,46.214323,6.142729,22.0,AC_3_PHASE,32,230,Type 2 Outlet,True,False,NFC RFID Classic
CH*CCI*E21270,MOVE-Hengetenplatz Thal,Tobelmülistrasse 2,Thal SG,9425,47.46531,9.56764,22.0,AC_3_PHASE,32,230,Type 2 Outlet,True,False,NFC RFID Classic
CH*CCI*E23450,balexert P2,Av. Louis-Casaï 27,Genève,1209,46.218641,6.112537,22.0,AC_3_PHASE,32,230,Type 2 Outlet,True,False,NFC RFID Classic
CH*CCI*E21271,MOVE - Gelterkinden Rohrbachweg 2,Rohrbachweg 2,Gelterkinden,4460,47.464176,7.847752,22.0,AC_3_PHASE,32,230,Type 2 Outlet,True,False,NFC RFID Classic
